"../../../Engine/Plugins/2D/Paper2D/Content/PlaceholderTextures/DummySpriteTexture.ubulk" 0
"../../../Engine/Plugins/2D/Paper2D/Content/PlaceholderTextures/DummySpriteTexture.uasset" 1
"../../../Engine/Plugins/2D/Paper2D/Content/PlaceholderTextures/DummySpriteTexture.uexp" 2
"../../../Engine/Plugins/2D/Paper2D/Content/DummySprite.uasset" 3
"../../../Engine/Plugins/2D/Paper2D/Content/DummySprite.uexp" 4
"../../../Engine/Plugins/2D/Paper2D/Content/DefaultPaperTerrainMaterial.uasset" 5
"../../../Engine/Plugins/2D/Paper2D/Content/DefaultPaperTerrainMaterial.uexp" 6
"../../../Engine/Plugins/FX/NiagaraFluids/Content/NDC_Grid3D_Gas.uasset" 7
"../../../Engine/Plugins/FX/NiagaraFluids/Content/NDC_Grid3D_Gas.uexp" 8
"../../../Engine/Content/Animation/DefaultRecorderBoneCompression.uasset" 9
"../../../Engine/Content/Animation/DefaultRecorderBoneCompression.uexp" 10
"../../../Engine/Content/EngineMaterials/DefaultDestructiblePhysicalMaterial.uasset" 11
"../../../Engine/Content/EngineMaterials/DefaultDestructiblePhysicalMaterial.uexp" 12
"../../../Engine/Content/EngineFonts/Faces/DroidSansFallback.uexp" 13
"../../../Engine/Content/EngineFonts/Faces/DroidSansFallback.uasset" 14
"../../../Engine/Content/EngineFonts/Faces/DroidSansFallback.ufont" 15
"../../../Engine/Content/EngineFonts/Faces/RobotoRegular.uexp" 16
"../../../Engine/Content/EngineFonts/Faces/RobotoRegular.uasset" 17
"../../../Engine/Content/EngineFonts/Faces/RobotoRegular.ufont" 18
"../../../Engine/Content/EngineFonts/Faces/RobotoLight.uexp" 19
"../../../Engine/Content/EngineFonts/Faces/RobotoLight.uasset" 20
"../../../Engine/Content/EngineFonts/Faces/RobotoLight.ufont" 21
"../../../Engine/Content/EngineFonts/Faces/RobotoItalic.uexp" 22
"../../../Engine/Content/EngineFonts/Faces/RobotoItalic.uasset" 23
"../../../Engine/Content/EngineFonts/Faces/RobotoItalic.ufont" 24
"../../../Engine/Content/EngineFonts/Faces/RobotoBoldItalic.uexp" 25
"../../../Engine/Content/EngineFonts/Faces/RobotoBoldItalic.uasset" 26
"../../../Engine/Content/EngineFonts/Faces/RobotoBoldItalic.ufont" 27
"../../../Engine/Content/EngineFonts/Faces/RobotoBold.uexp" 28
"../../../Engine/Content/EngineFonts/Faces/RobotoBold.uasset" 29
"../../../Engine/Content/EngineFonts/Faces/RobotoBold.ufont" 30
"../../../Engine/Content/EngineFonts/Roboto.uasset" 31
"../../../Engine/Content/EngineFonts/Roboto.uexp" 32
"../../../Engine/Content/EngineFonts/Faces/DroidSansMono.uexp" 33
"../../../Engine/Content/EngineFonts/Faces/DroidSansMono.uasset" 34
"../../../Engine/Content/EngineFonts/Faces/DroidSansMono.ufont" 35
"../../../Engine/Content/EngineFonts/DroidSansMono.uasset" 36
"../../../Engine/Content/EngineFonts/DroidSansMono.uexp" 37
"../../../Engine/Plugins/Marketplace/MetaXR/Content/Materials/MPC_Highlights.uasset" 38
"../../../Engine/Plugins/Marketplace/MetaXR/Content/Materials/MPC_Highlights.uexp" 39
"../../../Engine/Plugins/Interchange/Runtime/Content/Pipelines/DefaultTexturePipeline.uasset" 40
"../../../Engine/Plugins/Interchange/Runtime/Content/Pipelines/DefaultTexturePipeline.uexp" 41
"../../../Engine/Plugins/Interchange/Runtime/Content/Pipelines/DefaultSceneLevelPipeline.uasset" 42
"../../../Engine/Plugins/Interchange/Runtime/Content/Pipelines/DefaultSceneLevelPipeline.uexp" 43
"../../../Engine/Plugins/Interchange/Runtime/Content/Pipelines/DefaultSceneAssetsPipeline.uasset" 44
"../../../Engine/Plugins/Interchange/Runtime/Content/Pipelines/DefaultSceneAssetsPipeline.uexp" 45
"../../../Engine/Plugins/Interchange/Runtime/Content/Pipelines/DefaultMaterialXPipeline.uasset" 46
"../../../Engine/Plugins/Interchange/Runtime/Content/Pipelines/DefaultMaterialXPipeline.uexp" 47
"../../../Engine/Plugins/Interchange/Runtime/Content/Pipelines/DefaultMaterialPipeline.uasset" 48
"../../../Engine/Plugins/Interchange/Runtime/Content/Pipelines/DefaultMaterialPipeline.uexp" 49
"../../../Engine/Plugins/Interchange/Runtime/Content/Pipelines/DefaultGLTFSceneAssetsPipeline.uasset" 50
"../../../Engine/Plugins/Interchange/Runtime/Content/Pipelines/DefaultGLTFSceneAssetsPipeline.uexp" 51
"../../../Engine/Plugins/Interchange/Runtime/Content/Pipelines/DefaultGLTFPipeline.uasset" 52
"../../../Engine/Plugins/Interchange/Runtime/Content/Pipelines/DefaultGLTFPipeline.uexp" 53
"../../../Engine/Plugins/Interchange/Runtime/Content/Pipelines/DefaultGLTFAssetsPipeline.uasset" 54
"../../../Engine/Plugins/Interchange/Runtime/Content/Pipelines/DefaultGLTFAssetsPipeline.uexp" 55
"../../../Engine/Plugins/Interchange/Runtime/Content/Pipelines/DefaultAssetsPipeline.uasset" 56
"../../../Engine/Plugins/Interchange/Runtime/Content/Pipelines/DefaultAssetsPipeline.uexp" 57
"../../../Engine/Plugins/Experimental/Water/Content/Waves/GerstnerWaves_Ocean.uasset" 58
"../../../Engine/Plugins/Experimental/Water/Content/Waves/GerstnerWaves_Ocean.uexp" 59
"../../../Engine/Plugins/Experimental/Water/Content/Waves/GerstnerWaves_Lake.uasset" 60
"../../../Engine/Plugins/Experimental/Water/Content/Waves/GerstnerWaves_Lake.uexp" 61
"../../../Engine/Plugins/Animation/ControlRig/Content/Controls/DefaultGizmoLibraryNormalized.uasset" 62
"../../../Engine/Plugins/Animation/ControlRig/Content/Controls/DefaultGizmoLibraryNormalized.uexp" 63
"../../../Engine/Content/EngineSounds/Master.uasset" 64
"../../../Engine/Content/EngineSounds/Master.uexp" 65
"../../../Engine/Plugins/Experimental/WaterAdvanced/Content/Niagara/DataChannels/NDC_ShallowWater.uasset" 66
"../../../Engine/Plugins/Experimental/WaterAdvanced/Content/Niagara/DataChannels/NDC_ShallowWater.uexp" 67
"../../../Engine/Plugins/Experimental/Water/Content/Materials/MPC/MPC_Water.uasset" 68
"../../../Engine/Plugins/Experimental/Water/Content/Materials/MPC/MPC_Water.uexp" 69
"../../../Engine/Content/EngineResources/GradientTexture0.uasset" 70
"../../../Engine/Content/EngineResources/GradientTexture0.uexp" 71
"../../../Engine/Content/EditorResources/S_Actor.ubulk" 72
"../../../Engine/Content/EditorResources/S_Actor.uasset" 73
"../../../Engine/Content/EditorResources/S_Actor.uexp" 74
"../../../Engine/Content/EditorResources/S_Trigger.ubulk" 75
"../../../Engine/Content/EditorResources/S_Trigger.uasset" 76
"../../../Engine/Content/EditorResources/S_Trigger.uexp" 77
"../../../Engine/Content/EditorResources/S_BoxReflectionCapture.uasset" 78
"../../../Engine/Content/EditorResources/S_BoxReflectionCapture.uexp" 79
"../../../Engine/Content/EditorResources/S_TriggerBox.uasset" 80
"../../../Engine/Content/EditorResources/S_TriggerBox.uexp" 81
"../../../Engine/Content/EditorResources/S_TriggerCapsule.uasset" 82
"../../../Engine/Content/EditorResources/S_TriggerCapsule.uexp" 83
"../../../Engine/Content/EditorResources/S_TriggerSphere.uasset" 84
"../../../Engine/Content/EditorResources/S_TriggerSphere.uexp" 85
"../../../Engine/Content/EngineMeshes/Sphere.ubulk" 86
"../../../Engine/Content/EngineMeshes/Sphere.uasset" 87
"../../../Engine/Content/EngineMeshes/Sphere.uexp" 88
"../../../Engine/Plugins/NNE/NNEDenoiser/Content/NNEDTOM_Output_Default.uasset" 89
"../../../Engine/Plugins/NNE/NNEDenoiser/Content/NNEDTOM_Output_Default.uexp" 90
"../../../Engine/Plugins/NNE/NNEDenoiser/Content/NNEDTOM_Output_Alpha.uasset" 91
"../../../Engine/Plugins/NNE/NNEDenoiser/Content/NNEDTOM_Output_Alpha.uexp" 92
"../../../Engine/Plugins/NNE/NNEDenoiser/Content/NNEDTIM_ColorAlbedoNormal_Default.uasset" 93
"../../../Engine/Plugins/NNE/NNEDenoiser/Content/NNEDTIM_ColorAlbedoNormal_Default.uexp" 94
"../../../Engine/Plugins/NNE/NNEDenoiser/Content/NNEDTIM_ColorAlbedoNormal_Alpha.uasset" 95
"../../../Engine/Plugins/NNE/NNEDenoiser/Content/NNEDTIM_ColorAlbedoNormal_Alpha.uexp" 96
"../../../Engine/Plugins/NNE/NNEDenoiser/Content/NNEDOM_Output_Default.uasset" 97
"../../../Engine/Plugins/NNE/NNEDenoiser/Content/NNEDOM_Output_Default.uexp" 98
"../../../Engine/Plugins/NNE/NNEDenoiser/Content/NNEDOM_Output_Alpha.uasset" 99
"../../../Engine/Plugins/NNE/NNEDenoiser/Content/NNEDOM_Output_Alpha.uexp" 100
"../../../Engine/Plugins/NNE/NNEDenoiser/Content/NNEDIM_HighQuality_Default.uasset" 101
"../../../Engine/Plugins/NNE/NNEDenoiser/Content/NNEDIM_HighQuality_Default.uexp" 102
"../../../Engine/Plugins/NNE/NNEDenoiser/Content/NNEDIM_HighQuality_Alpha.uasset" 103
"../../../Engine/Plugins/NNE/NNEDenoiser/Content/NNEDIM_HighQuality_Alpha.uexp" 104
"../../../Engine/Plugins/NNE/NNEDenoiser/Content/NNEDIM_ColorAlbedoNormal_Default.uasset" 105
"../../../Engine/Plugins/NNE/NNEDenoiser/Content/NNEDIM_ColorAlbedoNormal_Default.uexp" 106
"../../../Engine/Plugins/NNE/NNEDenoiser/Content/NNEDIM_ColorAlbedoNormal_Alpha.uasset" 107
"../../../Engine/Plugins/NNE/NNEDenoiser/Content/NNEDIM_ColorAlbedoNormal_Alpha.uexp" 108
"../../../Engine/Content/EngineMaterials/T_Default_Material_Grid_M.ubulk" 109
"../../../Engine/Content/EngineMaterials/T_Default_Material_Grid_M.uasset" 110
"../../../Engine/Content/EngineMaterials/T_Default_Material_Grid_M.uexp" 111
"../../../Engine/Content/Functions/Engine_MaterialFunctions01/Opacity/CameraDepthFade.uasset" 112
"../../../Engine/Content/Functions/Engine_MaterialFunctions01/Opacity/CameraDepthFade.uexp" 113
"../../../Engine/Content/EngineMaterials/T_Default_Material_Grid_N.ubulk" 114
"../../../Engine/Content/EngineMaterials/T_Default_Material_Grid_N.uasset" 115
"../../../Engine/Content/EngineMaterials/T_Default_Material_Grid_N.uexp" 116
"../../../Engine/Content/EngineMaterials/WorldGridMaterial.uasset" 117
"../../../Engine/Content/EngineMaterials/WorldGridMaterial.uexp" 118
"../../../Engine/Plugins/Media/MediaPlate/Content/SM_MediaPlateScreen.ubulk" 119
"../../../Engine/Plugins/Media/MediaPlate/Content/SM_MediaPlateScreen.uasset" 120
"../../../Engine/Plugins/Media/MediaPlate/Content/SM_MediaPlateScreen.uexp" 121
"../../../Engine/Content/Functions/Engine_MaterialFunctions02/WorldPositionOffset/CameraOffset.uasset" 122
"../../../Engine/Content/Functions/Engine_MaterialFunctions02/WorldPositionOffset/CameraOffset.uexp" 123
"../../../Engine/Plugins/Animation/ControlRig/Content/M_Manip.uasset" 124
"../../../Engine/Plugins/Animation/ControlRig/Content/M_Manip.uexp" 125
"../../../Engine/Content/EditorLandscapeResources/SplineEditorMeshMat.uasset" 126
"../../../Engine/Content/EditorLandscapeResources/SplineEditorMeshMat.uexp" 127
"../../../Engine/Content/EditorLandscapeResources/SplineEditorMesh.ubulk" 128
"../../../Engine/Content/EditorLandscapeResources/SplineEditorMesh.uasset" 129
"../../../Engine/Content/EditorLandscapeResources/SplineEditorMesh.uexp" 130
"../../../Engine/Content/EditorLandscapeResources/WhiteSquareTexture.uasset" 131
"../../../Engine/Content/EditorLandscapeResources/WhiteSquareTexture.uexp" 132
"../../../Engine/Content/EditorLandscapeResources/LayerVisMaterial.uasset" 133
"../../../Engine/Content/EditorLandscapeResources/LayerVisMaterial.uexp" 134
"../../../Engine/Content/Functions/Engine_MaterialFunctions02/Utility/BreakOutFloat2Components.uasset" 135
"../../../Engine/Content/Functions/Engine_MaterialFunctions02/Utility/BreakOutFloat2Components.uexp" 136
"../../../Engine/Content/Functions/Engine_MaterialFunctions01/Texturing/ScaleUVsByCenter.uasset" 137
"../../../Engine/Content/Functions/Engine_MaterialFunctions01/Texturing/ScaleUVsByCenter.uexp" 138
"../../../Engine/Content/Functions/Engine_MaterialFunctions02/WorldPositionOffset/LocalPosition.uasset" 139
"../../../Engine/Content/Functions/Engine_MaterialFunctions02/WorldPositionOffset/LocalPosition.uexp" 140
"../../../Engine/Content/EngineMaterials/DefaultDiffuse.ubulk" 141
"../../../Engine/Content/EngineMaterials/DefaultDiffuse.uasset" 142
"../../../Engine/Content/EngineMaterials/DefaultDiffuse.uexp" 143
"../../../Engine/Content/Functions/Engine_MaterialFunctions01/Texturing/TextureCropping.uasset" 144
"../../../Engine/Content/Functions/Engine_MaterialFunctions01/Texturing/TextureCropping.uexp" 145
"../../../Engine/Content/Functions/Engine_MaterialFunctions02/ExampleContent/DebugNumberStrip.uasset" 146
"../../../Engine/Content/Functions/Engine_MaterialFunctions02/ExampleContent/DebugNumberStrip.uexp" 147
"../../../Engine/Content/Functions/Engine_MaterialFunctions01/Debug/DebugIntValues.uasset" 148
"../../../Engine/Content/Functions/Engine_MaterialFunctions01/Debug/DebugIntValues.uexp" 149
"../../../Engine/Content/EditorLandscapeResources/LandscapeLayerUsageMaterial.uasset" 150
"../../../Engine/Content/EditorLandscapeResources/LandscapeLayerUsageMaterial.uexp" 151
"../../../Engine/Content/EditorLandscapeResources/DefaultAlphaTexture.uasset" 152
"../../../Engine/Content/EditorLandscapeResources/DefaultAlphaTexture.uexp" 153
"../../../Engine/Content/EditorLandscapeResources/LandscapeDirtyMaterial.uasset" 154
"../../../Engine/Content/EditorLandscapeResources/LandscapeDirtyMaterial.uexp" 155
"../../../Engine/Content/BasicShapes/Plane.ubulk" 156
"../../../Engine/Content/BasicShapes/Plane.uasset" 157
"../../../Engine/Content/BasicShapes/Plane.uexp" 158
"../../../Engine/Content/EngineMaterials/DefaultMaterial.uasset" 159
"../../../Engine/Content/EngineMaterials/DefaultMaterial.uexp" 160
"../../../Engine/Content/BasicShapes/Cone.ubulk" 161
"../../../Engine/Content/BasicShapes/Cone.uasset" 162
"../../../Engine/Content/BasicShapes/Cone.uexp" 163
"../../../Engine/Content/EngineMaterials/WeightMapPlaceholderTexture.uasset" 164
"../../../Engine/Content/EngineMaterials/WeightMapPlaceholderTexture.uexp" 165
"../../../Engine/Content/EngineMaterials/WeightMapArrayPlaceholderTexture.uasset" 166
"../../../Engine/Content/EngineMaterials/WeightMapArrayPlaceholderTexture.uexp" 167
"../../../Engine/Content/EngineMaterials/RemoveSurfaceMaterial.uasset" 168
"../../../Engine/Content/EngineMaterials/RemoveSurfaceMaterial.uexp" 169
"../../../Engine/Content/EngineMaterials/PreintegratedSkinBRDF.uasset" 170
"../../../Engine/Content/EngineMaterials/PreintegratedSkinBRDF.uexp" 171
"../../../Engine/Content/EngineMaterials/DefaultCalibrationGrayscale.uasset" 172
"../../../Engine/Content/EngineMaterials/DefaultCalibrationGrayscale.uexp" 173
"../../../Engine/Content/EngineMaterials/PPM_DefaultCalibrationGrayscale.uasset" 174
"../../../Engine/Content/EngineMaterials/PPM_DefaultCalibrationGrayscale.uexp" 175
"../../../Engine/Content/EngineMaterials/DefaultCalibrationColor.uasset" 176
"../../../Engine/Content/EngineMaterials/DefaultCalibrationColor.uexp" 177
"../../../Engine/Content/EngineMaterials/PPM_DefaultCalibrationColor.uasset" 178
"../../../Engine/Content/EngineMaterials/PPM_DefaultCalibrationColor.uexp" 179
"../../../Engine/Content/EngineMaterials/PhAT_JointLimitMaterial.uasset" 180
"../../../Engine/Content/EngineMaterials/PhAT_JointLimitMaterial.uexp" 181
"../../../Engine/Content/EngineMaterials/NaniteHiddenSectionMaterial.uasset" 182
"../../../Engine/Content/EngineMaterials/NaniteHiddenSectionMaterial.uexp" 183
"../../../Engine/Content/EngineMaterials/InvalidLightmapSettings.ubulk" 184
"../../../Engine/Content/EngineMaterials/InvalidLightmapSettings.uasset" 185
"../../../Engine/Content/EngineMaterials/InvalidLightmapSettings.uexp" 186
"../../../Engine/Content/EngineMaterials/M_InvalidLightmapSettings.uasset" 187
"../../../Engine/Content/EngineMaterials/M_InvalidLightmapSettings.uexp" 188
"../../../Engine/Content/EngineMaterials/MiniFont.uasset" 189
"../../../Engine/Content/EngineMaterials/MiniFont.uexp" 190
"../../../Engine/Content/EngineMaterials/GizmoMaterial.uasset" 191
"../../../Engine/Content/EngineMaterials/GizmoMaterial.uexp" 192
"../../../Engine/Content/EngineMaterials/BaseFlattenDiffuseMap_VT.ubulk" 193
"../../../Engine/Content/EngineMaterials/BaseFlattenDiffuseMap_VT.uasset" 194
"../../../Engine/Content/EngineMaterials/BaseFlattenDiffuseMap_VT.uexp" 195
"../../../Engine/Content/EngineMaterials/BaseFlattenEmissiveMap_VT.ubulk" 196
"../../../Engine/Content/EngineMaterials/BaseFlattenEmissiveMap_VT.uasset" 197
"../../../Engine/Content/EngineMaterials/BaseFlattenEmissiveMap_VT.uexp" 198
"../../../Engine/Content/EngineMaterials/BaseFlattenGrayscaleMap_VT.ubulk" 199
"../../../Engine/Content/EngineMaterials/BaseFlattenGrayscaleMap_VT.uasset" 200
"../../../Engine/Content/EngineMaterials/BaseFlattenGrayscaleMap_VT.uexp" 201
"../../../Engine/Content/EngineMaterials/BaseFlattenLinearColor_VT.ubulk" 202
"../../../Engine/Content/EngineMaterials/BaseFlattenLinearColor_VT.uasset" 203
"../../../Engine/Content/EngineMaterials/BaseFlattenLinearColor_VT.uexp" 204
"../../../Engine/Content/EngineMaterials/BaseFlattenNormalMap_VT.ubulk" 205
"../../../Engine/Content/EngineMaterials/BaseFlattenNormalMap_VT.uasset" 206
"../../../Engine/Content/EngineMaterials/BaseFlattenNormalMap_VT.uexp" 207
"../../../Engine/Content/EngineMaterials/Black_1x1_EXR_Texture_VT.ubulk" 208
"../../../Engine/Content/EngineMaterials/Black_1x1_EXR_Texture_VT.uasset" 209
"../../../Engine/Content/EngineMaterials/Black_1x1_EXR_Texture_VT.uexp" 210
"../../../Engine/Content/EngineMaterials/FlattenMaterial_WS_Normal_VT.uasset" 211
"../../../Engine/Content/EngineMaterials/FlattenMaterial_WS_Normal_VT.uexp" 212
"../../../Engine/Content/EngineMaterials/FlattenMaterial_VT.uasset" 213
"../../../Engine/Content/EngineMaterials/FlattenMaterial_VT.uexp" 214
"../../../Engine/Content/EngineMaterials/FastBlueNoise_vec2_128x128x64.uasset" 215
"../../../Engine/Content/EngineMaterials/FastBlueNoise_vec2_128x128x64.uexp" 216
"../../../Engine/Content/EngineMaterials/FastBlueNoise_scalar_128x128x8.uasset" 217
"../../../Engine/Content/EngineMaterials/FastBlueNoise_scalar_128x128x8.uexp" 218
"../../../Engine/Content/EngineMaterials/FastBlueNoise_scalar_128x128x64.uasset" 219
"../../../Engine/Content/EngineMaterials/FastBlueNoise_scalar_128x128x64.uexp" 220
"../../../Engine/Content/EngineMaterials/DefaultWhiteGrid_Low.uasset" 221
"../../../Engine/Content/EngineMaterials/DefaultWhiteGrid_Low.uexp" 222
"../../../Engine/Content/EngineMaterials/EmissiveMeshMaterial.uasset" 223
"../../../Engine/Content/EngineMaterials/EmissiveMeshMaterial.uexp" 224
"../../../Engine/Content/EngineMaterials/DefaultWhiteGrid.ubulk" 225
"../../../Engine/Content/EngineMaterials/DefaultWhiteGrid.uasset" 226
"../../../Engine/Content/EngineMaterials/DefaultWhiteGrid.uexp" 227
"../../../Engine/Content/EngineFonts/RobotoDistanceField.uasset" 228
"../../../Engine/Content/EngineFonts/RobotoDistanceField.uexp" 229
"../../../Engine/Content/EngineMaterials/DefaultTextMaterialOpaque.uasset" 230
"../../../Engine/Content/EngineMaterials/DefaultTextMaterialOpaque.uexp" 231
"../../../Engine/Content/EngineMaterials/DefaultPostProcessMaterial.uasset" 232
"../../../Engine/Content/EngineMaterials/DefaultPostProcessMaterial.uexp" 233
"../../../Engine/Content/EngineMaterials/DefaultLightFunctionMaterial.uasset" 234
"../../../Engine/Content/EngineMaterials/DefaultLightFunctionMaterial.uexp" 235
"../../../Engine/Content/EngineMaterials/DefaultDeferredDecalMaterial.uasset" 236
"../../../Engine/Content/EngineMaterials/DefaultDeferredDecalMaterial.uexp" 237
"../../../Engine/Content/EngineMaterials/DefaultBokeh.uasset" 238
"../../../Engine/Content/EngineMaterials/DefaultBokeh.uexp" 239
"../../../Engine/Content/EngineMaterials/DefaultBloomKernel.uasset" 240
"../../../Engine/Content/EngineMaterials/DefaultBloomKernel.uexp" 241
"../../../Engine/Content/Functions/Engine_MaterialFunctions02/Utility/CameraDirectionVector.uasset" 242
"../../../Engine/Content/Functions/Engine_MaterialFunctions02/Utility/CameraDirectionVector.uexp" 243
"../../../Engine/Content/EngineDebugMaterials/VolumeToRender.uasset" 244
"../../../Engine/Content/EngineDebugMaterials/VolumeToRender.uexp" 245
"../../../Engine/Content/EngineDebugMaterials/M_VolumeRenderSphereTracePP.uasset" 246
"../../../Engine/Content/EngineDebugMaterials/M_VolumeRenderSphereTracePP.uexp" 247
"../../../Engine/Content/EngineDebugMaterials/M_SimpleUnlitTranslucent.uasset" 248
"../../../Engine/Content/EngineDebugMaterials/M_SimpleUnlitTranslucent.uexp" 249
"../../../Engine/Content/EngineDebugMaterials/DebugMeshMaterial.uasset" 250
"../../../Engine/Content/EngineDebugMaterials/DebugMeshMaterial.uexp" 251
"../../../Engine/Content/EngineDebugMaterials/DebugEditorMaterial.uasset" 252
"../../../Engine/Content/EngineDebugMaterials/DebugEditorMaterial.uexp" 253
"../../../Engine/Content/EngineDamageTypes/DmgTypeBP_Environmental.uasset" 254
"../../../Engine/Content/EngineDamageTypes/DmgTypeBP_Environmental.uexp" 255
"../../../Engine/Content/EditorResources/S_Solver.ubulk" 256
"../../../Engine/Content/EditorResources/S_Solver.uasset" 257
"../../../Engine/Content/EditorResources/S_Solver.uexp" 258
"../../../Engine/Content/EditorResources/BSPVertex.uasset" 259
"../../../Engine/Content/EditorResources/BSPVertex.uexp" 260
"../../../Engine/Content/EditorMaterials/PreviewShadowIndicator.ubulk" 261
"../../../Engine/Content/EditorMaterials/PreviewShadowIndicator.uasset" 262
"../../../Engine/Content/EditorMaterials/PreviewShadowIndicator.uexp" 263
"../../../Engine/Content/EditorMaterials/PreviewShadowIndicatorMaterial.uasset" 264
"../../../Engine/Content/EditorMaterials/PreviewShadowIndicatorMaterial.uexp" 265
"../../../Engine/Content/EditorMaterials/PhAT_UnselectedMaterial.uasset" 266
"../../../Engine/Content/EditorMaterials/PhAT_UnselectedMaterial.uexp" 267
"../../../Engine/Content/EditorMaterials/PhAT_NoCollisionMaterial.uasset" 268
"../../../Engine/Content/EditorMaterials/PhAT_NoCollisionMaterial.uexp" 269
"../../../Engine/Plugins/Runtime/AudioWidgets/Content/Resources/ScrubHandleDown_Clamped.uasset" 270
"../../../Engine/Plugins/Runtime/AudioWidgets/Content/Resources/ScrubHandleDown_Clamped.uexp" 271
"../../../Engine/Plugins/Marketplace/MetaXRInteraction/Content/Tools/TestHandMaterial.uasset" 272
"../../../Engine/Plugins/Marketplace/MetaXRInteraction/Content/Tools/TestHandMaterial.uexp" 273
"../../../Engine/Content/Functions/Engine_MaterialFunctions02/Utility/MakeFloat2.uasset" 274
"../../../Engine/Content/Functions/Engine_MaterialFunctions02/Utility/MakeFloat2.uexp" 275
"../../../Engine/Content/Functions/Engine_MaterialFunctions02/Utility/MakeFloat4.uasset" 276
"../../../Engine/Content/Functions/Engine_MaterialFunctions02/Utility/MakeFloat4.uexp" 277
"../../../Engine/Content/EngineResources/WhiteSquareTexture.uasset" 278
"../../../Engine/Content/EngineResources/WhiteSquareTexture.uexp" 279
"../../../Engine/Plugins/Marketplace/MetaXRInteraction/Content/ThirdParty/RoundBox/RoundBox.uasset" 280
"../../../Engine/Plugins/Marketplace/MetaXRInteraction/Content/ThirdParty/RoundBox/RoundBox.uexp" 281
"../../../Engine/Plugins/Marketplace/MetaXRInteraction/Content/Materials/Widget3DRoundedBox.uasset" 282
"../../../Engine/Plugins/Marketplace/MetaXRInteraction/Content/Materials/Widget3DRoundedBox.uexp" 283
"../../../Engine/Plugins/Marketplace/MetaXRInteraction/Content/Materials/Widget3DRoundedBox_Transparent.uasset" 284
"../../../Engine/Plugins/Marketplace/MetaXRInteraction/Content/Materials/Widget3DRoundedBox_Transparent.uexp" 285
"../../../Engine/Plugins/Marketplace/MetaXRInteraction/Content/Materials/Widget3DRoundedBox_Transparent_OneSided.uasset" 286
"../../../Engine/Plugins/Marketplace/MetaXRInteraction/Content/Materials/Widget3DRoundedBox_Transparent_OneSided.uexp" 287
"../../../Engine/Plugins/Marketplace/MetaXRInteraction/Content/Materials/Widget3DRoundedBox_Masked_OneSided.uasset" 288
"../../../Engine/Plugins/Marketplace/MetaXRInteraction/Content/Materials/Widget3DRoundedBox_Masked_OneSided.uexp" 289
"../../../Engine/Plugins/Marketplace/MetaXRInteraction/Content/Materials/PinchArrowMaterial.uasset" 290
"../../../Engine/Plugins/Marketplace/MetaXRInteraction/Content/Materials/PinchArrowMaterial.uexp" 291
"../../../Engine/Plugins/Marketplace/MetaXRInteraction/Content/Materials/GrabbableLit.uasset" 292
"../../../Engine/Plugins/Marketplace/MetaXRInteraction/Content/Materials/GrabbableLit.uexp" 293
"../../../Engine/Plugins/Marketplace/MetaXRInteraction/Content/Materials/CustomCollisionMaterial.uasset" 294
"../../../Engine/Plugins/Marketplace/MetaXRInteraction/Content/Materials/CustomCollisionMaterial.uexp" 295
"../../../Engine/Plugins/Marketplace/MetaXR/Content/Meshes/SM_Bevelcube.ubulk" 296
"../../../Engine/Plugins/Marketplace/MetaXR/Content/Meshes/SM_Bevelcube.uasset" 297
"../../../Engine/Plugins/Marketplace/MetaXR/Content/Meshes/SM_Bevelcube.uexp" 298
"../../../Engine/Plugins/Marketplace/MetaXR/Content/Textures/TouchForQuestRiftSController_albedo.ubulk" 299
"../../../Engine/Plugins/Marketplace/MetaXR/Content/Textures/TouchForQuestRiftSController_albedo.uasset" 300
"../../../Engine/Plugins/Marketplace/MetaXR/Content/Textures/TouchForQuestRiftSController_albedo.uexp" 301
"../../../Engine/Plugins/Marketplace/MetaXR/Content/Materials/TouchForQuestRiftSControllerMaterial.uasset" 302
"../../../Engine/Plugins/Marketplace/MetaXR/Content/Materials/TouchForQuestRiftSControllerMaterial.uexp" 303
"../../../Engine/Plugins/Marketplace/MetaXR/Content/Meshes/RightTouchForQuestRiftSController.ubulk" 304
"../../../Engine/Plugins/Marketplace/MetaXR/Content/Meshes/RightTouchForQuestRiftSController.uasset" 305
"../../../Engine/Plugins/Marketplace/MetaXR/Content/Meshes/RightTouchForQuestRiftSController.uexp" 306
"../../../Engine/Plugins/Marketplace/MetaXR/Content/Textures/TouchForQuest2_Color.ubulk" 307
"../../../Engine/Plugins/Marketplace/MetaXR/Content/Textures/TouchForQuest2_Color.uasset" 308
"../../../Engine/Plugins/Marketplace/MetaXR/Content/Textures/TouchForQuest2_Color.uexp" 309
"../../../Engine/Plugins/Marketplace/MetaXR/Content/Textures/TouchForQuest2Material_Roughness.ubulk" 310
"../../../Engine/Plugins/Marketplace/MetaXR/Content/Textures/TouchForQuest2Material_Roughness.uasset" 311
"../../../Engine/Plugins/Marketplace/MetaXR/Content/Textures/TouchForQuest2Material_Roughness.uexp" 312
"../../../Engine/Plugins/Marketplace/MetaXR/Content/Materials/TouchForQuest2Material.uasset" 313
"../../../Engine/Plugins/Marketplace/MetaXR/Content/Materials/TouchForQuest2Material.uexp" 314
"../../../Engine/Plugins/Marketplace/MetaXR/Content/Meshes/RightTouchForQuest2.ubulk" 315
"../../../Engine/Plugins/Marketplace/MetaXR/Content/Meshes/RightTouchForQuest2.uasset" 316
"../../../Engine/Plugins/Marketplace/MetaXR/Content/Meshes/RightTouchForQuest2.uexp" 317
"../../../Engine/Plugins/Marketplace/MetaXR/Content/Textures/RightMetaQuestTouchPro_Color.ubulk" 318
"../../../Engine/Plugins/Marketplace/MetaXR/Content/Textures/RightMetaQuestTouchPro_Color.uasset" 319
"../../../Engine/Plugins/Marketplace/MetaXR/Content/Textures/RightMetaQuestTouchPro_Color.uexp" 320
"../../../Engine/Plugins/Marketplace/MetaXR/Content/Textures/RightMetaQuestTouchPro_Normal.ubulk" 321
"../../../Engine/Plugins/Marketplace/MetaXR/Content/Textures/RightMetaQuestTouchPro_Normal.uasset" 322
"../../../Engine/Plugins/Marketplace/MetaXR/Content/Textures/RightMetaQuestTouchPro_Normal.uexp" 323
"../../../Engine/Plugins/Marketplace/MetaXR/Content/Materials/RightMetaQuestTouchProMaterial.uasset" 324
"../../../Engine/Plugins/Marketplace/MetaXR/Content/Materials/RightMetaQuestTouchProMaterial.uexp" 325
"../../../Engine/Plugins/Marketplace/MetaXR/Content/Meshes/RightMetaQuestTouchPro.ubulk" 326
"../../../Engine/Plugins/Marketplace/MetaXR/Content/Meshes/RightMetaQuestTouchPro.uasset" 327
"../../../Engine/Plugins/Marketplace/MetaXR/Content/Meshes/RightMetaQuestTouchPro.uexp" 328
"../../../Engine/Plugins/Marketplace/MetaXR/Content/Textures/RightMetaQuestTouchPlus_Color.ubulk" 329
"../../../Engine/Plugins/Marketplace/MetaXR/Content/Textures/RightMetaQuestTouchPlus_Color.uasset" 330
"../../../Engine/Plugins/Marketplace/MetaXR/Content/Textures/RightMetaQuestTouchPlus_Color.uexp" 331
"../../../Engine/Plugins/Marketplace/MetaXR/Content/Materials/RightMetaQuestTouchPlusMaterial.uasset" 332
"../../../Engine/Plugins/Marketplace/MetaXR/Content/Materials/RightMetaQuestTouchPlusMaterial.uexp" 333
"../../../Engine/Plugins/Marketplace/MetaXR/Content/Meshes/RightMetaQuestTouchPlus.ubulk" 334
"../../../Engine/Plugins/Marketplace/MetaXR/Content/Meshes/RightMetaQuestTouchPlus.uasset" 335
"../../../Engine/Plugins/Marketplace/MetaXR/Content/Meshes/RightMetaQuestTouchPlus.uexp" 336
"../../../Engine/Plugins/Marketplace/MetaXR/Content/Meshes/LeftTouchForQuestRiftSController.ubulk" 337
"../../../Engine/Plugins/Marketplace/MetaXR/Content/Meshes/LeftTouchForQuestRiftSController.uasset" 338
"../../../Engine/Plugins/Marketplace/MetaXR/Content/Meshes/LeftTouchForQuestRiftSController.uexp" 339
"../../../Engine/Plugins/Marketplace/MetaXR/Content/Meshes/LeftTouchForQuest2.ubulk" 340
"../../../Engine/Plugins/Marketplace/MetaXR/Content/Meshes/LeftTouchForQuest2.uasset" 341
"../../../Engine/Plugins/Marketplace/MetaXR/Content/Meshes/LeftTouchForQuest2.uexp" 342
"../../../Engine/Plugins/Marketplace/MetaXR/Content/Textures/LeftMetaQuestTouchPro_Color.ubulk" 343
"../../../Engine/Plugins/Marketplace/MetaXR/Content/Textures/LeftMetaQuestTouchPro_Color.uasset" 344
"../../../Engine/Plugins/Marketplace/MetaXR/Content/Textures/LeftMetaQuestTouchPro_Color.uexp" 345
"../../../Engine/Plugins/Marketplace/MetaXR/Content/Textures/LeftMetaQuestTouchPro_Normal.ubulk" 346
"../../../Engine/Plugins/Marketplace/MetaXR/Content/Textures/LeftMetaQuestTouchPro_Normal.uasset" 347
"../../../Engine/Plugins/Marketplace/MetaXR/Content/Textures/LeftMetaQuestTouchPro_Normal.uexp" 348
"../../../Engine/Plugins/Marketplace/MetaXR/Content/Materials/LeftMetaQuestTouchProMaterial.uasset" 349
"../../../Engine/Plugins/Marketplace/MetaXR/Content/Materials/LeftMetaQuestTouchProMaterial.uexp" 350
"../../../Engine/Plugins/Marketplace/MetaXR/Content/Meshes/LeftMetaQuestTouchPro.ubulk" 351
"../../../Engine/Plugins/Marketplace/MetaXR/Content/Meshes/LeftMetaQuestTouchPro.uasset" 352
"../../../Engine/Plugins/Marketplace/MetaXR/Content/Meshes/LeftMetaQuestTouchPro.uexp" 353
"../../../Engine/Plugins/Marketplace/MetaXR/Content/Textures/LeftMetaQuestTouchPlus_Color.ubulk" 354
"../../../Engine/Plugins/Marketplace/MetaXR/Content/Textures/LeftMetaQuestTouchPlus_Color.uasset" 355
"../../../Engine/Plugins/Marketplace/MetaXR/Content/Textures/LeftMetaQuestTouchPlus_Color.uexp" 356
"../../../Engine/Plugins/Marketplace/MetaXR/Content/Materials/LeftMetaQuestTouchPlusMaterial.uasset" 357
"../../../Engine/Plugins/Marketplace/MetaXR/Content/Materials/LeftMetaQuestTouchPlusMaterial.uexp" 358
"../../../Engine/Plugins/Marketplace/MetaXR/Content/Meshes/LeftMetaQuestTouchPlus.ubulk" 359
"../../../Engine/Plugins/Marketplace/MetaXR/Content/Meshes/LeftMetaQuestTouchPlus.uasset" 360
"../../../Engine/Plugins/Marketplace/MetaXR/Content/Meshes/LeftMetaQuestTouchPlus.uexp" 361
"../../../Engine/Plugins/Marketplace/MetaXR/Content/Materials/PokeAHoleMaterial.uasset" 362
"../../../Engine/Plugins/Marketplace/MetaXR/Content/Materials/PokeAHoleMaterial.uexp" 363
"../../../Engine/Plugins/Marketplace/MetaXR/Content/Materials/OculusMR_OpaqueColoredMaterial.uasset" 364
"../../../Engine/Plugins/Marketplace/MetaXR/Content/Materials/OculusMR_OpaqueColoredMaterial.uexp" 365
"../../../Engine/Plugins/Marketplace/MetaXR/Content/Materials/M_SceneObjectMask.uasset" 366
"../../../Engine/Plugins/Marketplace/MetaXR/Content/Materials/M_SceneObjectMask.uexp" 367
"../../../Engine/Content/Functions/Engine_MaterialFunctions02/Utility/BreakOutFloat4Components.uasset" 368
"../../../Engine/Content/Functions/Engine_MaterialFunctions02/Utility/BreakOutFloat4Components.uexp" 369
"../../../Engine/Content/Functions/Engine_MaterialFunctions02/Utility/MakeFloat3.uasset" 370
"../../../Engine/Content/Functions/Engine_MaterialFunctions02/Utility/MakeFloat3.uexp" 371
"../../../Engine/Plugins/Marketplace/MetaXR/Content/Textures/CRT_JumpFlood1.uasset" 372
"../../../Engine/Plugins/Marketplace/MetaXR/Content/Textures/CRT_JumpFlood1.uexp" 373
"../../../Engine/Content/Functions/Engine_MaterialFunctions01/Texturing/PointSampledUVs.uasset" 374
"../../../Engine/Content/Functions/Engine_MaterialFunctions01/Texturing/PointSampledUVs.uexp" 375
"../../../Engine/Plugins/Marketplace/MetaXR/Content/Materials/M_JFAPass.uasset" 376
"../../../Engine/Plugins/Marketplace/MetaXR/Content/Materials/M_JFAPass.uexp" 377
"../../../Engine/Plugins/Marketplace/MetaXR/Content/Materials/M_FloorMask.uasset" 378
"../../../Engine/Plugins/Marketplace/MetaXR/Content/Materials/M_FloorMask.uexp" 379
"../../../Engine/Plugins/Marketplace/MetaXR/Content/Textures/CRT_JumpFlood2.uasset" 380
"../../../Engine/Plugins/Marketplace/MetaXR/Content/Textures/CRT_JumpFlood2.uexp" 381
"../../../Engine/Plugins/Marketplace/MetaXR/Content/Materials/M_DistanceMapOccupied.uasset" 382
"../../../Engine/Plugins/Marketplace/MetaXR/Content/Materials/M_DistanceMapOccupied.uexp" 383
"../../../Engine/Plugins/Marketplace/MetaXR/Content/Materials/M_DistanceMapFree.uasset" 384
"../../../Engine/Plugins/Marketplace/MetaXR/Content/Materials/M_DistanceMapFree.uexp" 385
"../../../Engine/Plugins/Marketplace/MetaXR/Content/Materials/M_DistanceMapAll.uasset" 386
"../../../Engine/Plugins/Marketplace/MetaXR/Content/Materials/M_DistanceMapAll.uexp" 387
"../../../Engine/Plugins/Marketplace/MetaXR/Content/Textures/CRT_Mask.uasset" 388
"../../../Engine/Plugins/Marketplace/MetaXR/Content/Textures/CRT_Mask.uexp" 389
"../../../Engine/Plugins/Marketplace/MetaXR/Content/Materials/M_CreateMask.uasset" 390
"../../../Engine/Plugins/Marketplace/MetaXR/Content/Materials/M_CreateMask.uexp" 391
"../../../Engine/Content/Functions/Engine_MaterialFunctions02/Utility/VectorLength.uasset" 392
"../../../Engine/Content/Functions/Engine_MaterialFunctions02/Utility/VectorLength.uexp" 393
"../../../Engine/Content/Functions/Engine_MaterialFunctions02/WorldPositionOffset/V2/ObjectScale.uasset" 394
"../../../Engine/Content/Functions/Engine_MaterialFunctions02/WorldPositionOffset/V2/ObjectScale.uexp" 395
"../../../Engine/Plugins/Marketplace/MetaXR/Content/Textures/T_BlobShadow.ubulk" 396
"../../../Engine/Plugins/Marketplace/MetaXR/Content/Textures/T_BlobShadow.uasset" 397
"../../../Engine/Plugins/Marketplace/MetaXR/Content/Textures/T_BlobShadow.uexp" 398
"../../../Engine/Plugins/Marketplace/MetaXR/Content/Materials/M_BlobShadow.uasset" 399
"../../../Engine/Plugins/Marketplace/MetaXR/Content/Materials/M_BlobShadow.uexp" 400
"../../../Engine/Plugins/Marketplace/MetaXR/Content/Materials/MI_BlobShadow.uasset" 401
"../../../Engine/Plugins/Marketplace/MetaXR/Content/Materials/MI_BlobShadow.uexp" 402
"../../../Engine/Plugins/Interchange/Assets/Content/Functions/MX_UsdPreviewSurface.uasset" 403
"../../../Engine/Plugins/Interchange/Assets/Content/Functions/MX_UsdPreviewSurface.uexp" 404
"../../../Engine/Plugins/Interchange/Assets/Content/Functions/MX_UniformEDF.uasset" 405
"../../../Engine/Plugins/Interchange/Assets/Content/Functions/MX_UniformEDF.uexp" 406
"../../../Engine/Plugins/Interchange/Assets/Content/Functions/MX_TranslucentBSDF.uasset" 407
"../../../Engine/Plugins/Interchange/Assets/Content/Functions/MX_TranslucentBSDF.uexp" 408
"../../../Engine/Plugins/Interchange/Assets/Content/Functions/MX_ThinFilmBSDF.uasset" 409
"../../../Engine/Plugins/Interchange/Assets/Content/Functions/MX_ThinFilmBSDF.uexp" 410
"../../../Engine/Plugins/Interchange/Assets/Content/Functions/MX_SurfaceUnlit.uasset" 411
"../../../Engine/Plugins/Interchange/Assets/Content/Functions/MX_SurfaceUnlit.uexp" 412
"../../../Engine/Plugins/Interchange/Assets/Content/Functions/MX_Surface.uasset" 413
"../../../Engine/Plugins/Interchange/Assets/Content/Functions/MX_Surface.uexp" 414
"../../../Engine/Plugins/Interchange/Assets/Content/Functions/MX_SubsurfaceBSDF.uasset" 415
"../../../Engine/Plugins/Interchange/Assets/Content/Functions/MX_SubsurfaceBSDF.uexp" 416
"../../../Engine/Plugins/Interchange/Assets/Content/Functions/MX_SheenBSDF.uasset" 417
"../../../Engine/Plugins/Interchange/Assets/Content/Functions/MX_SheenBSDF.uexp" 418
"../../../Engine/Plugins/Interchange/Assets/Content/Functions/MX_OrenNayarBSDF.uasset" 419
"../../../Engine/Plugins/Interchange/Assets/Content/Functions/MX_OrenNayarBSDF.uexp" 420
"../../../Engine/Plugins/Interchange/Assets/Content/Functions/MF_IridescenceNoLUT.uasset" 421
"../../../Engine/Plugins/Interchange/Assets/Content/Functions/MF_IridescenceNoLUT.uexp" 422
"../../../Engine/Plugins/Interchange/Assets/Content/Functions/MX_StandardSurface.uasset" 423
"../../../Engine/Plugins/Interchange/Assets/Content/Functions/MX_StandardSurface.uexp" 424
"../../../Engine/Plugins/Interchange/Assets/Content/Functions/MX_TransmissionSurface.uasset" 425
"../../../Engine/Plugins/Interchange/Assets/Content/Functions/MX_TransmissionSurface.uexp" 426
"../../../Engine/Plugins/Interchange/Assets/Content/Functions/MX_OpenPBR_Translucent.uasset" 427
"../../../Engine/Plugins/Interchange/Assets/Content/Functions/MX_OpenPBR_Translucent.uexp" 428
"../../../Engine/Plugins/Interchange/Assets/Content/Functions/MX_OpenPBR_Opaque.uasset" 429
"../../../Engine/Plugins/Interchange/Assets/Content/Functions/MX_OpenPBR_Opaque.uexp" 430
"../../../Engine/Plugins/Interchange/Assets/Content/Functions/MX_MeasuredEDF.uasset" 431
"../../../Engine/Plugins/Interchange/Assets/Content/Functions/MX_MeasuredEDF.uexp" 432
"../../../Engine/Plugins/Interchange/Assets/Content/Functions/MX_GeneralizedSchlickBSDF.uasset" 433
"../../../Engine/Plugins/Interchange/Assets/Content/Functions/MX_GeneralizedSchlickBSDF.uexp" 434
"../../../Engine/Plugins/Interchange/Assets/Content/Functions/MX_Displacement.uasset" 435
"../../../Engine/Plugins/Interchange/Assets/Content/Functions/MX_Displacement.uexp" 436
"../../../Engine/Plugins/Interchange/Assets/Content/Functions/MX_DielectricBSDF.uasset" 437
"../../../Engine/Plugins/Interchange/Assets/Content/Functions/MX_DielectricBSDF.uexp" 438
"../../../Engine/Plugins/Interchange/Assets/Content/Functions/MX_ConicalEDF.uasset" 439
"../../../Engine/Plugins/Interchange/Assets/Content/Functions/MX_ConicalEDF.uexp" 440
"../../../Engine/Plugins/Interchange/Assets/Content/Functions/MX_ConductorBSDF.uasset" 441
"../../../Engine/Plugins/Interchange/Assets/Content/Functions/MX_ConductorBSDF.uexp" 442
"../../../Engine/Plugins/Interchange/Assets/Content/Functions/MX_BurleyDiffuseBSDF.uasset" 443
"../../../Engine/Plugins/Interchange/Assets/Content/Functions/MX_BurleyDiffuseBSDF.uexp" 444
"../../../Engine/Plugins/Interchange/Assets/Content/Functions/MX_AnisotropicVDF.uasset" 445
"../../../Engine/Plugins/Interchange/Assets/Content/Functions/MX_AnisotropicVDF.uexp" 446
"../../../Engine/Plugins/Interchange/Assets/Content/Functions/MX_AbsorptionVDF.uasset" 447
"../../../Engine/Plugins/Interchange/Assets/Content/Functions/MX_AbsorptionVDF.uexp" 448
"../../../Engine/Plugins/Experimental/Water/Content/Meshes/RiverMesh.ubulk" 449
"../../../Engine/Plugins/Experimental/Water/Content/Meshes/RiverMesh.uasset" 450
"../../../Engine/Plugins/Experimental/Water/Content/Meshes/RiverMesh.uexp" 451
"../../../Engine/Plugins/Experimental/Water/Content/Meshes/LakeMesh.ubulk" 452
"../../../Engine/Plugins/Experimental/Water/Content/Meshes/LakeMesh.uasset" 453
"../../../Engine/Plugins/Experimental/Water/Content/Meshes/LakeMesh.uexp" 454
"../../../Engine/Plugins/Experimental/Water/Content/Icons/WaterZoneActorSprite.ubulk" 455
"../../../Engine/Plugins/Experimental/Water/Content/Icons/WaterZoneActorSprite.uasset" 456
"../../../Engine/Plugins/Experimental/Water/Content/Icons/WaterZoneActorSprite.uexp" 457
"../../../Engine/Plugins/Experimental/Water/Content/Icons/WaterSprite.uasset" 458
"../../../Engine/Plugins/Experimental/Water/Content/Icons/WaterSprite.uexp" 459
"../../../Engine/Plugins/Experimental/Water/Content/Icons/WaterLandscapeBrushSprite.ubulk" 460
"../../../Engine/Plugins/Experimental/Water/Content/Icons/WaterLandscapeBrushSprite.uasset" 461
"../../../Engine/Plugins/Experimental/Water/Content/Icons/WaterLandscapeBrushSprite.uexp" 462
"../../../Engine/Plugins/Experimental/Water/Content/Icons/WaterErrorSprite.ubulk" 463
"../../../Engine/Plugins/Experimental/Water/Content/Icons/WaterErrorSprite.uasset" 464
"../../../Engine/Plugins/Experimental/Water/Content/Icons/WaterErrorSprite.uexp" 465
"../../../Engine/Plugins/Experimental/Water/Content/Icons/WaterBodyIslandSprite.uasset" 466
"../../../Engine/Plugins/Experimental/Water/Content/Icons/WaterBodyIslandSprite.uexp" 467
"../../../Engine/Plugins/Experimental/Water/Content/Icons/WaterBodyExclusionVolumeSprite.uasset" 468
"../../../Engine/Plugins/Experimental/Water/Content/Icons/WaterBodyExclusionVolumeSprite.uexp" 469
"../../../Engine/Plugins/Experimental/Water/Content/Curves/FloatCurve_WaterBodyIsland.uasset" 470
"../../../Engine/Plugins/Experimental/Water/Content/Curves/FloatCurve_WaterBodyIsland.uexp" 471
"../../../Engine/Plugins/Experimental/Water/Content/Curves/FloatCurve.uasset" 472
"../../../Engine/Plugins/Experimental/Water/Content/Curves/FloatCurve.uexp" 473
"../../../Engine/Content/Functions/Engine_MaterialFunctions02/Utility/BreakOutFloat3Components.uasset" 474
"../../../Engine/Content/Functions/Engine_MaterialFunctions02/Utility/BreakOutFloat3Components.uexp" 475
"../../../Engine/Content/Functions/Engine_MaterialFunctions02/WorldPositionOffset/ObjectScale.uasset" 476
"../../../Engine/Content/Functions/Engine_MaterialFunctions02/WorldPositionOffset/ObjectScale.uexp" 477
"../../../Engine/Content/Functions/Engine_MaterialFunctions02/SafeNormalize.uasset" 478
"../../../Engine/Content/Functions/Engine_MaterialFunctions02/SafeNormalize.uexp" 479
"../../../Engine/Plugins/Editor/SpeedTreeImporter/Content/SpeedTree9/UnpackInteger3.uasset" 480
"../../../Engine/Plugins/Editor/SpeedTreeImporter/Content/SpeedTree9/UnpackInteger3.uexp" 481
"../../../Engine/Plugins/Editor/SpeedTreeImporter/Content/SpeedTree9/UnpackDirection.uasset" 482
"../../../Engine/Plugins/Editor/SpeedTreeImporter/Content/SpeedTree9/UnpackDirection.uexp" 483
"../../../Engine/Plugins/Editor/SpeedTreeImporter/Content/SpeedTree9/game_wind_noise.ubulk" 484
"../../../Engine/Plugins/Editor/SpeedTreeImporter/Content/SpeedTree9/game_wind_noise.uasset" 485
"../../../Engine/Plugins/Editor/SpeedTreeImporter/Content/SpeedTree9/game_wind_noise.uexp" 486
"../../../Engine/Plugins/Editor/SpeedTreeImporter/Content/SpeedTree9/SpeedTreeWindMotion.uasset" 487
"../../../Engine/Plugins/Editor/SpeedTreeImporter/Content/SpeedTree9/SpeedTreeWindMotion.uexp" 488
"../../../Engine/Content/Functions/Engine_MaterialFunctions02/ObjectLocalBounds.uasset" 489
"../../../Engine/Content/Functions/Engine_MaterialFunctions02/ObjectLocalBounds.uexp" 490
"../../../Engine/Content/Functions/Engine_MaterialFunctions02/UVs/BoundingBoxBased_0-1_UVW.uasset" 491
"../../../Engine/Content/Functions/Engine_MaterialFunctions02/UVs/BoundingBoxBased_0-1_UVW.uexp" 492
"../../../Engine/Plugins/Editor/SpeedTreeImporter/Content/SpeedTree9/SpeedTreeBranchMotion.uasset" 493
"../../../Engine/Plugins/Editor/SpeedTreeImporter/Content/SpeedTree9/SpeedTreeBranchMotion.uexp" 494
"../../../Engine/Plugins/Editor/SpeedTreeImporter/Content/SpeedTree9/SpeedTreeWind.uasset" 495
"../../../Engine/Plugins/Editor/SpeedTreeImporter/Content/SpeedTree9/SpeedTreeWind.uexp" 496
"../../../Engine/Plugins/Editor/SpeedTreeImporter/Content/SpeedTree9/SpeedTreeCameraFacing.uasset" 497
"../../../Engine/Plugins/Editor/SpeedTreeImporter/Content/SpeedTree9/SpeedTreeCameraFacing.uexp" 498
"../../../Engine/Plugins/Editor/SpeedTreeImporter/Content/SpeedTree9/EmptyNormal.uasset" 499
"../../../Engine/Plugins/Editor/SpeedTreeImporter/Content/SpeedTree9/EmptyNormal.uexp" 500
"../../../Engine/Plugins/Editor/SpeedTreeImporter/Content/SpeedTree9/Empty.uasset" 501
"../../../Engine/Plugins/Editor/SpeedTreeImporter/Content/SpeedTree9/Empty.uexp" 502
"../../../Engine/Plugins/Editor/SpeedTreeImporter/Content/SpeedTree9/SpeedTreeMaster.uasset" 503
"../../../Engine/Plugins/Editor/SpeedTreeImporter/Content/SpeedTree9/SpeedTreeMaster.uexp" 504
"../../../Engine/Plugins/Editor/SpeedTreeImporter/Content/SpeedTree9/SpeedTreeBillboard.uasset" 505
"../../../Engine/Plugins/Editor/SpeedTreeImporter/Content/SpeedTree9/SpeedTreeBillboard.uexp" 506
"../../../Engine/Plugins/Editor/SpeedTreeImporter/Content/SpeedTree9/SpeedTreeBillboardMaster.uasset" 507
"../../../Engine/Plugins/Editor/SpeedTreeImporter/Content/SpeedTree9/SpeedTreeBillboardMaster.uexp" 508
"../../../Engine/Plugins/Animation/ControlRig/Content/Controls/ControlRig_Wedge_solid.ubulk" 509
"../../../Engine/Plugins/Animation/ControlRig/Content/Controls/ControlRig_Wedge_solid.uasset" 510
"../../../Engine/Plugins/Animation/ControlRig/Content/Controls/ControlRig_Wedge_solid.uexp" 511
"../../../Engine/Plugins/Animation/ControlRig/Content/Controls/ControlRig_Wedge_3mm.ubulk" 512
"../../../Engine/Plugins/Animation/ControlRig/Content/Controls/ControlRig_Wedge_3mm.uasset" 513
"../../../Engine/Plugins/Animation/ControlRig/Content/Controls/ControlRig_Wedge_3mm.uexp" 514
"../../../Engine/Plugins/Animation/ControlRig/Content/Controls/ControlRig_Wedge_1mm.ubulk" 515
"../../../Engine/Plugins/Animation/ControlRig/Content/Controls/ControlRig_Wedge_1mm.uasset" 516
"../../../Engine/Plugins/Animation/ControlRig/Content/Controls/ControlRig_Wedge_1mm.uexp" 517
"../../../Engine/Plugins/Animation/ControlRig/Content/Controls/ControlRig_Triangle_solid.ubulk" 518
"../../../Engine/Plugins/Animation/ControlRig/Content/Controls/ControlRig_Triangle_solid.uasset" 519
"../../../Engine/Plugins/Animation/ControlRig/Content/Controls/ControlRig_Triangle_solid.uexp" 520
"../../../Engine/Plugins/Animation/ControlRig/Content/Controls/ControlRig_Triangle_3mm.ubulk" 521
"../../../Engine/Plugins/Animation/ControlRig/Content/Controls/ControlRig_Triangle_3mm.uasset" 522
"../../../Engine/Plugins/Animation/ControlRig/Content/Controls/ControlRig_Triangle_3mm.uexp" 523
"../../../Engine/Plugins/Animation/ControlRig/Content/Controls/ControlRig_Triangle_1mm.ubulk" 524
"../../../Engine/Plugins/Animation/ControlRig/Content/Controls/ControlRig_Triangle_1mm.uasset" 525
"../../../Engine/Plugins/Animation/ControlRig/Content/Controls/ControlRig_Triangle_1mm.uexp" 526
"../../../Engine/Plugins/Animation/ControlRig/Content/Controls/ControlRig_Star4_solid.ubulk" 527
"../../../Engine/Plugins/Animation/ControlRig/Content/Controls/ControlRig_Star4_solid.uasset" 528
"../../../Engine/Plugins/Animation/ControlRig/Content/Controls/ControlRig_Star4_solid.uexp" 529
"../../../Engine/Plugins/Animation/ControlRig/Content/Controls/ControlRig_Star4_3mm.ubulk" 530
"../../../Engine/Plugins/Animation/ControlRig/Content/Controls/ControlRig_Star4_3mm.uasset" 531
"../../../Engine/Plugins/Animation/ControlRig/Content/Controls/ControlRig_Star4_3mm.uexp" 532
"../../../Engine/Plugins/Animation/ControlRig/Content/Controls/ControlRig_Star4_1mm.ubulk" 533
"../../../Engine/Plugins/Animation/ControlRig/Content/Controls/ControlRig_Star4_1mm.uasset" 534
"../../../Engine/Plugins/Animation/ControlRig/Content/Controls/ControlRig_Star4_1mm.uexp" 535
"../../../Engine/Plugins/Animation/ControlRig/Content/Controls/ControlRig_Square_solid.ubulk" 536
"../../../Engine/Plugins/Animation/ControlRig/Content/Controls/ControlRig_Square_solid.uasset" 537
"../../../Engine/Plugins/Animation/ControlRig/Content/Controls/ControlRig_Square_solid.uexp" 538
"../../../Engine/Plugins/Animation/ControlRig/Content/Controls/ControlRig_Square_3mm.ubulk" 539
"../../../Engine/Plugins/Animation/ControlRig/Content/Controls/ControlRig_Square_3mm.uasset" 540
"../../../Engine/Plugins/Animation/ControlRig/Content/Controls/ControlRig_Square_3mm.uexp" 541
"../../../Engine/Plugins/Animation/ControlRig/Content/Controls/ControlRig_Square_1mm.ubulk" 542
"../../../Engine/Plugins/Animation/ControlRig/Content/Controls/ControlRig_Square_1mm.uasset" 543
"../../../Engine/Plugins/Animation/ControlRig/Content/Controls/ControlRig_Square_1mm.uexp" 544
"../../../Engine/Plugins/Animation/ControlRig/Content/Controls/ControlRig_Sphere_solid.ubulk" 545
"../../../Engine/Plugins/Animation/ControlRig/Content/Controls/ControlRig_Sphere_solid.uasset" 546
"../../../Engine/Plugins/Animation/ControlRig/Content/Controls/ControlRig_Sphere_solid.uexp" 547
"../../../Engine/Plugins/Animation/ControlRig/Content/Controls/ControlRig_Sphere_3mm.ubulk" 548
"../../../Engine/Plugins/Animation/ControlRig/Content/Controls/ControlRig_Sphere_3mm.uasset" 549
"../../../Engine/Plugins/Animation/ControlRig/Content/Controls/ControlRig_Sphere_3mm.uexp" 550
"../../../Engine/Plugins/Animation/ControlRig/Content/Controls/ControlRig_Sphere_1mm.ubulk" 551
"../../../Engine/Plugins/Animation/ControlRig/Content/Controls/ControlRig_Sphere_1mm.uasset" 552
"../../../Engine/Plugins/Animation/ControlRig/Content/Controls/ControlRig_Sphere_1mm.uexp" 553
"../../../Engine/Plugins/Animation/ControlRig/Content/Controls/ControlRig_RoundedTriangle_solid.ubulk" 554
"../../../Engine/Plugins/Animation/ControlRig/Content/Controls/ControlRig_RoundedTriangle_solid.uasset" 555
"../../../Engine/Plugins/Animation/ControlRig/Content/Controls/ControlRig_RoundedTriangle_solid.uexp" 556
"../../../Engine/Plugins/Animation/ControlRig/Content/Controls/ControlRig_RoundedTriangle_3mm.ubulk" 557
"../../../Engine/Plugins/Animation/ControlRig/Content/Controls/ControlRig_RoundedTriangle_3mm.uasset" 558
"../../../Engine/Plugins/Animation/ControlRig/Content/Controls/ControlRig_RoundedTriangle_3mm.uexp" 559
"../../../Engine/Plugins/Animation/ControlRig/Content/Controls/ControlRig_RoundedTriangle_1mm.ubulk" 560
"../../../Engine/Plugins/Animation/ControlRig/Content/Controls/ControlRig_RoundedTriangle_1mm.uasset" 561
"../../../Engine/Plugins/Animation/ControlRig/Content/Controls/ControlRig_RoundedTriangle_1mm.uexp" 562
"../../../Engine/Plugins/Animation/ControlRig/Content/Controls/ControlRig_RoundedSquare_solid.ubulk" 563
"../../../Engine/Plugins/Animation/ControlRig/Content/Controls/ControlRig_RoundedSquare_solid.uasset" 564
"../../../Engine/Plugins/Animation/ControlRig/Content/Controls/ControlRig_RoundedSquare_solid.uexp" 565
"../../../Engine/Plugins/Animation/ControlRig/Content/Controls/ControlRig_RoundedSquare_3mm.ubulk" 566
"../../../Engine/Plugins/Animation/ControlRig/Content/Controls/ControlRig_RoundedSquare_3mm.uasset" 567
"../../../Engine/Plugins/Animation/ControlRig/Content/Controls/ControlRig_RoundedSquare_3mm.uexp" 568
"../../../Engine/Plugins/Animation/ControlRig/Content/Controls/ControlRig_RoundedSquare_1mm.ubulk" 569
"../../../Engine/Plugins/Animation/ControlRig/Content/Controls/ControlRig_RoundedSquare_1mm.uasset" 570
"../../../Engine/Plugins/Animation/ControlRig/Content/Controls/ControlRig_RoundedSquare_1mm.uexp" 571
"../../../Engine/Plugins/Animation/ControlRig/Content/Controls/ControlRig_QuarterCircle_solid.ubulk" 572
"../../../Engine/Plugins/Animation/ControlRig/Content/Controls/ControlRig_QuarterCircle_solid.uasset" 573
"../../../Engine/Plugins/Animation/ControlRig/Content/Controls/ControlRig_QuarterCircle_solid.uexp" 574
"../../../Engine/Plugins/Animation/ControlRig/Content/Controls/ControlRig_QuarterCircle_3mm.ubulk" 575
"../../../Engine/Plugins/Animation/ControlRig/Content/Controls/ControlRig_QuarterCircle_3mm.uasset" 576
"../../../Engine/Plugins/Animation/ControlRig/Content/Controls/ControlRig_QuarterCircle_3mm.uexp" 577
"../../../Engine/Plugins/Animation/ControlRig/Content/Controls/ControlRig_QuarterCircle_1mm.ubulk" 578
"../../../Engine/Plugins/Animation/ControlRig/Content/Controls/ControlRig_QuarterCircle_1mm.uasset" 579
"../../../Engine/Plugins/Animation/ControlRig/Content/Controls/ControlRig_QuarterCircle_1mm.uexp" 580
"../../../Engine/Plugins/Animation/ControlRig/Content/Controls/ControlRig_Pyramid_solid.ubulk" 581
"../../../Engine/Plugins/Animation/ControlRig/Content/Controls/ControlRig_Pyramid_solid.uasset" 582
"../../../Engine/Plugins/Animation/ControlRig/Content/Controls/ControlRig_Pyramid_solid.uexp" 583
"../../../Engine/Plugins/Animation/ControlRig/Content/Controls/ControlRig_Pyramid_3mm.ubulk" 584
"../../../Engine/Plugins/Animation/ControlRig/Content/Controls/ControlRig_Pyramid_3mm.uasset" 585
"../../../Engine/Plugins/Animation/ControlRig/Content/Controls/ControlRig_Pyramid_3mm.uexp" 586
"../../../Engine/Plugins/Animation/ControlRig/Content/Controls/ControlRig_Pyramid_1mm.ubulk" 587
"../../../Engine/Plugins/Animation/ControlRig/Content/Controls/ControlRig_Pyramid_1mm.uasset" 588
"../../../Engine/Plugins/Animation/ControlRig/Content/Controls/ControlRig_Pyramid_1mm.uexp" 589
"../../../Engine/Plugins/Animation/ControlRig/Content/Controls/ControlRig_Octagon_solid.ubulk" 590
"../../../Engine/Plugins/Animation/ControlRig/Content/Controls/ControlRig_Octagon_solid.uasset" 591
"../../../Engine/Plugins/Animation/ControlRig/Content/Controls/ControlRig_Octagon_solid.uexp" 592
"../../../Engine/Plugins/Animation/ControlRig/Content/Controls/ControlRig_Octagon_3mm.ubulk" 593
"../../../Engine/Plugins/Animation/ControlRig/Content/Controls/ControlRig_Octagon_3mm.uasset" 594
"../../../Engine/Plugins/Animation/ControlRig/Content/Controls/ControlRig_Octagon_3mm.uexp" 595
"../../../Engine/Plugins/Animation/ControlRig/Content/Controls/ControlRig_Octagon_1mm.ubulk" 596
"../../../Engine/Plugins/Animation/ControlRig/Content/Controls/ControlRig_Octagon_1mm.uasset" 597
"../../../Engine/Plugins/Animation/ControlRig/Content/Controls/ControlRig_Octagon_1mm.uexp" 598
"../../../Engine/Plugins/Animation/ControlRig/Content/Controls/ControlRig_Hexagon_solid.ubulk" 599
"../../../Engine/Plugins/Animation/ControlRig/Content/Controls/ControlRig_Hexagon_solid.uasset" 600
"../../../Engine/Plugins/Animation/ControlRig/Content/Controls/ControlRig_Hexagon_solid.uexp" 601
"../../../Engine/Plugins/Animation/ControlRig/Content/Controls/ControlRig_Hexagon_3mm.ubulk" 602
"../../../Engine/Plugins/Animation/ControlRig/Content/Controls/ControlRig_Hexagon_3mm.uasset" 603
"../../../Engine/Plugins/Animation/ControlRig/Content/Controls/ControlRig_Hexagon_3mm.uexp" 604
"../../../Engine/Plugins/Animation/ControlRig/Content/Controls/ControlRig_Hexagon_1mm.ubulk" 605
"../../../Engine/Plugins/Animation/ControlRig/Content/Controls/ControlRig_Hexagon_1mm.uasset" 606
"../../../Engine/Plugins/Animation/ControlRig/Content/Controls/ControlRig_Hexagon_1mm.uexp" 607
"../../../Engine/Plugins/Animation/ControlRig/Content/Controls/ControlRig_HalfCircle_solid.ubulk" 608
"../../../Engine/Plugins/Animation/ControlRig/Content/Controls/ControlRig_HalfCircle_solid.uasset" 609
"../../../Engine/Plugins/Animation/ControlRig/Content/Controls/ControlRig_HalfCircle_solid.uexp" 610
"../../../Engine/Plugins/Animation/ControlRig/Content/Controls/ControlRig_HalfCircle_3mm.ubulk" 611
"../../../Engine/Plugins/Animation/ControlRig/Content/Controls/ControlRig_HalfCircle_3mm.uasset" 612
"../../../Engine/Plugins/Animation/ControlRig/Content/Controls/ControlRig_HalfCircle_3mm.uexp" 613
"../../../Engine/Plugins/Animation/ControlRig/Content/Controls/ControlRig_HalfCircle_1mm.ubulk" 614
"../../../Engine/Plugins/Animation/ControlRig/Content/Controls/ControlRig_HalfCircle_1mm.uasset" 615
"../../../Engine/Plugins/Animation/ControlRig/Content/Controls/ControlRig_HalfCircle_1mm.uexp" 616
"../../../Engine/Plugins/Animation/ControlRig/Content/Controls/ControlRig_Diamond_solid.ubulk" 617
"../../../Engine/Plugins/Animation/ControlRig/Content/Controls/ControlRig_Diamond_solid.uasset" 618
"../../../Engine/Plugins/Animation/ControlRig/Content/Controls/ControlRig_Diamond_solid.uexp" 619
"../../../Engine/Plugins/Animation/ControlRig/Content/Controls/ControlRig_Diamond_3mm.ubulk" 620
"../../../Engine/Plugins/Animation/ControlRig/Content/Controls/ControlRig_Diamond_3mm.uasset" 621
"../../../Engine/Plugins/Animation/ControlRig/Content/Controls/ControlRig_Diamond_3mm.uexp" 622
"../../../Engine/Plugins/Animation/ControlRig/Content/Controls/ControlRig_Diamond_1mm.ubulk" 623
"../../../Engine/Plugins/Animation/ControlRig/Content/Controls/ControlRig_Diamond_1mm.uasset" 624
"../../../Engine/Plugins/Animation/ControlRig/Content/Controls/ControlRig_Diamond_1mm.uexp" 625
"../../../Engine/Plugins/Animation/ControlRig/Content/Controls/ControlRig_Circle_solid.ubulk" 626
"../../../Engine/Plugins/Animation/ControlRig/Content/Controls/ControlRig_Circle_solid.uasset" 627
"../../../Engine/Plugins/Animation/ControlRig/Content/Controls/ControlRig_Circle_solid.uexp" 628
"../../../Engine/Plugins/Animation/ControlRig/Content/Controls/ControlRig_Circle_3mm.ubulk" 629
"../../../Engine/Plugins/Animation/ControlRig/Content/Controls/ControlRig_Circle_3mm.uasset" 630
"../../../Engine/Plugins/Animation/ControlRig/Content/Controls/ControlRig_Circle_3mm.uexp" 631
"../../../Engine/Plugins/Animation/ControlRig/Content/Controls/ControlRig_Circle_1mm.ubulk" 632
"../../../Engine/Plugins/Animation/ControlRig/Content/Controls/ControlRig_Circle_1mm.uasset" 633
"../../../Engine/Plugins/Animation/ControlRig/Content/Controls/ControlRig_Circle_1mm.uexp" 634
"../../../Engine/Plugins/Animation/ControlRig/Content/Controls/ControlRig_Box_solid.ubulk" 635
"../../../Engine/Plugins/Animation/ControlRig/Content/Controls/ControlRig_Box_solid.uasset" 636
"../../../Engine/Plugins/Animation/ControlRig/Content/Controls/ControlRig_Box_solid.uexp" 637
"../../../Engine/Plugins/Animation/ControlRig/Content/Controls/ControlRig_Box_3mm.ubulk" 638
"../../../Engine/Plugins/Animation/ControlRig/Content/Controls/ControlRig_Box_3mm.uasset" 639
"../../../Engine/Plugins/Animation/ControlRig/Content/Controls/ControlRig_Box_3mm.uexp" 640
"../../../Engine/Plugins/Animation/ControlRig/Content/Controls/ControlRig_Box_1mm.ubulk" 641
"../../../Engine/Plugins/Animation/ControlRig/Content/Controls/ControlRig_Box_1mm.uasset" 642
"../../../Engine/Plugins/Animation/ControlRig/Content/Controls/ControlRig_Box_1mm.uexp" 643
"../../../Engine/Plugins/Animation/ControlRig/Content/Controls/ControlRig_Arrow_solid.ubulk" 644
"../../../Engine/Plugins/Animation/ControlRig/Content/Controls/ControlRig_Arrow_solid.uasset" 645
"../../../Engine/Plugins/Animation/ControlRig/Content/Controls/ControlRig_Arrow_solid.uexp" 646
"../../../Engine/Plugins/Animation/ControlRig/Content/Controls/ControlRig_Arrow_3mm.ubulk" 647
"../../../Engine/Plugins/Animation/ControlRig/Content/Controls/ControlRig_Arrow_3mm.uasset" 648
"../../../Engine/Plugins/Animation/ControlRig/Content/Controls/ControlRig_Arrow_3mm.uexp" 649
"../../../Engine/Plugins/Animation/ControlRig/Content/Controls/ControlRig_Arrow_1mm.ubulk" 650
"../../../Engine/Plugins/Animation/ControlRig/Content/Controls/ControlRig_Arrow_1mm.uasset" 651
"../../../Engine/Plugins/Animation/ControlRig/Content/Controls/ControlRig_Arrow_1mm.uexp" 652
"../../../Engine/Plugins/Animation/ControlRig/Content/Controls/ControlRig_Arrow4_solid.ubulk" 653
"../../../Engine/Plugins/Animation/ControlRig/Content/Controls/ControlRig_Arrow4_solid.uasset" 654
"../../../Engine/Plugins/Animation/ControlRig/Content/Controls/ControlRig_Arrow4_solid.uexp" 655
"../../../Engine/Plugins/Animation/ControlRig/Content/Controls/ControlRig_Arrow4_3mm.ubulk" 656
"../../../Engine/Plugins/Animation/ControlRig/Content/Controls/ControlRig_Arrow4_3mm.uasset" 657
"../../../Engine/Plugins/Animation/ControlRig/Content/Controls/ControlRig_Arrow4_3mm.uexp" 658
"../../../Engine/Plugins/Animation/ControlRig/Content/Controls/ControlRig_Arrow4_1mm.ubulk" 659
"../../../Engine/Plugins/Animation/ControlRig/Content/Controls/ControlRig_Arrow4_1mm.uasset" 660
"../../../Engine/Plugins/Animation/ControlRig/Content/Controls/ControlRig_Arrow4_1mm.uexp" 661
"../../../Engine/Plugins/Animation/ControlRig/Content/Controls/ControlRig_Arrow2_solid.ubulk" 662
"../../../Engine/Plugins/Animation/ControlRig/Content/Controls/ControlRig_Arrow2_solid.uasset" 663
"../../../Engine/Plugins/Animation/ControlRig/Content/Controls/ControlRig_Arrow2_solid.uexp" 664
"../../../Engine/Plugins/Animation/ControlRig/Content/Controls/ControlRig_Arrow2_3mm.ubulk" 665
"../../../Engine/Plugins/Animation/ControlRig/Content/Controls/ControlRig_Arrow2_3mm.uasset" 666
"../../../Engine/Plugins/Animation/ControlRig/Content/Controls/ControlRig_Arrow2_3mm.uexp" 667
"../../../Engine/Plugins/Animation/ControlRig/Content/Controls/ControlRig_Arrow2_1mm.ubulk" 668
"../../../Engine/Plugins/Animation/ControlRig/Content/Controls/ControlRig_Arrow2_1mm.uasset" 669
"../../../Engine/Plugins/Animation/ControlRig/Content/Controls/ControlRig_Arrow2_1mm.uexp" 670
"../../../Engine/Plugins/Animation/ControlRig/Content/Controls/ControlRigXRayMaterial.uasset" 671
"../../../Engine/Plugins/Animation/ControlRig/Content/Controls/ControlRigXRayMaterial.uexp" 672
"../../../Engine/Plugins/Animation/ControlRig/Content/Controls/ControlRigGizmoMaterial.uasset" 673
"../../../Engine/Plugins/Animation/ControlRig/Content/Controls/ControlRigGizmoMaterial.uexp" 674
"../../../Engine/Content/EngineResources/DefaultVolumeTexture2D.uasset" 675
"../../../Engine/Content/EngineResources/DefaultVolumeTexture2D.uexp" 676
"../../../Engine/Content/EngineResources/DefaultVolumeTexture.uasset" 677
"../../../Engine/Content/EngineResources/DefaultVolumeTexture.uexp" 678
"../../../Engine/Content/EngineResources/DefaultTextureCube.uasset" 679
"../../../Engine/Content/EngineResources/DefaultTextureCube.uexp" 680
"../../../Engine/Plugins/VirtualProduction/CameraCalibrationCore/Content/Materials/M_DefaultOddSquare.uasset" 681
"../../../Engine/Plugins/VirtualProduction/CameraCalibrationCore/Content/Materials/M_DefaultOddSquare.uexp" 682
"../../../Engine/Plugins/VirtualProduction/CameraCalibrationCore/Content/Materials/M_DefaultEvenSquare.uasset" 683
"../../../Engine/Plugins/VirtualProduction/CameraCalibrationCore/Content/Materials/M_DefaultEvenSquare.uexp" 684
"../../../Engine/Plugins/Runtime/HairStrands/Content/Materials/HairMeshesDefaultMaterial.uasset" 685
"../../../Engine/Plugins/Runtime/HairStrands/Content/Materials/HairMeshesDefaultMaterial.uexp" 686
"../../../Engine/Plugins/Runtime/HairStrands/Content/Materials/HairDefaultMaterial.uasset" 687
"../../../Engine/Plugins/Runtime/HairStrands/Content/Materials/HairDefaultMaterial.uexp" 688
"../../../Engine/Content/EngineMaterials/HairDebugColor.uasset" 689
"../../../Engine/Content/EngineMaterials/HairDebugColor.uexp" 690
"../../../Engine/Content/EngineMaterials/HairColorMap.uasset" 691
"../../../Engine/Content/EngineMaterials/HairColorMap.uexp" 692
"../../../Engine/Plugins/Runtime/HairStrands/Content/Materials/HairGroupColors.uasset" 693
"../../../Engine/Plugins/Runtime/HairStrands/Content/Materials/HairGroupColors.uexp" 694
"../../../Engine/Plugins/Runtime/HairStrands/Content/Materials/HairDebugMaterial.uasset" 695
"../../../Engine/Plugins/Runtime/HairStrands/Content/Materials/HairDebugMaterial.uexp" 696
"../../../Engine/Plugins/Runtime/HairStrands/Content/Materials/HairCardsDefaultMaterial.uasset" 697
"../../../Engine/Plugins/Runtime/HairStrands/Content/Materials/HairCardsDefaultMaterial.uexp" 698
"../../../Engine/Content/EditorMaterials/Dataflow/DataflowVertexMaterial.uasset" 699
"../../../Engine/Content/EditorMaterials/Dataflow/DataflowVertexMaterial.uexp" 700
"../../../Engine/Content/EditorMaterials/Dataflow/DataflowTwoSidedVertexMaterial.uasset" 701
"../../../Engine/Content/EditorMaterials/Dataflow/DataflowTwoSidedVertexMaterial.uexp" 702
"../../../Engine/Content/EngineResources/FilmGrains/Marcie_Grain_v3_128_M2_000.uasset" 703
"../../../Engine/Content/EngineResources/FilmGrains/Marcie_Grain_v3_128_M2_000.uexp" 704
"../../../Engine/Content/EngineResources/Development/ZenLogo_64.uasset" 705
"../../../Engine/Content/EngineResources/Development/ZenLogo_64.uexp" 706
"../../../Engine/Content/EngineMaterials/LTC/Sheen_LTC.uasset" 707
"../../../Engine/Content/EngineMaterials/LTC/Sheen_LTC.uexp" 708
"../../../Engine/Content/EngineMaterials/LTC/GGX_LTCMat.uasset" 709
"../../../Engine/Content/EngineMaterials/LTC/GGX_LTCMat.uexp" 710
"../../../Engine/Content/EngineMaterials/LTC/GGX_LTCAmp.uasset" 711
"../../../Engine/Content/EngineMaterials/LTC/GGX_LTCAmp.uexp" 712
"../../../Engine/Content/EngineMaterials/EnergyConservation/Sheen_Energy.uasset" 713
"../../../Engine/Content/EngineMaterials/EnergyConservation/Sheen_Energy.uexp" 714
"../../../Engine/Content/EngineMaterials/EnergyConservation/SheenLegacy_Energy.uasset" 715
"../../../Engine/Content/EngineMaterials/EnergyConservation/SheenLegacy_Energy.uexp" 716
"../../../Engine/Content/EngineMaterials/EnergyConservation/GGX_TransmissionEnergyArray.uasset" 717
"../../../Engine/Content/EngineMaterials/EnergyConservation/GGX_TransmissionEnergyArray.uexp" 718
"../../../Engine/Content/EngineMaterials/EnergyConservation/GGX_ReflectionEnergy.uasset" 719
"../../../Engine/Content/EngineMaterials/EnergyConservation/GGX_ReflectionEnergy.uexp" 720
"../../../Engine/Content/EngineMaterials/EnergyConservation/Diffuse_Energy.uasset" 721
"../../../Engine/Content/EngineMaterials/EnergyConservation/Diffuse_Energy.uexp" 722
"../../../Engine/Content/EditorResources/SequenceRecorder/RecordingIndicator.uasset" 723
"../../../Engine/Content/EditorResources/SequenceRecorder/RecordingIndicator.uexp" 724
"../../../Engine/Content/EditorResources/SequenceRecorder/Countdown.uasset" 725
"../../../Engine/Content/EditorResources/SequenceRecorder/Countdown.uexp" 726
"../../../Engine/Content/EditorMaterials/Camera/CineMat.uasset" 727
"../../../Engine/Content/EditorMaterials/Camera/CineMat.uexp" 728
"../../../Engine/Content/EditorMaterials/Camera/MI_CineMat_Rig.uasset" 729
"../../../Engine/Content/EditorMaterials/Camera/MI_CineMat_Rig.uexp" 730
"../../../Engine/Content/EditorMeshes/Camera/SM_RailRig_Track.ubulk" 731
"../../../Engine/Content/EditorMeshes/Camera/SM_RailRig_Track.uasset" 732
"../../../Engine/Content/EditorMeshes/Camera/SM_RailRig_Track.uexp" 733
"../../../Engine/Content/EditorMeshes/Camera/SM_RailRig_Mount.ubulk" 734
"../../../Engine/Content/EditorMeshes/Camera/SM_RailRig_Mount.uasset" 735
"../../../Engine/Content/EditorMeshes/Camera/SM_RailRig_Mount.uexp" 736
"../../../Engine/Content/EditorMeshes/Camera/SM_CraneRig_Mount.ubulk" 737
"../../../Engine/Content/EditorMeshes/Camera/SM_CraneRig_Mount.uasset" 738
"../../../Engine/Content/EditorMeshes/Camera/SM_CraneRig_Mount.uexp" 739
"../../../Engine/Content/EditorMeshes/Camera/SM_CraneRig_Body.ubulk" 740
"../../../Engine/Content/EditorMeshes/Camera/SM_CraneRig_Body.uasset" 741
"../../../Engine/Content/EditorMeshes/Camera/SM_CraneRig_Body.uexp" 742
"../../../Engine/Content/EditorMeshes/Camera/SM_CraneRig_Base.ubulk" 743
"../../../Engine/Content/EditorMeshes/Camera/SM_CraneRig_Base.uasset" 744
"../../../Engine/Content/EditorMeshes/Camera/SM_CraneRig_Base.uexp" 745
"../../../Engine/Content/EditorMeshes/Camera/SM_CraneRig_Arm.ubulk" 746
"../../../Engine/Content/EditorMeshes/Camera/SM_CraneRig_Arm.uasset" 747
"../../../Engine/Content/EditorMeshes/Camera/SM_CraneRig_Arm.uexp" 748
"../../../Engine/Content/EditorMaterials/ParticleSystems/PSysThumbnail_OOD.ubulk" 749
"../../../Engine/Content/EditorMaterials/ParticleSystems/PSysThumbnail_OOD.uasset" 750
"../../../Engine/Content/EditorMaterials/ParticleSystems/PSysThumbnail_OOD.uexp" 751
"../../../Engine/Content/EditorMaterials/ParticleSystems/PSysThumbnail_NoImage.ubulk" 752
"../../../Engine/Content/EditorMaterials/ParticleSystems/PSysThumbnail_NoImage.uasset" 753
"../../../Engine/Content/EditorMaterials/ParticleSystems/PSysThumbnail_NoImage.uexp" 754
"../../../Engine/Plugins/Experimental/Landmass/Content/Landscape/Meshes/S_SpritePlane.ubulk" 755
"../../../Engine/Plugins/Experimental/Landmass/Content/Landscape/Meshes/S_SpritePlane.uasset" 756
"../../../Engine/Plugins/Experimental/Landmass/Content/Landscape/Meshes/S_SpritePlane.uexp" 757
"../../../Engine/Content/VREditor/TransformGizmo/Xray.uasset" 758
"../../../Engine/Content/VREditor/TransformGizmo/Xray.uexp" 759
"../../../Engine/Content/VREditor/TransformGizmo/Main.uasset" 760
"../../../Engine/Content/VREditor/TransformGizmo/Main.uexp" 761
"../../../Engine/Content/VREditor/TransformGizmo/SM_Sequencer_Node.ubulk" 762
"../../../Engine/Content/VREditor/TransformGizmo/SM_Sequencer_Node.uasset" 763
"../../../Engine/Content/VREditor/TransformGizmo/SM_Sequencer_Node.uexp" 764
"../../../Engine/Content/VREditor/TransformGizmo/TranslucentTransformGizmoMaterial.uasset" 765
"../../../Engine/Content/VREditor/TransformGizmo/TranslucentTransformGizmoMaterial.uexp" 766
"../../../Engine/Content/VREditor/LaserPointer/VR_LaserPower_01.ubulk" 767
"../../../Engine/Content/VREditor/LaserPointer/VR_LaserPower_01.uasset" 768
"../../../Engine/Content/VREditor/LaserPointer/VR_LaserPower_01.uexp" 769
"../../../Engine/Content/VREditor/TransformGizmo/TransformGizmoMaterial.uasset" 770
"../../../Engine/Content/VREditor/TransformGizmo/TransformGizmoMaterial.uexp" 771
"../../../Engine/Content/VREditor/TransformGizmo/BoundingBoxEdge.ubulk" 772
"../../../Engine/Content/VREditor/TransformGizmo/BoundingBoxEdge.uasset" 773
"../../../Engine/Content/VREditor/TransformGizmo/BoundingBoxEdge.uexp" 774
"../../../Engine/Content/VREditor/TransformGizmo/BoundingBoxCorner.ubulk" 775
"../../../Engine/Content/VREditor/TransformGizmo/BoundingBoxCorner.uasset" 776
"../../../Engine/Content/VREditor/TransformGizmo/BoundingBoxCorner.uexp" 777
"../../../Engine/Content/EngineResources/Black.uasset" 778
"../../../Engine/Content/EngineResources/Black.uexp" 779
"../../../Engine/Content/EngineMaterials/BaseFlattenNormalMap.uasset" 780
"../../../Engine/Content/EngineMaterials/BaseFlattenNormalMap.uexp" 781
"../../../Engine/Plugins/Runtime/OpenXR/Content/Devices/M_XRController.uasset" 782
"../../../Engine/Plugins/Runtime/OpenXR/Content/Devices/M_XRController.uexp" 783
"../../../Engine/Plugins/Runtime/OpenXR/Content/Devices/OculusGo/BaseTexture.ubulk" 784
"../../../Engine/Plugins/Runtime/OpenXR/Content/Devices/OculusGo/BaseTexture.uasset" 785
"../../../Engine/Plugins/Runtime/OpenXR/Content/Devices/OculusGo/BaseTexture.uexp" 786
"../../../Engine/Plugins/Runtime/OpenXR/Content/Devices/OculusGo/MI_OculusGo.uasset" 787
"../../../Engine/Plugins/Runtime/OpenXR/Content/Devices/OculusGo/MI_OculusGo.uexp" 788
"../../../Engine/Plugins/Runtime/OpenXR/Content/Devices/OculusGo/OculusGoController.ubulk" 789
"../../../Engine/Plugins/Runtime/OpenXR/Content/Devices/OculusGo/OculusGoController.uasset" 790
"../../../Engine/Plugins/Runtime/OpenXR/Content/Devices/OculusGo/OculusGoController.uexp" 791
"../../../Engine/Plugins/Runtime/OpenXR/Content/Devices/HTCVive/BaseTexture.ubulk" 792
"../../../Engine/Plugins/Runtime/OpenXR/Content/Devices/HTCVive/BaseTexture.uasset" 793
"../../../Engine/Plugins/Runtime/OpenXR/Content/Devices/HTCVive/BaseTexture.uexp" 794
"../../../Engine/Plugins/Runtime/OpenXR/Content/Devices/HTCVive/MI_HTCVive.uasset" 795
"../../../Engine/Plugins/Runtime/OpenXR/Content/Devices/HTCVive/MI_HTCVive.uexp" 796
"../../../Engine/Plugins/Runtime/OpenXR/Content/Devices/HTCVive/HTCViveController.ubulk" 797
"../../../Engine/Plugins/Runtime/OpenXR/Content/Devices/HTCVive/HTCViveController.uasset" 798
"../../../Engine/Plugins/Runtime/OpenXR/Content/Devices/HTCVive/HTCViveController.uexp" 799
"../../../Engine/Plugins/Marketplace/MetaXRInteraction/Content/Models/RoundedButton/DefaultTransitionCurve.uasset" 800
"../../../Engine/Plugins/Marketplace/MetaXRInteraction/Content/Models/RoundedButton/DefaultTransitionCurve.uexp" 801
"../../../Engine/Plugins/Marketplace/MetaXRInteraction/Content/Models/RayVisual/PinchStrengthCurve.uasset" 802
"../../../Engine/Plugins/Marketplace/MetaXRInteraction/Content/Models/RayVisual/PinchStrengthCurve.uexp" 803
"../../../Engine/Plugins/Marketplace/MetaXRInteraction/Content/Models/RayVisual/OculusHandPinchArrowBlended_Skeleton.uasset" 804
"../../../Engine/Plugins/Marketplace/MetaXRInteraction/Content/Models/RayVisual/OculusHandPinchArrowBlended_Skeleton.uexp" 805
"../../../Engine/Plugins/Marketplace/MetaXRInteraction/Content/Models/RayVisual/OculusHandPinchArrowBlended_PhysicsAsset.uasset" 806
"../../../Engine/Plugins/Marketplace/MetaXRInteraction/Content/Models/RayVisual/OculusHandPinchArrowBlended_PhysicsAsset.uexp" 807
"../../../Engine/Plugins/Marketplace/MetaXRInteraction/Content/Models/RayVisual/OculusHandPinchArrowBlended.uasset" 808
"../../../Engine/Plugins/Marketplace/MetaXRInteraction/Content/Models/RayVisual/OculusHandPinchArrowBlended.uexp" 809
"../../../Engine/Plugins/Marketplace/MetaXRInteraction/Content/Models/Hands/Skel_OpenXRHand_Right.uasset" 810
"../../../Engine/Plugins/Marketplace/MetaXRInteraction/Content/Models/Hands/Skel_OpenXRHand_Right.uexp" 811
"../../../Engine/Plugins/Marketplace/MetaXRInteraction/Content/Materials/Hands/M_Hand_Translucent.uasset" 812
"../../../Engine/Plugins/Marketplace/MetaXRInteraction/Content/Materials/Hands/M_Hand_Translucent.uexp" 813
"../../../Engine/Plugins/Marketplace/MetaXRInteraction/Content/Models/Hands/SK_OpenXRHand_Right.uasset" 814
"../../../Engine/Plugins/Marketplace/MetaXRInteraction/Content/Models/Hands/SK_OpenXRHand_Right.uexp" 815
"../../../Engine/Plugins/Marketplace/MetaXRInteraction/Content/Models/Hands/Skel_OpenXRHand_Left.uasset" 816
"../../../Engine/Plugins/Marketplace/MetaXRInteraction/Content/Models/Hands/Skel_OpenXRHand_Left.uexp" 817
"../../../Engine/Plugins/Marketplace/MetaXRInteraction/Content/Models/Hands/SK_OpenXRHand_Left.uasset" 818
"../../../Engine/Plugins/Marketplace/MetaXRInteraction/Content/Models/Hands/SK_OpenXRHand_Left.uexp" 819
"../../../Engine/Plugins/Interchange/Assets/Content/gltf/Textures/T_White_srgb.uasset" 820
"../../../Engine/Plugins/Interchange/Assets/Content/gltf/Textures/T_White_srgb.uexp" 821
"../../../Engine/Plugins/Interchange/Assets/Content/gltf/MaterialFunctions/MF_BaseColor.uasset" 822
"../../../Engine/Plugins/Interchange/Assets/Content/gltf/MaterialFunctions/MF_BaseColor.uexp" 823
"../../../Engine/Plugins/Interchange/Assets/Content/gltf/MaterialFunctions/MF_RotateV2.uasset" 824
"../../../Engine/Plugins/Interchange/Assets/Content/gltf/MaterialFunctions/MF_RotateV2.uexp" 825
"../../../Engine/Plugins/Interchange/Assets/Content/gltf/MaterialFunctions/MF_TransformUVs.uasset" 826
"../../../Engine/Plugins/Interchange/Assets/Content/gltf/MaterialFunctions/MF_TransformUVs.uexp" 827
"../../../Engine/Plugins/Interchange/Assets/Content/gltf/MaterialBodies/MF_Unlit_Body.uasset" 828
"../../../Engine/Plugins/Interchange/Assets/Content/gltf/MaterialBodies/MF_Unlit_Body.uexp" 829
"../../../Engine/Plugins/Interchange/Assets/Content/gltf/M_Unlit.uasset" 830
"../../../Engine/Plugins/Interchange/Assets/Content/gltf/M_Unlit.uexp" 831
"../../../Engine/Plugins/Interchange/Assets/Content/gltf/MaterialInstances/MI_Unlit_Opaque_DS.uasset" 832
"../../../Engine/Plugins/Interchange/Assets/Content/gltf/MaterialInstances/MI_Unlit_Opaque_DS.uexp" 833
"../../../Engine/Plugins/Interchange/Assets/Content/gltf/MaterialInstances/MI_Unlit_Opaque.uasset" 834
"../../../Engine/Plugins/Interchange/Assets/Content/gltf/MaterialInstances/MI_Unlit_Opaque.uexp" 835
"../../../Engine/Plugins/Interchange/Assets/Content/gltf/MaterialInstances/MI_Unlit_Mask_DS.uasset" 836
"../../../Engine/Plugins/Interchange/Assets/Content/gltf/MaterialInstances/MI_Unlit_Mask_DS.uexp" 837
"../../../Engine/Plugins/Interchange/Assets/Content/gltf/MaterialInstances/MI_Unlit_Mask.uasset" 838
"../../../Engine/Plugins/Interchange/Assets/Content/gltf/MaterialInstances/MI_Unlit_Mask.uexp" 839
"../../../Engine/Plugins/Interchange/Assets/Content/gltf/MaterialInstances/MI_Unlit_Blend_DS.uasset" 840
"../../../Engine/Plugins/Interchange/Assets/Content/gltf/MaterialInstances/MI_Unlit_Blend_DS.uexp" 841
"../../../Engine/Plugins/Interchange/Assets/Content/gltf/MaterialInstances/MI_Unlit_Blend.uasset" 842
"../../../Engine/Plugins/Interchange/Assets/Content/gltf/MaterialInstances/MI_Unlit_Blend.uexp" 843
"../../../Engine/Content/EngineMaterials/Good64x64TilingNoiseHighFreq.uasset" 844
"../../../Engine/Content/EngineMaterials/Good64x64TilingNoiseHighFreq.uexp" 845
"../../../Engine/Content/Functions/Engine_MaterialFunctions02/Texturing/ScreenAlignedPixelToPixelUVs.uasset" 846
"../../../Engine/Content/Functions/Engine_MaterialFunctions02/Texturing/ScreenAlignedPixelToPixelUVs.uexp" 847
"../../../Engine/Plugins/Interchange/Assets/Content/Utilities/New_LUT.uasset" 848
"../../../Engine/Plugins/Interchange/Assets/Content/Utilities/New_LUT.uexp" 849
"../../../Engine/Content/Functions/Engine_MaterialFunctions03/Math/RemapValueRange.uasset" 850
"../../../Engine/Content/Functions/Engine_MaterialFunctions03/Math/RemapValueRange.uexp" 851
"../../../Engine/Plugins/Interchange/Assets/Content/Functions/MF_Iridescence.uasset" 852
"../../../Engine/Plugins/Interchange/Assets/Content/Functions/MF_Iridescence.uexp" 853
"../../../Engine/Plugins/Interchange/Assets/Content/gltf/MaterialFunctions/MF_Fresnel_DS.uasset" 854
"../../../Engine/Plugins/Interchange/Assets/Content/gltf/MaterialFunctions/MF_Fresnel_DS.uexp" 855
"../../../Engine/Plugins/Interchange/Assets/Content/gltf/MaterialFunctions/MF_IOR.uasset" 856
"../../../Engine/Plugins/Interchange/Assets/Content/gltf/MaterialFunctions/MF_IOR.uexp" 857
"../../../Engine/Plugins/Interchange/Assets/Content/gltf/MaterialFunctions/MF_Iridescence.uasset" 858
"../../../Engine/Plugins/Interchange/Assets/Content/gltf/MaterialFunctions/MF_Iridescence.uexp" 859
"../../../Engine/Plugins/Interchange/Assets/Content/gltf/Textures/T_White_Linear.uasset" 860
"../../../Engine/Plugins/Interchange/Assets/Content/gltf/Textures/T_White_Linear.uexp" 861
"../../../Engine/Plugins/Interchange/Assets/Content/gltf/MaterialFunctions/MF_MetallicRoughness.uasset" 862
"../../../Engine/Plugins/Interchange/Assets/Content/gltf/MaterialFunctions/MF_MetallicRoughness.uexp" 863
"../../../Engine/Content/Functions/Engine_MaterialFunctions02/Math/Transform3x3Matrix.uasset" 864
"../../../Engine/Content/Functions/Engine_MaterialFunctions02/Math/Transform3x3Matrix.uexp" 865
"../../../Engine/Plugins/Interchange/Assets/Content/gltf/MaterialFunctions/MF_RotateNormals_TS.uasset" 866
"../../../Engine/Plugins/Interchange/Assets/Content/gltf/MaterialFunctions/MF_RotateNormals_TS.uexp" 867
"../../../Engine/Plugins/Interchange/Assets/Content/gltf/MaterialFunctions/MF_ScaleNormal.uasset" 868
"../../../Engine/Plugins/Interchange/Assets/Content/gltf/MaterialFunctions/MF_ScaleNormal.uexp" 869
"../../../Engine/Plugins/Interchange/Assets/Content/gltf/Textures/T_Generic_N.uasset" 870
"../../../Engine/Plugins/Interchange/Assets/Content/gltf/Textures/T_Generic_N.uexp" 871
"../../../Engine/Plugins/Interchange/Assets/Content/gltf/MaterialFunctions/MF_Normals.uasset" 872
"../../../Engine/Plugins/Interchange/Assets/Content/gltf/MaterialFunctions/MF_Normals.uexp" 873
"../../../Engine/Plugins/Interchange/Assets/Content/gltf/MaterialFunctions/MF_Occlusion.uasset" 874
"../../../Engine/Plugins/Interchange/Assets/Content/gltf/MaterialFunctions/MF_Occlusion.uexp" 875
"../../../Engine/Plugins/Interchange/Assets/Content/gltf/MaterialFunctions/MF_Specular.uasset" 876
"../../../Engine/Plugins/Interchange/Assets/Content/gltf/MaterialFunctions/MF_Specular.uexp" 877
"../../../Engine/Plugins/Interchange/Assets/Content/gltf/Textures/T_Anisotropy_Direction_Linear.uasset" 878
"../../../Engine/Plugins/Interchange/Assets/Content/gltf/Textures/T_Anisotropy_Direction_Linear.uexp" 879
"../../../Engine/Plugins/Interchange/Assets/Content/gltf/MaterialFunctions/MF_SpecularAnisotropy.uasset" 880
"../../../Engine/Plugins/Interchange/Assets/Content/gltf/MaterialFunctions/MF_SpecularAnisotropy.uexp" 881
"../../../Engine/Plugins/Interchange/Assets/Content/gltf/MaterialFunctions/MF_Temporal_Blur.uasset" 882
"../../../Engine/Plugins/Interchange/Assets/Content/gltf/MaterialFunctions/MF_Temporal_Blur.uexp" 883
"../../../Engine/Plugins/Interchange/Assets/Content/gltf/MaterialFunctions/MF_Transmission.uasset" 884
"../../../Engine/Plugins/Interchange/Assets/Content/gltf/MaterialFunctions/MF_Transmission.uexp" 885
"../../../Engine/Plugins/Interchange/Assets/Content/gltf/MaterialBodies/MF_Transmission_Body.uasset" 886
"../../../Engine/Plugins/Interchange/Assets/Content/gltf/MaterialBodies/MF_Transmission_Body.uexp" 887
"../../../Engine/Plugins/Interchange/Assets/Content/gltf/M_Transmission.uasset" 888
"../../../Engine/Plugins/Interchange/Assets/Content/gltf/M_Transmission.uexp" 889
"../../../Engine/Plugins/Interchange/Assets/Content/gltf/MaterialInstances/MI_Transmission.uasset" 890
"../../../Engine/Plugins/Interchange/Assets/Content/gltf/MaterialInstances/MI_Transmission.uexp" 891
"../../../Engine/Content/Functions/Engine_MaterialFunctions02/Math/AddComponents.uasset" 892
"../../../Engine/Content/Functions/Engine_MaterialFunctions02/Math/AddComponents.uexp" 893
"../../../Engine/Plugins/Interchange/Assets/Content/gltf/MaterialFunctions/MF_DiffuseSpecGloss.uasset" 894
"../../../Engine/Plugins/Interchange/Assets/Content/gltf/MaterialFunctions/MF_DiffuseSpecGloss.uexp" 895
"../../../Engine/Plugins/Interchange/Assets/Content/gltf/MaterialFunctions/MF_Emissive.uasset" 896
"../../../Engine/Plugins/Interchange/Assets/Content/gltf/MaterialFunctions/MF_Emissive.uexp" 897
"../../../Engine/Plugins/Interchange/Assets/Content/gltf/MaterialFunctions/MF_MaxComponentValue.uasset" 898
"../../../Engine/Plugins/Interchange/Assets/Content/gltf/MaterialFunctions/MF_MaxComponentValue.uexp" 899
"../../../Engine/Plugins/Interchange/Assets/Content/gltf/MaterialFunctions/MF_PerceivedBrightness.uasset" 900
"../../../Engine/Plugins/Interchange/Assets/Content/gltf/MaterialFunctions/MF_PerceivedBrightness.uexp" 901
"../../../Engine/Plugins/Interchange/Assets/Content/gltf/MaterialFunctions/MF_SpecGlossToMetalRoughness.uasset" 902
"../../../Engine/Plugins/Interchange/Assets/Content/gltf/MaterialFunctions/MF_SpecGlossToMetalRoughness.uexp" 903
"../../../Engine/Plugins/Interchange/Assets/Content/gltf/MaterialBodies/MF_SpecularGlossiness_Body.uasset" 904
"../../../Engine/Plugins/Interchange/Assets/Content/gltf/MaterialBodies/MF_SpecularGlossiness_Body.uexp" 905
"../../../Engine/Plugins/Interchange/Assets/Content/gltf/M_SpecularGlossiness.uasset" 906
"../../../Engine/Plugins/Interchange/Assets/Content/gltf/M_SpecularGlossiness.uexp" 907
"../../../Engine/Plugins/Interchange/Assets/Content/gltf/MaterialInstances/MI_SpecularGlossiness_Opaque_DS.uasset" 908
"../../../Engine/Plugins/Interchange/Assets/Content/gltf/MaterialInstances/MI_SpecularGlossiness_Opaque_DS.uexp" 909
"../../../Engine/Plugins/Interchange/Assets/Content/gltf/MaterialInstances/MI_SpecularGlossiness_Opaque.uasset" 910
"../../../Engine/Plugins/Interchange/Assets/Content/gltf/MaterialInstances/MI_SpecularGlossiness_Opaque.uexp" 911
"../../../Engine/Plugins/Interchange/Assets/Content/gltf/MaterialInstances/MI_SpecularGlossiness_Mask_DS.uasset" 912
"../../../Engine/Plugins/Interchange/Assets/Content/gltf/MaterialInstances/MI_SpecularGlossiness_Mask_DS.uexp" 913
"../../../Engine/Plugins/Interchange/Assets/Content/gltf/MaterialInstances/MI_SpecularGlossiness_Mask.uasset" 914
"../../../Engine/Plugins/Interchange/Assets/Content/gltf/MaterialInstances/MI_SpecularGlossiness_Mask.uexp" 915
"../../../Engine/Plugins/Interchange/Assets/Content/gltf/MaterialInstances/MI_SpecularGlossiness_Blend_DS.uasset" 916
"../../../Engine/Plugins/Interchange/Assets/Content/gltf/MaterialInstances/MI_SpecularGlossiness_Blend_DS.uexp" 917
"../../../Engine/Plugins/Interchange/Assets/Content/gltf/MaterialInstances/MI_SpecularGlossiness_Blend.uasset" 918
"../../../Engine/Plugins/Interchange/Assets/Content/gltf/MaterialInstances/MI_SpecularGlossiness_Blend.uexp" 919
"../../../Engine/Plugins/Interchange/Assets/Content/gltf/MaterialFunctions/MF_Sheen.uasset" 920
"../../../Engine/Plugins/Interchange/Assets/Content/gltf/MaterialFunctions/MF_Sheen.uexp" 921
"../../../Engine/Plugins/Interchange/Assets/Content/gltf/MaterialBodies/MF_Sheen_Body.uasset" 922
"../../../Engine/Plugins/Interchange/Assets/Content/gltf/MaterialBodies/MF_Sheen_Body.uexp" 923
"../../../Engine/Plugins/Interchange/Assets/Content/gltf/M_Sheen.uasset" 924
"../../../Engine/Plugins/Interchange/Assets/Content/gltf/M_Sheen.uexp" 925
"../../../Engine/Plugins/Interchange/Assets/Content/gltf/MaterialInstances/MI_Sheen_Opaque_DS.uasset" 926
"../../../Engine/Plugins/Interchange/Assets/Content/gltf/MaterialInstances/MI_Sheen_Opaque_DS.uexp" 927
"../../../Engine/Plugins/Interchange/Assets/Content/gltf/MaterialInstances/MI_Sheen_Opaque.uasset" 928
"../../../Engine/Plugins/Interchange/Assets/Content/gltf/MaterialInstances/MI_Sheen_Opaque.uexp" 929
"../../../Engine/Plugins/Interchange/Assets/Content/gltf/MaterialInstances/MI_Sheen_Mask_DS.uasset" 930
"../../../Engine/Plugins/Interchange/Assets/Content/gltf/MaterialInstances/MI_Sheen_Mask_DS.uexp" 931
"../../../Engine/Plugins/Interchange/Assets/Content/gltf/MaterialInstances/MI_Sheen_Mask.uasset" 932
"../../../Engine/Plugins/Interchange/Assets/Content/gltf/MaterialInstances/MI_Sheen_Mask.uexp" 933
"../../../Engine/Plugins/Interchange/Assets/Content/gltf/MaterialInstances/MI_Sheen_Blend_DS.uasset" 934
"../../../Engine/Plugins/Interchange/Assets/Content/gltf/MaterialInstances/MI_Sheen_Blend_DS.uexp" 935
"../../../Engine/Plugins/Interchange/Assets/Content/gltf/MaterialInstances/MI_Sheen_Blend.uasset" 936
"../../../Engine/Plugins/Interchange/Assets/Content/gltf/MaterialInstances/MI_Sheen_Blend.uexp" 937
"../../../Engine/Plugins/Interchange/Assets/Content/gltf/MaterialBodies/MF_Default_Body.uasset" 938
"../../../Engine/Plugins/Interchange/Assets/Content/gltf/MaterialBodies/MF_Default_Body.uexp" 939
"../../../Engine/Plugins/Interchange/Assets/Content/gltf/M_Default.uasset" 940
"../../../Engine/Plugins/Interchange/Assets/Content/gltf/M_Default.uexp" 941
"../../../Engine/Plugins/Interchange/Assets/Content/gltf/MaterialInstances/MI_Default_Opaque.uasset" 942
"../../../Engine/Plugins/Interchange/Assets/Content/gltf/MaterialInstances/MI_Default_Opaque.uexp" 943
"../../../Engine/Plugins/Interchange/Assets/Content/gltf/MaterialInstances/MI_Default_Mask_DS.uasset" 944
"../../../Engine/Plugins/Interchange/Assets/Content/gltf/MaterialInstances/MI_Default_Mask_DS.uexp" 945
"../../../Engine/Plugins/Interchange/Assets/Content/gltf/MaterialInstances/MI_Default_Mask.uasset" 946
"../../../Engine/Plugins/Interchange/Assets/Content/gltf/MaterialInstances/MI_Default_Mask.uexp" 947
"../../../Engine/Plugins/Interchange/Assets/Content/gltf/MaterialInstances/MI_Default_Blend.uasset" 948
"../../../Engine/Plugins/Interchange/Assets/Content/gltf/MaterialInstances/MI_Default_Blend.uexp" 949
"../../../Engine/Content/Functions/Engine_MaterialFunctions01/Texturing/FlattenNormal.uasset" 950
"../../../Engine/Content/Functions/Engine_MaterialFunctions01/Texturing/FlattenNormal.uexp" 951
"../../../Engine/Plugins/Interchange/Assets/Content/gltf/MaterialFunctions/MF_Clearcoat.uasset" 952
"../../../Engine/Plugins/Interchange/Assets/Content/gltf/MaterialFunctions/MF_Clearcoat.uexp" 953
"../../../Engine/Plugins/Interchange/Assets/Content/gltf/MaterialBodies/MF_ClearCoat_Body.uasset" 954
"../../../Engine/Plugins/Interchange/Assets/Content/gltf/MaterialBodies/MF_ClearCoat_Body.uexp" 955
"../../../Engine/Plugins/Interchange/Assets/Content/gltf/M_ClearCoat.uasset" 956
"../../../Engine/Plugins/Interchange/Assets/Content/gltf/M_ClearCoat.uexp" 957
"../../../Engine/Plugins/Interchange/Assets/Content/gltf/MaterialInstances/MI_ClearCoat_Opaque_DS.uasset" 958
"../../../Engine/Plugins/Interchange/Assets/Content/gltf/MaterialInstances/MI_ClearCoat_Opaque_DS.uexp" 959
"../../../Engine/Plugins/Interchange/Assets/Content/gltf/MaterialInstances/MI_ClearCoat_Opaque.uasset" 960
"../../../Engine/Plugins/Interchange/Assets/Content/gltf/MaterialInstances/MI_ClearCoat_Opaque.uexp" 961
"../../../Engine/Plugins/Interchange/Assets/Content/gltf/MaterialInstances/MI_ClearCoat_Mask_DS.uasset" 962
"../../../Engine/Plugins/Interchange/Assets/Content/gltf/MaterialInstances/MI_ClearCoat_Mask_DS.uexp" 963
"../../../Engine/Plugins/Interchange/Assets/Content/gltf/MaterialInstances/MI_ClearCoat_Mask.uasset" 964
"../../../Engine/Plugins/Interchange/Assets/Content/gltf/MaterialInstances/MI_ClearCoat_Mask.uexp" 965
"../../../Engine/Plugins/Interchange/Assets/Content/gltf/MaterialInstances/MI_ClearCoat_Blend_DS.uasset" 966
"../../../Engine/Plugins/Interchange/Assets/Content/gltf/MaterialInstances/MI_ClearCoat_Blend_DS.uexp" 967
"../../../Engine/Plugins/Interchange/Assets/Content/gltf/MaterialInstances/MI_ClearCoat_Blend.uasset" 968
"../../../Engine/Plugins/Interchange/Assets/Content/gltf/MaterialInstances/MI_ClearCoat_Blend.uexp" 969
"../../../Engine/Content/ArtTools/RenderToTexture/Meshes/S_1_Unit_Plane.ubulk" 970
"../../../Engine/Content/ArtTools/RenderToTexture/Meshes/S_1_Unit_Plane.uasset" 971
"../../../Engine/Content/ArtTools/RenderToTexture/Meshes/S_1_Unit_Plane.uexp" 972
"../../../Engine/Content/EngineMaterials/Substrate/Volume/SubstrateSimpleVolumeLUT3D.uasset" 973
"../../../Engine/Content/EngineMaterials/Substrate/Volume/SubstrateSimpleVolumeLUT3D.uexp" 974
"../../../Engine/Content/EngineMaterials/Substrate/Volume/SubstrateSimpleVolumeEnvLUT3D.uasset" 975
"../../../Engine/Content/EngineMaterials/Substrate/Volume/SubstrateSimpleVolumeEnvLUT3D.uexp" 976
"../../../Engine/Content/EngineMaterials/Substrate/Glints2/AGlintTex2dArray2.uasset" 977
"../../../Engine/Content/EngineMaterials/Substrate/Glints2/AGlintTex2dArray2.uexp" 978
"../../../Engine/Content/EngineMaterials/Substrate/GLints/AGlintTex2dArray.uasset" 979
"../../../Engine/Content/EngineMaterials/Substrate/GLints/AGlintTex2dArray.uexp" 980
"../../../Engine/Plugins/Runtime/OpenXR/Content/Devices/ValveIndex/MRTexture.ubulk" 981
"../../../Engine/Plugins/Runtime/OpenXR/Content/Devices/ValveIndex/MRTexture.uasset" 982
"../../../Engine/Plugins/Runtime/OpenXR/Content/Devices/ValveIndex/MRTexture.uexp" 983
"../../../Engine/Plugins/Runtime/OpenXR/Content/Devices/ValveIndex/BaseTexture.ubulk" 984
"../../../Engine/Plugins/Runtime/OpenXR/Content/Devices/ValveIndex/BaseTexture.uasset" 985
"../../../Engine/Plugins/Runtime/OpenXR/Content/Devices/ValveIndex/BaseTexture.uexp" 986
"../../../Engine/Plugins/Runtime/OpenXR/Content/Devices/ValveIndex/Right/MI_right_ValveIndex.uasset" 987
"../../../Engine/Plugins/Runtime/OpenXR/Content/Devices/ValveIndex/Right/MI_right_ValveIndex.uexp" 988
"../../../Engine/Plugins/Runtime/OpenXR/Content/Devices/ValveIndex/Right/right_ValveIndexController.ubulk" 989
"../../../Engine/Plugins/Runtime/OpenXR/Content/Devices/ValveIndex/Right/right_ValveIndexController.uasset" 990
"../../../Engine/Plugins/Runtime/OpenXR/Content/Devices/ValveIndex/Right/right_ValveIndexController.uexp" 991
"../../../Engine/Plugins/Runtime/OpenXR/Content/Devices/ValveIndex/Left/MI_left_ValveIndex.uasset" 992
"../../../Engine/Plugins/Runtime/OpenXR/Content/Devices/ValveIndex/Left/MI_left_ValveIndex.uexp" 993
"../../../Engine/Plugins/Runtime/OpenXR/Content/Devices/ValveIndex/Left/left_ValveIndexController.ubulk" 994
"../../../Engine/Plugins/Runtime/OpenXR/Content/Devices/ValveIndex/Left/left_ValveIndexController.uasset" 995
"../../../Engine/Plugins/Runtime/OpenXR/Content/Devices/ValveIndex/Left/left_ValveIndexController.uexp" 996
"../../../Engine/Plugins/Runtime/OpenXR/Content/Devices/OculusTouch_v3/MRTexture.ubulk" 997
"../../../Engine/Plugins/Runtime/OpenXR/Content/Devices/OculusTouch_v3/MRTexture.uasset" 998
"../../../Engine/Plugins/Runtime/OpenXR/Content/Devices/OculusTouch_v3/MRTexture.uexp" 999
"../../../Engine/Plugins/Runtime/OpenXR/Content/Devices/OculusTouch_v3/BaseTexture.ubulk" 1000
"../../../Engine/Plugins/Runtime/OpenXR/Content/Devices/OculusTouch_v3/BaseTexture.uasset" 1001
"../../../Engine/Plugins/Runtime/OpenXR/Content/Devices/OculusTouch_v3/BaseTexture.uexp" 1002
"../../../Engine/Plugins/Runtime/OpenXR/Content/Devices/OculusTouch_v3/MI_OculusTouch_v3.uasset" 1003
"../../../Engine/Plugins/Runtime/OpenXR/Content/Devices/OculusTouch_v3/MI_OculusTouch_v3.uexp" 1004
"../../../Engine/Plugins/Runtime/OpenXR/Content/Devices/OculusTouch_v3/Right/right_OculusTouch_v3Controller.ubulk" 1005
"../../../Engine/Plugins/Runtime/OpenXR/Content/Devices/OculusTouch_v3/Right/right_OculusTouch_v3Controller.uasset" 1006
"../../../Engine/Plugins/Runtime/OpenXR/Content/Devices/OculusTouch_v3/Right/right_OculusTouch_v3Controller.uexp" 1007
"../../../Engine/Plugins/Runtime/OpenXR/Content/Devices/OculusTouch_v3/Left/left_OculusTouch_v3Controller.ubulk" 1008
"../../../Engine/Plugins/Runtime/OpenXR/Content/Devices/OculusTouch_v3/Left/left_OculusTouch_v3Controller.uasset" 1009
"../../../Engine/Plugins/Runtime/OpenXR/Content/Devices/OculusTouch_v3/Left/left_OculusTouch_v3Controller.uexp" 1010
"../../../Engine/Plugins/Runtime/OpenXR/Content/Devices/OculusTouch_v2/MRTexture.ubulk" 1011
"../../../Engine/Plugins/Runtime/OpenXR/Content/Devices/OculusTouch_v2/MRTexture.uasset" 1012
"../../../Engine/Plugins/Runtime/OpenXR/Content/Devices/OculusTouch_v2/MRTexture.uexp" 1013
"../../../Engine/Plugins/Runtime/OpenXR/Content/Devices/OculusTouch_v2/BaseTexture.ubulk" 1014
"../../../Engine/Plugins/Runtime/OpenXR/Content/Devices/OculusTouch_v2/BaseTexture.uasset" 1015
"../../../Engine/Plugins/Runtime/OpenXR/Content/Devices/OculusTouch_v2/BaseTexture.uexp" 1016
"../../../Engine/Plugins/Runtime/OpenXR/Content/Devices/OculusTouch_v2/MI_OculusTouch_v2.uasset" 1017
"../../../Engine/Plugins/Runtime/OpenXR/Content/Devices/OculusTouch_v2/MI_OculusTouch_v2.uexp" 1018
"../../../Engine/Plugins/Runtime/OpenXR/Content/Devices/OculusTouch_v2/Right/right_OculusTouch_v2Controller.ubulk" 1019
"../../../Engine/Plugins/Runtime/OpenXR/Content/Devices/OculusTouch_v2/Right/right_OculusTouch_v2Controller.uasset" 1020
"../../../Engine/Plugins/Runtime/OpenXR/Content/Devices/OculusTouch_v2/Right/right_OculusTouch_v2Controller.uexp" 1021
"../../../Engine/Plugins/Runtime/OpenXR/Content/Devices/OculusTouch_v2/Left/left_OculusTouch_v2Controller.ubulk" 1022
"../../../Engine/Plugins/Runtime/OpenXR/Content/Devices/OculusTouch_v2/Left/left_OculusTouch_v2Controller.uasset" 1023
"../../../Engine/Plugins/Runtime/OpenXR/Content/Devices/OculusTouch_v2/Left/left_OculusTouch_v2Controller.uexp" 1024
"../../../Engine/Plugins/Runtime/OpenXR/Content/Devices/OculusTouch/MRTexture.ubulk" 1025
"../../../Engine/Plugins/Runtime/OpenXR/Content/Devices/OculusTouch/MRTexture.uasset" 1026
"../../../Engine/Plugins/Runtime/OpenXR/Content/Devices/OculusTouch/MRTexture.uexp" 1027
"../../../Engine/Plugins/Runtime/OpenXR/Content/Devices/OculusTouch/BaseTexture.ubulk" 1028
"../../../Engine/Plugins/Runtime/OpenXR/Content/Devices/OculusTouch/BaseTexture.uasset" 1029
"../../../Engine/Plugins/Runtime/OpenXR/Content/Devices/OculusTouch/BaseTexture.uexp" 1030
"../../../Engine/Plugins/Runtime/OpenXR/Content/Devices/OculusTouch/MI_OculusTouch.uasset" 1031
"../../../Engine/Plugins/Runtime/OpenXR/Content/Devices/OculusTouch/MI_OculusTouch.uexp" 1032
"../../../Engine/Plugins/Runtime/OpenXR/Content/Devices/OculusTouch/Right/right_OculusTouchController.ubulk" 1033
"../../../Engine/Plugins/Runtime/OpenXR/Content/Devices/OculusTouch/Right/right_OculusTouchController.uasset" 1034
"../../../Engine/Plugins/Runtime/OpenXR/Content/Devices/OculusTouch/Right/right_OculusTouchController.uexp" 1035
"../../../Engine/Plugins/Runtime/OpenXR/Content/Devices/OculusTouch/Left/left_OculusTouchController.ubulk" 1036
"../../../Engine/Plugins/Runtime/OpenXR/Content/Devices/OculusTouch/Left/left_OculusTouchController.uasset" 1037
"../../../Engine/Plugins/Runtime/OpenXR/Content/Devices/OculusTouch/Left/left_OculusTouchController.uexp" 1038
"../../../Engine/Plugins/Runtime/OpenXR/Content/Devices/MicrosoftMixedReality/NormalTexture.ubulk" 1039
"../../../Engine/Plugins/Runtime/OpenXR/Content/Devices/MicrosoftMixedReality/NormalTexture.uasset" 1040
"../../../Engine/Plugins/Runtime/OpenXR/Content/Devices/MicrosoftMixedReality/NormalTexture.uexp" 1041
"../../../Engine/Plugins/Runtime/OpenXR/Content/Devices/MicrosoftMixedReality/MRTexture.ubulk" 1042
"../../../Engine/Plugins/Runtime/OpenXR/Content/Devices/MicrosoftMixedReality/MRTexture.uasset" 1043
"../../../Engine/Plugins/Runtime/OpenXR/Content/Devices/MicrosoftMixedReality/MRTexture.uexp" 1044
"../../../Engine/Plugins/Runtime/OpenXR/Content/Devices/MicrosoftMixedReality/EmissiveTexture.ubulk" 1045
"../../../Engine/Plugins/Runtime/OpenXR/Content/Devices/MicrosoftMixedReality/EmissiveTexture.uasset" 1046
"../../../Engine/Plugins/Runtime/OpenXR/Content/Devices/MicrosoftMixedReality/EmissiveTexture.uexp" 1047
"../../../Engine/Plugins/Runtime/OpenXR/Content/Devices/MicrosoftMixedReality/BaseTexture.ubulk" 1048
"../../../Engine/Plugins/Runtime/OpenXR/Content/Devices/MicrosoftMixedReality/BaseTexture.uasset" 1049
"../../../Engine/Plugins/Runtime/OpenXR/Content/Devices/MicrosoftMixedReality/BaseTexture.uexp" 1050
"../../../Engine/Plugins/Runtime/OpenXR/Content/Devices/MicrosoftMixedReality/MI_MicrosoftMixedReality.uasset" 1051
"../../../Engine/Plugins/Runtime/OpenXR/Content/Devices/MicrosoftMixedReality/MI_MicrosoftMixedReality.uexp" 1052
"../../../Engine/Plugins/Runtime/OpenXR/Content/Devices/MicrosoftMixedReality/Right/right_MicrosoftMixedRealityController.ubulk" 1053
"../../../Engine/Plugins/Runtime/OpenXR/Content/Devices/MicrosoftMixedReality/Right/right_MicrosoftMixedRealityController.uasset" 1054
"../../../Engine/Plugins/Runtime/OpenXR/Content/Devices/MicrosoftMixedReality/Right/right_MicrosoftMixedRealityController.uexp" 1055
"../../../Engine/Plugins/Runtime/OpenXR/Content/Devices/MicrosoftMixedReality/Left/left_MicrosoftMixedRealityController.ubulk" 1056
"../../../Engine/Plugins/Runtime/OpenXR/Content/Devices/MicrosoftMixedReality/Left/left_MicrosoftMixedRealityController.uasset" 1057
"../../../Engine/Plugins/Runtime/OpenXR/Content/Devices/MicrosoftMixedReality/Left/left_MicrosoftMixedRealityController.uexp" 1058
"../../../Engine/Plugins/Animation/ACLPlugin/Content/ACLAnimCurveCompressionSettings.uasset" 1059
"../../../Engine/Plugins/Animation/ACLPlugin/Content/ACLAnimCurveCompressionSettings.uexp" 1060
"../../../Engine/Plugins/Animation/ACLPlugin/Content/ACLAnimBoneCompressionSettings.uasset" 1061
"../../../Engine/Plugins/Animation/ACLPlugin/Content/ACLAnimBoneCompressionSettings.uexp" 1062
"../../../Engine/Content/Animation/DefaultVariableFrameStrippingSettings.uasset" 1063
"../../../Engine/Content/Animation/DefaultVariableFrameStrippingSettings.uexp" 1064
"../../../Engine/Plugins/Marketplace/MetaXRInteraction/Content/Models/Hands/Animations/Anim_OpenXRHand_Right_MetaQuestPro_Thumbstick_Down.uasset" 1065
"../../../Engine/Plugins/Marketplace/MetaXRInteraction/Content/Models/Hands/Animations/Anim_OpenXRHand_Right_MetaQuestPro_Thumbstick_Down.uexp" 1066
"../../../Engine/Plugins/Marketplace/MetaXRInteraction/Content/Models/Hands/Animations/Anim_OpenXRHand_Right_MetaQuestPro_Thumbstick_DownLeft.uasset" 1067
"../../../Engine/Plugins/Marketplace/MetaXRInteraction/Content/Models/Hands/Animations/Anim_OpenXRHand_Right_MetaQuestPro_Thumbstick_DownLeft.uexp" 1068
"../../../Engine/Plugins/Marketplace/MetaXRInteraction/Content/Models/Hands/Animations/Anim_OpenXRHand_Right_MetaQuestPro_Thumbstick_DownRight.uasset" 1069
"../../../Engine/Plugins/Marketplace/MetaXRInteraction/Content/Models/Hands/Animations/Anim_OpenXRHand_Right_MetaQuestPro_Thumbstick_DownRight.uexp" 1070
"../../../Engine/Plugins/Marketplace/MetaXRInteraction/Content/Models/Hands/Animations/Anim_OpenXRHand_Right_MetaQuestPro_Thumbstick_Left.uasset" 1071
"../../../Engine/Plugins/Marketplace/MetaXRInteraction/Content/Models/Hands/Animations/Anim_OpenXRHand_Right_MetaQuestPro_Thumbstick_Left.uexp" 1072
"../../../Engine/Plugins/Marketplace/MetaXRInteraction/Content/Models/Hands/Animations/Anim_OpenXRHand_Right_MetaQuestPro_Thumbstick_Right.uasset" 1073
"../../../Engine/Plugins/Marketplace/MetaXRInteraction/Content/Models/Hands/Animations/Anim_OpenXRHand_Right_MetaQuestPro_Thumbstick_Right.uexp" 1074
"../../../Engine/Plugins/Marketplace/MetaXRInteraction/Content/Models/Hands/Animations/Anim_OpenXRHand_Right_MetaQuestPro_Thumbstick_Touch.uasset" 1075
"../../../Engine/Plugins/Marketplace/MetaXRInteraction/Content/Models/Hands/Animations/Anim_OpenXRHand_Right_MetaQuestPro_Thumbstick_Touch.uexp" 1076
"../../../Engine/Plugins/Marketplace/MetaXRInteraction/Content/Models/Hands/Animations/Anim_OpenXRHand_Right_MetaQuestPro_Thumbstick_Up.uasset" 1077
"../../../Engine/Plugins/Marketplace/MetaXRInteraction/Content/Models/Hands/Animations/Anim_OpenXRHand_Right_MetaQuestPro_Thumbstick_Up.uexp" 1078
"../../../Engine/Plugins/Marketplace/MetaXRInteraction/Content/Models/Hands/Animations/Anim_OpenXRHand_Right_MetaQuestPro_Thumbstick_UpLeft.uasset" 1079
"../../../Engine/Plugins/Marketplace/MetaXRInteraction/Content/Models/Hands/Animations/Anim_OpenXRHand_Right_MetaQuestPro_Thumbstick_UpLeft.uexp" 1080
"../../../Engine/Plugins/Marketplace/MetaXRInteraction/Content/Models/Hands/Animations/Anim_OpenXRHand_Right_MetaQuestPro_Thumbstick_UpRight.uasset" 1081
"../../../Engine/Plugins/Marketplace/MetaXRInteraction/Content/Models/Hands/Animations/Anim_OpenXRHand_Right_MetaQuestPro_Thumbstick_UpRight.uexp" 1082
"../../../Engine/Plugins/Marketplace/MetaXRInteraction/Content/Models/Hands/Animations/BS_OpenXRHand_Right_MetaQuestPro_Thumbstick.uasset" 1083
"../../../Engine/Plugins/Marketplace/MetaXRInteraction/Content/Models/Hands/Animations/BS_OpenXRHand_Right_MetaQuestPro_Thumbstick.uexp" 1084
"../../../Engine/Plugins/Marketplace/MetaXRInteraction/Content/Models/Hands/Animations/Anim_OpenXRHand_Right_MetaQuestPro_Panel_Touch.uasset" 1085
"../../../Engine/Plugins/Marketplace/MetaXRInteraction/Content/Models/Hands/Animations/Anim_OpenXRHand_Right_MetaQuestPro_Panel_Touch.uexp" 1086
"../../../Engine/Plugins/Marketplace/MetaXRInteraction/Content/Models/Hands/Animations/Anim_OpenXRHand_Right_MetaQuestPro_Idle.uasset" 1087
"../../../Engine/Plugins/Marketplace/MetaXRInteraction/Content/Models/Hands/Animations/Anim_OpenXRHand_Right_MetaQuestPro_Idle.uexp" 1088
"../../../Engine/Plugins/Marketplace/MetaXRInteraction/Content/Models/Hands/Animations/Anim_OpenXRHand_Right_MetaQuestPro_GripTrigger_Down.uasset" 1089
"../../../Engine/Plugins/Marketplace/MetaXRInteraction/Content/Models/Hands/Animations/Anim_OpenXRHand_Right_MetaQuestPro_GripTrigger_Down.uexp" 1090
"../../../Engine/Plugins/Marketplace/MetaXRInteraction/Content/Models/Hands/Animations/Anim_OpenXRHand_Right_MetaQuestPro_FrontTrigger_Touch.uasset" 1091
"../../../Engine/Plugins/Marketplace/MetaXRInteraction/Content/Models/Hands/Animations/Anim_OpenXRHand_Right_MetaQuestPro_FrontTrigger_Touch.uexp" 1092
"../../../Engine/Plugins/Marketplace/MetaXRInteraction/Content/Models/Hands/Animations/Anim_OpenXRHand_Right_MetaQuestPro_FrontTrigger_Down.uasset" 1093
"../../../Engine/Plugins/Marketplace/MetaXRInteraction/Content/Models/Hands/Animations/Anim_OpenXRHand_Right_MetaQuestPro_FrontTrigger_Down.uexp" 1094
"../../../Engine/Plugins/Marketplace/MetaXRInteraction/Content/Models/Hands/Animations/Anim_OpenXRHand_Right_MetaQuestPro_B_Touch.uasset" 1095
"../../../Engine/Plugins/Marketplace/MetaXRInteraction/Content/Models/Hands/Animations/Anim_OpenXRHand_Right_MetaQuestPro_B_Touch.uexp" 1096
"../../../Engine/Plugins/Marketplace/MetaXRInteraction/Content/Models/Hands/Animations/Anim_OpenXRHand_Right_MetaQuestPro_B_Down.uasset" 1097
"../../../Engine/Plugins/Marketplace/MetaXRInteraction/Content/Models/Hands/Animations/Anim_OpenXRHand_Right_MetaQuestPro_B_Down.uexp" 1098
"../../../Engine/Plugins/Marketplace/MetaXRInteraction/Content/Models/Hands/Animations/Anim_OpenXRHand_Right_MetaQuestPro_A_Touch.uasset" 1099
"../../../Engine/Plugins/Marketplace/MetaXRInteraction/Content/Models/Hands/Animations/Anim_OpenXRHand_Right_MetaQuestPro_A_Touch.uexp" 1100
"../../../Engine/Plugins/Marketplace/MetaXRInteraction/Content/Models/Hands/Animations/Anim_OpenXRHand_Right_MetaQuestPro_A_Down.uasset" 1101
"../../../Engine/Plugins/Marketplace/MetaXRInteraction/Content/Models/Hands/Animations/Anim_OpenXRHand_Right_MetaQuestPro_A_Down.uexp" 1102
"../../../Engine/Plugins/Marketplace/MetaXRInteraction/Content/Models/Hands/Animations/Anim_OpenXRHand_Right_MetaQuestPro_AB_Touch.uasset" 1103
"../../../Engine/Plugins/Marketplace/MetaXRInteraction/Content/Models/Hands/Animations/Anim_OpenXRHand_Right_MetaQuestPro_AB_Touch.uexp" 1104
"../../../Engine/Plugins/Marketplace/MetaXRInteraction/Content/Models/Hands/Animations/Anim_OpenXRHand_Right_MetaQuestPro_AB_Down.uasset" 1105
"../../../Engine/Plugins/Marketplace/MetaXRInteraction/Content/Models/Hands/Animations/Anim_OpenXRHand_Right_MetaQuestPro_AB_Down.uexp" 1106
"../../../Engine/Plugins/Marketplace/MetaXRInteraction/Content/Models/Hands/Animations/ABP_ControllerDrivenHand_Right.uasset" 1107
"../../../Engine/Plugins/Marketplace/MetaXRInteraction/Content/Models/Hands/Animations/ABP_ControllerDrivenHand_Right.uexp" 1108
"../../../Engine/Plugins/Marketplace/MetaXRInteraction/Content/Models/Hands/Animations/Anim_OpenXRHand_Left_MetaQuestPro_Thumbstick_UpRight.uasset" 1109
"../../../Engine/Plugins/Marketplace/MetaXRInteraction/Content/Models/Hands/Animations/Anim_OpenXRHand_Left_MetaQuestPro_Thumbstick_UpRight.uexp" 1110
"../../../Engine/Plugins/Marketplace/MetaXRInteraction/Content/Models/Hands/Animations/Anim_OpenXRHand_Left_MetaQuestPro_Thumbstick_UpLeft.uasset" 1111
"../../../Engine/Plugins/Marketplace/MetaXRInteraction/Content/Models/Hands/Animations/Anim_OpenXRHand_Left_MetaQuestPro_Thumbstick_UpLeft.uexp" 1112
"../../../Engine/Plugins/Marketplace/MetaXRInteraction/Content/Models/Hands/Animations/Anim_OpenXRHand_Left_MetaQuestPro_Thumbstick_Up.uasset" 1113
"../../../Engine/Plugins/Marketplace/MetaXRInteraction/Content/Models/Hands/Animations/Anim_OpenXRHand_Left_MetaQuestPro_Thumbstick_Up.uexp" 1114
"../../../Engine/Plugins/Marketplace/MetaXRInteraction/Content/Models/Hands/Animations/Anim_OpenXRHand_Left_MetaQuestPro_Thumbstick_Touch.uasset" 1115
"../../../Engine/Plugins/Marketplace/MetaXRInteraction/Content/Models/Hands/Animations/Anim_OpenXRHand_Left_MetaQuestPro_Thumbstick_Touch.uexp" 1116
"../../../Engine/Plugins/Marketplace/MetaXRInteraction/Content/Models/Hands/Animations/Anim_OpenXRHand_Left_MetaQuestPro_Thumbstick_Right.uasset" 1117
"../../../Engine/Plugins/Marketplace/MetaXRInteraction/Content/Models/Hands/Animations/Anim_OpenXRHand_Left_MetaQuestPro_Thumbstick_Right.uexp" 1118
"../../../Engine/Plugins/Marketplace/MetaXRInteraction/Content/Models/Hands/Animations/Anim_OpenXRHand_Left_MetaQuestPro_Thumbstick_Left.uasset" 1119
"../../../Engine/Plugins/Marketplace/MetaXRInteraction/Content/Models/Hands/Animations/Anim_OpenXRHand_Left_MetaQuestPro_Thumbstick_Left.uexp" 1120
"../../../Engine/Plugins/Marketplace/MetaXRInteraction/Content/Models/Hands/Animations/Anim_OpenXRHand_Left_MetaQuestPro_Thumbstick_DownRight.uasset" 1121
"../../../Engine/Plugins/Marketplace/MetaXRInteraction/Content/Models/Hands/Animations/Anim_OpenXRHand_Left_MetaQuestPro_Thumbstick_DownRight.uexp" 1122
"../../../Engine/Plugins/Marketplace/MetaXRInteraction/Content/Models/Hands/Animations/Anim_OpenXRHand_Left_MetaQuestPro_Thumbstick_DownLeft.uasset" 1123
"../../../Engine/Plugins/Marketplace/MetaXRInteraction/Content/Models/Hands/Animations/Anim_OpenXRHand_Left_MetaQuestPro_Thumbstick_DownLeft.uexp" 1124
"../../../Engine/Plugins/Marketplace/MetaXRInteraction/Content/Models/Hands/Animations/Anim_OpenXRHand_Left_MetaQuestPro_Thumbstick_Down.uasset" 1125
"../../../Engine/Plugins/Marketplace/MetaXRInteraction/Content/Models/Hands/Animations/Anim_OpenXRHand_Left_MetaQuestPro_Thumbstick_Down.uexp" 1126
"../../../Engine/Plugins/Marketplace/MetaXRInteraction/Content/Models/Hands/Animations/BS_OpenXRHand_Left_MetaQuestPro_Thumbstick.uasset" 1127
"../../../Engine/Plugins/Marketplace/MetaXRInteraction/Content/Models/Hands/Animations/BS_OpenXRHand_Left_MetaQuestPro_Thumbstick.uexp" 1128
"../../../Engine/Plugins/Marketplace/MetaXRInteraction/Content/Models/Hands/Animations/Anim_OpenXRHand_Left_MetaQuestPro_Y_Touch.uasset" 1129
"../../../Engine/Plugins/Marketplace/MetaXRInteraction/Content/Models/Hands/Animations/Anim_OpenXRHand_Left_MetaQuestPro_Y_Touch.uexp" 1130
"../../../Engine/Plugins/Marketplace/MetaXRInteraction/Content/Models/Hands/Animations/Anim_OpenXRHand_Left_MetaQuestPro_Y_Down.uasset" 1131
"../../../Engine/Plugins/Marketplace/MetaXRInteraction/Content/Models/Hands/Animations/Anim_OpenXRHand_Left_MetaQuestPro_Y_Down.uexp" 1132
"../../../Engine/Plugins/Marketplace/MetaXRInteraction/Content/Models/Hands/Animations/Anim_OpenXRHand_Left_MetaQuestPro_X_Touch.uasset" 1133
"../../../Engine/Plugins/Marketplace/MetaXRInteraction/Content/Models/Hands/Animations/Anim_OpenXRHand_Left_MetaQuestPro_X_Touch.uexp" 1134
"../../../Engine/Plugins/Marketplace/MetaXRInteraction/Content/Models/Hands/Animations/Anim_OpenXRHand_Left_MetaQuestPro_X_Down.uasset" 1135
"../../../Engine/Plugins/Marketplace/MetaXRInteraction/Content/Models/Hands/Animations/Anim_OpenXRHand_Left_MetaQuestPro_X_Down.uexp" 1136
"../../../Engine/Plugins/Marketplace/MetaXRInteraction/Content/Models/Hands/Animations/Anim_OpenXRHand_Left_MetaQuestPro_XY_Touch.uasset" 1137
"../../../Engine/Plugins/Marketplace/MetaXRInteraction/Content/Models/Hands/Animations/Anim_OpenXRHand_Left_MetaQuestPro_XY_Touch.uexp" 1138
"../../../Engine/Plugins/Marketplace/MetaXRInteraction/Content/Models/Hands/Animations/Anim_OpenXRHand_Left_MetaQuestPro_XY_Down.uasset" 1139
"../../../Engine/Plugins/Marketplace/MetaXRInteraction/Content/Models/Hands/Animations/Anim_OpenXRHand_Left_MetaQuestPro_XY_Down.uexp" 1140
"../../../Engine/Plugins/Marketplace/MetaXRInteraction/Content/Models/Hands/Animations/Anim_OpenXRHand_Left_MetaQuestPro_Panel_Touch.uasset" 1141
"../../../Engine/Plugins/Marketplace/MetaXRInteraction/Content/Models/Hands/Animations/Anim_OpenXRHand_Left_MetaQuestPro_Panel_Touch.uexp" 1142
"../../../Engine/Plugins/Marketplace/MetaXRInteraction/Content/Models/Hands/Animations/Anim_OpenXRHand_Left_MetaQuestPro_Oculus_Down.uasset" 1143
"../../../Engine/Plugins/Marketplace/MetaXRInteraction/Content/Models/Hands/Animations/Anim_OpenXRHand_Left_MetaQuestPro_Oculus_Down.uexp" 1144
"../../../Engine/Plugins/Marketplace/MetaXRInteraction/Content/Models/Hands/Animations/Anim_OpenXRHand_Left_MetaQuestPro_Idle.uasset" 1145
"../../../Engine/Plugins/Marketplace/MetaXRInteraction/Content/Models/Hands/Animations/Anim_OpenXRHand_Left_MetaQuestPro_Idle.uexp" 1146
"../../../Engine/Plugins/Marketplace/MetaXRInteraction/Content/Models/Hands/Animations/Anim_OpenXRHand_Left_MetaQuestPro_GripTrigger_Down.uasset" 1147
"../../../Engine/Plugins/Marketplace/MetaXRInteraction/Content/Models/Hands/Animations/Anim_OpenXRHand_Left_MetaQuestPro_GripTrigger_Down.uexp" 1148
"../../../Engine/Plugins/Marketplace/MetaXRInteraction/Content/Models/Hands/Animations/Anim_OpenXRHand_Left_MetaQuestPro_FrontTrigger_Touch.uasset" 1149
"../../../Engine/Plugins/Marketplace/MetaXRInteraction/Content/Models/Hands/Animations/Anim_OpenXRHand_Left_MetaQuestPro_FrontTrigger_Touch.uexp" 1150
"../../../Engine/Plugins/Marketplace/MetaXRInteraction/Content/Models/Hands/Animations/Anim_OpenXRHand_Left_MetaQuestPro_FrontTrigger_Down.uasset" 1151
"../../../Engine/Plugins/Marketplace/MetaXRInteraction/Content/Models/Hands/Animations/Anim_OpenXRHand_Left_MetaQuestPro_FrontTrigger_Down.uexp" 1152
"../../../Engine/Plugins/Marketplace/MetaXRInteraction/Content/Models/Hands/Animations/ABP_ControllerDrivenHand_Left.uasset" 1153
"../../../Engine/Plugins/Marketplace/MetaXRInteraction/Content/Models/Hands/Animations/ABP_ControllerDrivenHand_Left.uexp" 1154
"../../../Engine/Plugins/Marketplace/MetaXRInteraction/Content/Textures/Controllers/MetaQuestPro/T_MetaQuestTouchPro_Right_Normal.ubulk" 1155
"../../../Engine/Plugins/Marketplace/MetaXRInteraction/Content/Textures/Controllers/MetaQuestPro/T_MetaQuestTouchPro_Right_Normal.uasset" 1156
"../../../Engine/Plugins/Marketplace/MetaXRInteraction/Content/Textures/Controllers/MetaQuestPro/T_MetaQuestTouchPro_Right_Normal.uexp" 1157
"../../../Engine/Plugins/Marketplace/MetaXRInteraction/Content/Textures/Controllers/MetaQuestPro/T_MetaQuestTouchPro_Right_BaseColor.ubulk" 1158
"../../../Engine/Plugins/Marketplace/MetaXRInteraction/Content/Textures/Controllers/MetaQuestPro/T_MetaQuestTouchPro_Right_BaseColor.uasset" 1159
"../../../Engine/Plugins/Marketplace/MetaXRInteraction/Content/Textures/Controllers/MetaQuestPro/T_MetaQuestTouchPro_Right_BaseColor.uexp" 1160
"../../../Engine/Plugins/Marketplace/MetaXRInteraction/Content/Textures/Controllers/MetaQuestPro/T_MetaQuestTouchPro_Left_Normal.ubulk" 1161
"../../../Engine/Plugins/Marketplace/MetaXRInteraction/Content/Textures/Controllers/MetaQuestPro/T_MetaQuestTouchPro_Left_Normal.uasset" 1162
"../../../Engine/Plugins/Marketplace/MetaXRInteraction/Content/Textures/Controllers/MetaQuestPro/T_MetaQuestTouchPro_Left_Normal.uexp" 1163
"../../../Engine/Plugins/Marketplace/MetaXRInteraction/Content/Textures/Controllers/MetaQuestPro/T_MetaQuestTouchPro_Left_BaseColor.ubulk" 1164
"../../../Engine/Plugins/Marketplace/MetaXRInteraction/Content/Textures/Controllers/MetaQuestPro/T_MetaQuestTouchPro_Left_BaseColor.uasset" 1165
"../../../Engine/Plugins/Marketplace/MetaXRInteraction/Content/Textures/Controllers/MetaQuestPro/T_MetaQuestTouchPro_Left_BaseColor.uexp" 1166
"../../../Engine/Plugins/Marketplace/MetaXRInteraction/Content/Materials/Controllers/MetaQuestPro/M_MetaQuestPro.uasset" 1167
"../../../Engine/Plugins/Marketplace/MetaXRInteraction/Content/Materials/Controllers/MetaQuestPro/M_MetaQuestPro.uexp" 1168
"../../../Engine/Plugins/Marketplace/MetaXRInteraction/Content/Materials/Controllers/MetaQuestPro/MI_MetaQuestPro_Right.uasset" 1169
"../../../Engine/Plugins/Marketplace/MetaXRInteraction/Content/Materials/Controllers/MetaQuestPro/MI_MetaQuestPro_Right.uexp" 1170
"../../../Engine/Plugins/Marketplace/MetaXRInteraction/Content/Models/Controllers/MetaQuestPro/Skel_MetaQuestPro_Right.uasset" 1171
"../../../Engine/Plugins/Marketplace/MetaXRInteraction/Content/Models/Controllers/MetaQuestPro/Skel_MetaQuestPro_Right.uexp" 1172
"../../../Engine/Plugins/Marketplace/MetaXRInteraction/Content/Textures/Controllers/MetaQuestPro/T_BatteryIndicator.ubulk" 1173
"../../../Engine/Plugins/Marketplace/MetaXRInteraction/Content/Textures/Controllers/MetaQuestPro/T_BatteryIndicator.uasset" 1174
"../../../Engine/Plugins/Marketplace/MetaXRInteraction/Content/Textures/Controllers/MetaQuestPro/T_BatteryIndicator.uexp" 1175
"../../../Engine/Plugins/Marketplace/MetaXRInteraction/Content/Materials/Controllers/MetaQuestPro/M_MetaQuestPro_BatteryIndicator.uasset" 1176
"../../../Engine/Plugins/Marketplace/MetaXRInteraction/Content/Materials/Controllers/MetaQuestPro/M_MetaQuestPro_BatteryIndicator.uexp" 1177
"../../../Engine/Plugins/Marketplace/MetaXRInteraction/Content/Models/Controllers/MetaQuestPro/SK_MetaQuestPro_Right.uasset" 1178
"../../../Engine/Plugins/Marketplace/MetaXRInteraction/Content/Models/Controllers/MetaQuestPro/SK_MetaQuestPro_Right.uexp" 1179
"../../../Engine/Plugins/Marketplace/MetaXRInteraction/Content/Materials/Controllers/MetaQuestPro/MI_MetaQuestPro_Left.uasset" 1180
"../../../Engine/Plugins/Marketplace/MetaXRInteraction/Content/Materials/Controllers/MetaQuestPro/MI_MetaQuestPro_Left.uexp" 1181
"../../../Engine/Plugins/Marketplace/MetaXRInteraction/Content/Models/Controllers/MetaQuestPro/Skel_MetaQuestPro_Left.uasset" 1182
"../../../Engine/Plugins/Marketplace/MetaXRInteraction/Content/Models/Controllers/MetaQuestPro/Skel_MetaQuestPro_Left.uexp" 1183
"../../../Engine/Plugins/Marketplace/MetaXRInteraction/Content/Models/Controllers/MetaQuestPro/SK_MetaQuestPro_Left.uasset" 1184
"../../../Engine/Plugins/Marketplace/MetaXRInteraction/Content/Models/Controllers/MetaQuestPro/SK_MetaQuestPro_Left.uexp" 1185
"../../../Engine/Content/Functions/Engine_MaterialFunctions01/Shading/PowerToRoughness.uasset" 1186
"../../../Engine/Content/Functions/Engine_MaterialFunctions01/Shading/PowerToRoughness.uexp" 1187
"../../../Engine/Content/EditorResources/S_Terrain.ubulk" 1188
"../../../Engine/Content/EditorResources/S_Terrain.uasset" 1189
"../../../Engine/Content/EditorResources/S_Terrain.uexp" 1190
"../../../Engine/Content/Functions/Engine_MaterialFunctions02/WorldPositionOffset/ComponentPivotLocation.uasset" 1191
"../../../Engine/Content/Functions/Engine_MaterialFunctions02/WorldPositionOffset/ComponentPivotLocation.uexp" 1192
"../../../Engine/Content/Functions/Engine_MaterialFunctions02/WorldPositionOffset/Sprite.uasset" 1193
"../../../Engine/Content/Functions/Engine_MaterialFunctions02/WorldPositionOffset/Sprite.uexp" 1194
"../../../Engine/Plugins/Experimental/Landmass/Content/Landscape/BlueprintBrushes/Materials/Sprite/M_BrushSprite_01.uasset" 1195
"../../../Engine/Plugins/Experimental/Landmass/Content/Landscape/BlueprintBrushes/Materials/Sprite/M_BrushSprite_01.uexp" 1196
"../../../Engine/Content/EditorMaterials/TilingAALineIntegral.uasset" 1197
"../../../Engine/Content/EditorMaterials/TilingAALineIntegral.uexp" 1198
"../../../Engine/Content/EditorMaterials/TilingAALineBoxFiltered.uasset" 1199
"../../../Engine/Content/EditorMaterials/TilingAALineBoxFiltered.uexp" 1200
"../../../Engine/Content/EngineMaterials/BlendFunc_DefBlend.uasset" 1201
"../../../Engine/Content/EngineMaterials/BlendFunc_DefBlend.uexp" 1202
"../../../Engine/Content/EngineMaterials/BlendFunc_DefBase.uasset" 1203
"../../../Engine/Content/EngineMaterials/BlendFunc_DefBase.uexp" 1204
"../../../Engine/Content/Functions/Engine_MaterialFunctions03/Blends/Blend_Screen.uasset" 1205
"../../../Engine/Content/Functions/Engine_MaterialFunctions03/Blends/Blend_Screen.uexp" 1206
"../../../Engine/Content/Functions/Engine_MaterialFunctions03/Procedurals/ComputeFilterWidth.uasset" 1207
"../../../Engine/Content/Functions/Engine_MaterialFunctions03/Procedurals/ComputeFilterWidth.uexp" 1208
"../../../Engine/Content/EditorMaterials/TilingAAGrid.uasset" 1209
"../../../Engine/Content/EditorMaterials/TilingAAGrid.uexp" 1210
"../../../Engine/Content/EngineResources/Black_Low.uasset" 1211
"../../../Engine/Content/EngineResources/Black_Low.uexp" 1212
"../../../Engine/Content/Functions/Engine_MaterialFunctions01/ImageAdjustment/SCurve.uasset" 1213
"../../../Engine/Content/Functions/Engine_MaterialFunctions01/ImageAdjustment/SCurve.uexp" 1214
"../../../Engine/Plugins/Experimental/Landmass/Content/Landscape/BlueprintBrushes/MPC/MPC_Landscape.uasset" 1215
"../../../Engine/Plugins/Experimental/Landmass/Content/Landscape/BlueprintBrushes/MPC/MPC_Landscape.uexp" 1216
"../../../Engine/Plugins/Experimental/Landmass/Content/Landscape/BlueprintBrushes/MF/PointSampleLandscapeUVs.uasset" 1217
"../../../Engine/Plugins/Experimental/Landmass/Content/Landscape/BlueprintBrushes/MF/PointSampleLandscapeUVs.uexp" 1218
"../../../Engine/Content/ArtTools/RenderToTexture/Textures/T_EV_BlankWhite_01.uasset" 1219
"../../../Engine/Content/ArtTools/RenderToTexture/Textures/T_EV_BlankWhite_01.uexp" 1220
"../../../Engine/Plugins/Experimental/Landmass/Content/Landscape/OldPrototype_BP/Mats/MF/UnpackRG8Height.uasset" 1221
"../../../Engine/Plugins/Experimental/Landmass/Content/Landscape/OldPrototype_BP/Mats/MF/UnpackRG8Height.uexp" 1222
"../../../Engine/Plugins/Experimental/Landmass/Content/Landscape/BlueprintBrushes/MF/LandmassBrush_UVs.uasset" 1223
"../../../Engine/Plugins/Experimental/Landmass/Content/Landscape/BlueprintBrushes/MF/LandmassBrush_UVs.uexp" 1224
"../../../Engine/Plugins/Experimental/Landmass/Content/Landscape/BlueprintBrushes/MF/Landmass_BrushTilt.uasset" 1225
"../../../Engine/Plugins/Experimental/Landmass/Content/Landscape/BlueprintBrushes/MF/Landmass_BrushTilt.uexp" 1226
"../../../Engine/Plugins/Experimental/Landmass/Content/Landscape/BlueprintBrushes/MF/LandmassBrush_Noise.uasset" 1227
"../../../Engine/Plugins/Experimental/Landmass/Content/Landscape/BlueprintBrushes/MF/LandmassBrush_Noise.uexp" 1228
"../../../Engine/Plugins/Experimental/Landmass/Content/Landscape/BlueprintBrushes/MF/LandmassBrush_EdgeFalloff.uasset" 1229
"../../../Engine/Plugins/Experimental/Landmass/Content/Landscape/BlueprintBrushes/MF/LandmassBrush_EdgeFalloff.uexp" 1230
"../../../Engine/Plugins/Experimental/Landmass/Content/Landscape/BlueprintBrushes/Materials/BrushMaterials/BasicFunctions/LandmassBrush_ShapeMask.uasset" 1231
"../../../Engine/Plugins/Experimental/Landmass/Content/Landscape/BlueprintBrushes/Materials/BrushMaterials/BasicFunctions/LandmassBrush_ShapeMask.uexp" 1232
"../../../Engine/Plugins/Experimental/Landmass/Content/Landscape/BlueprintBrushes/Materials/Internal/BrushBounds.uasset" 1233
"../../../Engine/Plugins/Experimental/Landmass/Content/Landscape/BlueprintBrushes/Materials/Internal/BrushBounds.uexp" 1234
"../../../Engine/Plugins/Marketplace/MetaXRInteraction/Content/Models/Controllers/MetaQuestPro/Animations/Anim_MetaQuestPro_Right_Thumbstick_UpRight.uasset" 1235
"../../../Engine/Plugins/Marketplace/MetaXRInteraction/Content/Models/Controllers/MetaQuestPro/Animations/Anim_MetaQuestPro_Right_Thumbstick_UpRight.uexp" 1236
"../../../Engine/Plugins/Marketplace/MetaXRInteraction/Content/Models/Controllers/MetaQuestPro/Animations/Anim_MetaQuestPro_Right_Thumbstick_UpLeft.uasset" 1237
"../../../Engine/Plugins/Marketplace/MetaXRInteraction/Content/Models/Controllers/MetaQuestPro/Animations/Anim_MetaQuestPro_Right_Thumbstick_UpLeft.uexp" 1238
"../../../Engine/Plugins/Marketplace/MetaXRInteraction/Content/Models/Controllers/MetaQuestPro/Animations/Anim_MetaQuestPro_Right_Thumbstick_Up.uasset" 1239
"../../../Engine/Plugins/Marketplace/MetaXRInteraction/Content/Models/Controllers/MetaQuestPro/Animations/Anim_MetaQuestPro_Right_Thumbstick_Up.uexp" 1240
"../../../Engine/Plugins/Marketplace/MetaXRInteraction/Content/Models/Controllers/MetaQuestPro/Animations/Anim_MetaQuestPro_Right_Thumbstick_Right.uasset" 1241
"../../../Engine/Plugins/Marketplace/MetaXRInteraction/Content/Models/Controllers/MetaQuestPro/Animations/Anim_MetaQuestPro_Right_Thumbstick_Right.uexp" 1242
"../../../Engine/Plugins/Marketplace/MetaXRInteraction/Content/Models/Controllers/MetaQuestPro/Animations/Anim_MetaQuestPro_Right_Thumbstick_Left.uasset" 1243
"../../../Engine/Plugins/Marketplace/MetaXRInteraction/Content/Models/Controllers/MetaQuestPro/Animations/Anim_MetaQuestPro_Right_Thumbstick_Left.uexp" 1244
"../../../Engine/Plugins/Marketplace/MetaXRInteraction/Content/Models/Controllers/MetaQuestPro/Animations/Anim_MetaQuestPro_Right_Thumbstick_DownRight.uasset" 1245
"../../../Engine/Plugins/Marketplace/MetaXRInteraction/Content/Models/Controllers/MetaQuestPro/Animations/Anim_MetaQuestPro_Right_Thumbstick_DownRight.uexp" 1246
"../../../Engine/Plugins/Marketplace/MetaXRInteraction/Content/Models/Controllers/MetaQuestPro/Animations/Anim_MetaQuestPro_Right_Thumbstick_DownLeft.uasset" 1247
"../../../Engine/Plugins/Marketplace/MetaXRInteraction/Content/Models/Controllers/MetaQuestPro/Animations/Anim_MetaQuestPro_Right_Thumbstick_DownLeft.uexp" 1248
"../../../Engine/Plugins/Marketplace/MetaXRInteraction/Content/Models/Controllers/MetaQuestPro/Animations/Anim_MetaQuestPro_Right_Thumbstick_Down.uasset" 1249
"../../../Engine/Plugins/Marketplace/MetaXRInteraction/Content/Models/Controllers/MetaQuestPro/Animations/Anim_MetaQuestPro_Right_Thumbstick_Down.uexp" 1250
"../../../Engine/Plugins/Marketplace/MetaXRInteraction/Content/Models/Controllers/MetaQuestPro/Animations/BS_MetaQuestPro_Right_Thumbstick.uasset" 1251
"../../../Engine/Plugins/Marketplace/MetaXRInteraction/Content/Models/Controllers/MetaQuestPro/Animations/BS_MetaQuestPro_Right_Thumbstick.uexp" 1252
"../../../Engine/Plugins/Marketplace/MetaXRInteraction/Content/Models/Controllers/MetaQuestPro/Animations/Anim_MetaQuestPro_Right_GripTrigger_Down.uasset" 1253
"../../../Engine/Plugins/Marketplace/MetaXRInteraction/Content/Models/Controllers/MetaQuestPro/Animations/Anim_MetaQuestPro_Right_GripTrigger_Down.uexp" 1254
"../../../Engine/Plugins/Marketplace/MetaXRInteraction/Content/Models/Controllers/MetaQuestPro/Animations/Anim_MetaQuestPro_Right_FrontTrigger_Down.uasset" 1255
"../../../Engine/Plugins/Marketplace/MetaXRInteraction/Content/Models/Controllers/MetaQuestPro/Animations/Anim_MetaQuestPro_Right_FrontTrigger_Down.uexp" 1256
"../../../Engine/Plugins/Marketplace/MetaXRInteraction/Content/Models/Controllers/MetaQuestPro/Animations/Anim_MetaQuestPro_Right_B_Down.uasset" 1257
"../../../Engine/Plugins/Marketplace/MetaXRInteraction/Content/Models/Controllers/MetaQuestPro/Animations/Anim_MetaQuestPro_Right_B_Down.uexp" 1258
"../../../Engine/Plugins/Marketplace/MetaXRInteraction/Content/Models/Controllers/MetaQuestPro/Animations/Anim_MetaQuestPro_Right_Base.uasset" 1259
"../../../Engine/Plugins/Marketplace/MetaXRInteraction/Content/Models/Controllers/MetaQuestPro/Animations/Anim_MetaQuestPro_Right_Base.uexp" 1260
"../../../Engine/Plugins/Marketplace/MetaXRInteraction/Content/Models/Controllers/MetaQuestPro/Animations/Anim_MetaQuestPro_Right_A_Down.uasset" 1261
"../../../Engine/Plugins/Marketplace/MetaXRInteraction/Content/Models/Controllers/MetaQuestPro/Animations/Anim_MetaQuestPro_Right_A_Down.uexp" 1262
"../../../Engine/Plugins/Marketplace/MetaXRInteraction/Content/Models/Controllers/MetaQuestPro/Animations/ABP_MetaQuestPro_Right.uasset" 1263
"../../../Engine/Plugins/Marketplace/MetaXRInteraction/Content/Models/Controllers/MetaQuestPro/Animations/ABP_MetaQuestPro_Right.uexp" 1264
"../../../Engine/Plugins/Marketplace/MetaXRInteraction/Content/Models/Controllers/MetaQuestPro/Animations/Anim_MetaQuestPro_Left_Thumbstick_UpRight.uasset" 1265
"../../../Engine/Plugins/Marketplace/MetaXRInteraction/Content/Models/Controllers/MetaQuestPro/Animations/Anim_MetaQuestPro_Left_Thumbstick_UpRight.uexp" 1266
"../../../Engine/Plugins/Marketplace/MetaXRInteraction/Content/Models/Controllers/MetaQuestPro/Animations/Anim_MetaQuestPro_Left_Thumbstick_UpLeft.uasset" 1267
"../../../Engine/Plugins/Marketplace/MetaXRInteraction/Content/Models/Controllers/MetaQuestPro/Animations/Anim_MetaQuestPro_Left_Thumbstick_UpLeft.uexp" 1268
"../../../Engine/Plugins/Marketplace/MetaXRInteraction/Content/Models/Controllers/MetaQuestPro/Animations/Anim_MetaQuestPro_Left_Thumbstick_Up.uasset" 1269
"../../../Engine/Plugins/Marketplace/MetaXRInteraction/Content/Models/Controllers/MetaQuestPro/Animations/Anim_MetaQuestPro_Left_Thumbstick_Up.uexp" 1270
"../../../Engine/Plugins/Marketplace/MetaXRInteraction/Content/Models/Controllers/MetaQuestPro/Animations/Anim_MetaQuestPro_Left_Thumbstick_Right.uasset" 1271
"../../../Engine/Plugins/Marketplace/MetaXRInteraction/Content/Models/Controllers/MetaQuestPro/Animations/Anim_MetaQuestPro_Left_Thumbstick_Right.uexp" 1272
"../../../Engine/Plugins/Marketplace/MetaXRInteraction/Content/Models/Controllers/MetaQuestPro/Animations/Anim_MetaQuestPro_Left_Thumbstick_Left.uasset" 1273
"../../../Engine/Plugins/Marketplace/MetaXRInteraction/Content/Models/Controllers/MetaQuestPro/Animations/Anim_MetaQuestPro_Left_Thumbstick_Left.uexp" 1274
"../../../Engine/Plugins/Marketplace/MetaXRInteraction/Content/Models/Controllers/MetaQuestPro/Animations/Anim_MetaQuestPro_Left_Thumbstick_DownRight.uasset" 1275
"../../../Engine/Plugins/Marketplace/MetaXRInteraction/Content/Models/Controllers/MetaQuestPro/Animations/Anim_MetaQuestPro_Left_Thumbstick_DownRight.uexp" 1276
"../../../Engine/Plugins/Marketplace/MetaXRInteraction/Content/Models/Controllers/MetaQuestPro/Animations/Anim_MetaQuestPro_Left_Thumbstick_DownLeft.uasset" 1277
"../../../Engine/Plugins/Marketplace/MetaXRInteraction/Content/Models/Controllers/MetaQuestPro/Animations/Anim_MetaQuestPro_Left_Thumbstick_DownLeft.uexp" 1278
"../../../Engine/Plugins/Marketplace/MetaXRInteraction/Content/Models/Controllers/MetaQuestPro/Animations/Anim_MetaQuestPro_Left_Thumbstick_Down.uasset" 1279
"../../../Engine/Plugins/Marketplace/MetaXRInteraction/Content/Models/Controllers/MetaQuestPro/Animations/Anim_MetaQuestPro_Left_Thumbstick_Down.uexp" 1280
"../../../Engine/Plugins/Marketplace/MetaXRInteraction/Content/Models/Controllers/MetaQuestPro/Animations/BS_MetaQuestPro_Left_Thumbstick.uasset" 1281
"../../../Engine/Plugins/Marketplace/MetaXRInteraction/Content/Models/Controllers/MetaQuestPro/Animations/BS_MetaQuestPro_Left_Thumbstick.uexp" 1282
"../../../Engine/Plugins/Marketplace/MetaXRInteraction/Content/Models/Controllers/MetaQuestPro/Animations/Anim_MetaQuestPro_Left_Y_Down.uasset" 1283
"../../../Engine/Plugins/Marketplace/MetaXRInteraction/Content/Models/Controllers/MetaQuestPro/Animations/Anim_MetaQuestPro_Left_Y_Down.uexp" 1284
"../../../Engine/Plugins/Marketplace/MetaXRInteraction/Content/Models/Controllers/MetaQuestPro/Animations/Anim_MetaQuestPro_Left_X_Down.uasset" 1285
"../../../Engine/Plugins/Marketplace/MetaXRInteraction/Content/Models/Controllers/MetaQuestPro/Animations/Anim_MetaQuestPro_Left_X_Down.uexp" 1286
"../../../Engine/Plugins/Marketplace/MetaXRInteraction/Content/Models/Controllers/MetaQuestPro/Animations/Anim_MetaQuestPro_Left_Oculus_Down.uasset" 1287
"../../../Engine/Plugins/Marketplace/MetaXRInteraction/Content/Models/Controllers/MetaQuestPro/Animations/Anim_MetaQuestPro_Left_Oculus_Down.uexp" 1288
"../../../Engine/Plugins/Marketplace/MetaXRInteraction/Content/Models/Controllers/MetaQuestPro/Animations/Anim_MetaQuestPro_Left_GripTrigger_Down.uasset" 1289
"../../../Engine/Plugins/Marketplace/MetaXRInteraction/Content/Models/Controllers/MetaQuestPro/Animations/Anim_MetaQuestPro_Left_GripTrigger_Down.uexp" 1290
"../../../Engine/Plugins/Marketplace/MetaXRInteraction/Content/Models/Controllers/MetaQuestPro/Animations/Anim_MetaQuestPro_Left_FrontTrigger_Down.uasset" 1291
"../../../Engine/Plugins/Marketplace/MetaXRInteraction/Content/Models/Controllers/MetaQuestPro/Animations/Anim_MetaQuestPro_Left_FrontTrigger_Down.uexp" 1292
"../../../Engine/Plugins/Marketplace/MetaXRInteraction/Content/Models/Controllers/MetaQuestPro/Animations/Anim_MetaQuestPro_Left_Base.uasset" 1293
"../../../Engine/Plugins/Marketplace/MetaXRInteraction/Content/Models/Controllers/MetaQuestPro/Animations/Anim_MetaQuestPro_Left_Base.uexp" 1294
"../../../Engine/Plugins/Marketplace/MetaXRInteraction/Content/Models/Controllers/MetaQuestPro/Animations/ABP_MetaQuestPro_Left.uasset" 1295
"../../../Engine/Plugins/Marketplace/MetaXRInteraction/Content/Models/Controllers/MetaQuestPro/Animations/ABP_MetaQuestPro_Left.uexp" 1296
"../../../Engine/Content/EngineResources/LandscapeVisibilityLayerInfo.uasset" 1297
"../../../Engine/Content/EngineResources/LandscapeVisibilityLayerInfo.uexp" 1298
"../../../Engine/Content/VREditor/TransformGizmo/TranslucentTransformGizmoMaterial_Inst.uasset" 1299
"../../../Engine/Content/VREditor/TransformGizmo/TranslucentTransformGizmoMaterial_Inst.uexp" 1300
"../../../Engine/Content/VREditor/TransformGizmo/TransformGizmoMaterial_Inst.uasset" 1301
"../../../Engine/Content/VREditor/TransformGizmo/TransformGizmoMaterial_Inst.uexp" 1302
"../../../Engine/Content/VREditor/Sounds/UI/Drop_Item_From_ContentBrowser.ubulk" 1303
"../../../Engine/Content/VREditor/Sounds/UI/Drop_Item_From_ContentBrowser.uasset" 1304
"../../../Engine/Content/VREditor/Sounds/UI/Drop_Item_From_ContentBrowser.uexp" 1305
"../../../Engine/Content/VREditor/TransformGizmo/UniformScaleHandle.ubulk" 1306
"../../../Engine/Content/VREditor/TransformGizmo/UniformScaleHandle.uasset" 1307
"../../../Engine/Content/VREditor/TransformGizmo/UniformScaleHandle.uexp" 1308
"../../../Engine/Content/VREditor/TransformGizmo/TranslateArrowHandle.ubulk" 1309
"../../../Engine/Content/VREditor/TransformGizmo/TranslateArrowHandle.uasset" 1310
"../../../Engine/Content/VREditor/TransformGizmo/TranslateArrowHandle.uexp" 1311
"../../../Engine/Content/VREditor/TransformGizmo/TransformGizmoFreeRotation.ubulk" 1312
"../../../Engine/Content/VREditor/TransformGizmo/TransformGizmoFreeRotation.uasset" 1313
"../../../Engine/Content/VREditor/TransformGizmo/TransformGizmoFreeRotation.uexp" 1314
"../../../Engine/Content/Functions/Engine_MaterialFunctions02/SplitComponents.uasset" 1315
"../../../Engine/Content/Functions/Engine_MaterialFunctions02/SplitComponents.uexp" 1316
"../../../Engine/Content/VREditor/SnapGrid/SnapGridMaterial.uasset" 1317
"../../../Engine/Content/VREditor/SnapGrid/SnapGridMaterial.uexp" 1318
"../../../Engine/Content/VREditor/SnapGrid/SnapGridPlaneMesh.ubulk" 1319
"../../../Engine/Content/VREditor/SnapGrid/SnapGridPlaneMesh.uasset" 1320
"../../../Engine/Content/VREditor/SnapGrid/SnapGridPlaneMesh.uexp" 1321
"../../../Engine/Content/VREditor/Sounds/UI/Gizmo_Handle_Clicked.ubulk" 1322
"../../../Engine/Content/VREditor/Sounds/UI/Gizmo_Handle_Clicked.uasset" 1323
"../../../Engine/Content/VREditor/Sounds/UI/Gizmo_Handle_Clicked.uexp" 1324
"../../../Engine/Content/VREditor/Sounds/UI/Object_PickUp.ubulk" 1325
"../../../Engine/Content/VREditor/Sounds/UI/Object_PickUp.uasset" 1326
"../../../Engine/Content/VREditor/Sounds/UI/Object_PickUp.uexp" 1327
"../../../Engine/Content/VREditor/Sounds/UI/Object_Snaps_To_Another_Actor.ubulk" 1328
"../../../Engine/Content/VREditor/Sounds/UI/Object_Snaps_To_Another_Actor.uasset" 1329
"../../../Engine/Content/VREditor/Sounds/UI/Object_Snaps_To_Another_Actor.uexp" 1330
"../../../Engine/Content/VREditor/Sounds/UI/Object_Snaps_To_Grid.ubulk" 1331
"../../../Engine/Content/VREditor/Sounds/UI/Object_Snaps_To_Grid.uasset" 1332
"../../../Engine/Content/VREditor/Sounds/UI/Object_Snaps_To_Grid.uexp" 1333
"../../../Engine/Content/VREditor/Sounds/UI/Scaling_Down.ubulk" 1334
"../../../Engine/Content/VREditor/Sounds/UI/Scaling_Down.uasset" 1335
"../../../Engine/Content/VREditor/Sounds/UI/Scaling_Down.uexp" 1336
"../../../Engine/Content/VREditor/Sounds/UI/Scaling_Up.ubulk" 1337
"../../../Engine/Content/VREditor/Sounds/UI/Scaling_Up.uasset" 1338
"../../../Engine/Content/VREditor/Sounds/UI/Scaling_Up.uexp" 1339
"../../../Engine/Content/VREditor/Sounds/UI/Selection_Changes.ubulk" 1340
"../../../Engine/Content/VREditor/Sounds/UI/Selection_Changes.uasset" 1341
"../../../Engine/Content/VREditor/Sounds/UI/Selection_Changes.uexp" 1342
"../../../Engine/Content/VREditor/TransformGizmo/PlaneTranslationHandle.ubulk" 1343
"../../../Engine/Content/VREditor/TransformGizmo/PlaneTranslationHandle.uasset" 1344
"../../../Engine/Content/VREditor/TransformGizmo/PlaneTranslationHandle.uexp" 1345
"../../../Engine/Content/VREditor/TransformGizmo/RotationHandleFull.ubulk" 1346
"../../../Engine/Content/VREditor/TransformGizmo/RotationHandleFull.uasset" 1347
"../../../Engine/Content/VREditor/TransformGizmo/RotationHandleFull.uexp" 1348
"../../../Engine/Content/VREditor/TransformGizmo/RotationHandleIndicator.ubulk" 1349
"../../../Engine/Content/VREditor/TransformGizmo/RotationHandleIndicator.uasset" 1350
"../../../Engine/Content/VREditor/TransformGizmo/RotationHandleIndicator.uexp" 1351
"../../../Engine/Content/VREditor/TransformGizmo/RotationHandleQuarter.ubulk" 1352
"../../../Engine/Content/VREditor/TransformGizmo/RotationHandleQuarter.uasset" 1353
"../../../Engine/Content/VREditor/TransformGizmo/RotationHandleQuarter.uexp" 1354
"../../../Engine/Content/VREditor/TransformGizmo/StartRotationHandleIndicator.ubulk" 1355
"../../../Engine/Content/VREditor/TransformGizmo/StartRotationHandleIndicator.uasset" 1356
"../../../Engine/Content/VREditor/TransformGizmo/StartRotationHandleIndicator.uexp" 1357
"../../../Engine/Plugins/Marketplace/MetaXR/Content/Textures/CRT_DistanceMap.uasset" 1358
"../../../Engine/Plugins/Marketplace/MetaXR/Content/Textures/CRT_DistanceMap.uexp" 1359
"../../../Engine/Content/EngineMaterials/Widget3DPassThrough.uasset" 1360
"../../../Engine/Content/EngineMaterials/Widget3DPassThrough.uexp" 1361
"../../../Engine/Content/EngineMaterials/Widget3DPassThrough_Masked.uasset" 1362
"../../../Engine/Content/EngineMaterials/Widget3DPassThrough_Masked.uexp" 1363
"../../../Engine/Content/EngineMaterials/Widget3DPassThrough_Opaque.uasset" 1364
"../../../Engine/Content/EngineMaterials/Widget3DPassThrough_Opaque.uexp" 1365
"../../../Engine/Content/EngineMaterials/Widget3DPassThrough_Masked_OneSided.uasset" 1366
"../../../Engine/Content/EngineMaterials/Widget3DPassThrough_Masked_OneSided.uexp" 1367
"../../../Engine/Content/EngineMaterials/Widget3DPassThrough_Opaque_OneSided.uasset" 1368
"../../../Engine/Content/EngineMaterials/Widget3DPassThrough_Opaque_OneSided.uexp" 1369
"../../../Engine/Content/EngineMaterials/Widget3DPassThrough_Translucent.uasset" 1370
"../../../Engine/Content/EngineMaterials/Widget3DPassThrough_Translucent.uexp" 1371
"../../../Engine/Content/EngineMaterials/Widget3DPassThrough_Translucent_OneSided.uasset" 1372
"../../../Engine/Content/EngineMaterials/Widget3DPassThrough_Translucent_OneSided.uexp" 1373
"../../../Engine/Content/EditorLandscapeResources/ColorMaskBrushMaterial.uasset" 1374
"../../../Engine/Content/EditorLandscapeResources/ColorMaskBrushMaterial.uexp" 1375
"../../../Engine/Content/EditorLandscapeResources/ColorMaskBrushMaterial_MaskedRegion.uasset" 1376
"../../../Engine/Content/EditorLandscapeResources/ColorMaskBrushMaterial_MaskedRegion.uexp" 1377
"../../../Engine/Content/Functions/Engine_MaterialFunctions03/Math/WithinRangeFloat2.uasset" 1378
"../../../Engine/Content/Functions/Engine_MaterialFunctions03/Math/WithinRangeFloat2.uexp" 1379
"../../../Engine/Content/EditorLandscapeResources/MaskBrushMaterial.uasset" 1380
"../../../Engine/Content/EditorLandscapeResources/MaskBrushMaterial.uexp" 1381
"../../../Engine/Content/EditorLandscapeResources/MaskBrushMaterial_MaskedRegion.uasset" 1382
"../../../Engine/Content/EditorLandscapeResources/MaskBrushMaterial_MaskedRegion.uexp" 1383
"../../../Engine/Content/EditorLandscapeResources/SelectBrushMaterial.uasset" 1384
"../../../Engine/Content/EditorLandscapeResources/SelectBrushMaterial.uexp" 1385
"../../../Engine/Content/EditorLandscapeResources/SelectBrushMaterial_Selected.uasset" 1386
"../../../Engine/Content/EditorLandscapeResources/SelectBrushMaterial_Selected.uexp" 1387
"../../../Engine/Content/EditorLandscapeResources/SelectBrushMaterial_SelectedRegion.uasset" 1388
"../../../Engine/Content/EditorLandscapeResources/SelectBrushMaterial_SelectedRegion.uexp" 1389
"../../../Engine/Plugins/NNE/NNEDenoiser/Content/NNE_oidn2-3-0_rt_hdr_alb_nrm_small__dyn__fp16_opset11_DenoiseAlpha.uasset" 1390
"../../../Engine/Plugins/NNE/NNEDenoiser/Content/NNE_oidn2-3-0_rt_hdr_alb_nrm_small__dyn__fp16_opset11_DenoiseAlpha.uexp" 1391
"../../../Engine/Plugins/NNE/NNEDenoiser/Content/NNE_oidn2-3-0_rt_hdr_alb_nrm_small__dyn__fp16_opset11_ForwardAlpha.uasset" 1392
"../../../Engine/Plugins/NNE/NNEDenoiser/Content/NNE_oidn2-3-0_rt_hdr_alb_nrm_small__dyn__fp16_opset11_ForwardAlpha.uexp" 1393
"../../../Engine/Plugins/NNE/NNEDenoiser/Content/NNE_oidn2-3-0_rt_hdr_alb_nrm__dyn__fp16_opset11_DenoiseAlpha.uasset" 1394
"../../../Engine/Plugins/NNE/NNEDenoiser/Content/NNE_oidn2-3-0_rt_hdr_alb_nrm__dyn__fp16_opset11_DenoiseAlpha.uexp" 1395
"../../../Engine/Plugins/NNE/NNEDenoiser/Content/NNE_oidn2-3-0_rt_hdr_alb_nrm__dyn__fp16_opset11_ForwardAlpha.uasset" 1396
"../../../Engine/Plugins/NNE/NNEDenoiser/Content/NNE_oidn2-3-0_rt_hdr_alb_nrm__dyn__fp16_opset11_ForwardAlpha.uexp" 1397
"../../../Engine/Plugins/NNE/NNEDenoiser/Content/NNE_oidn2-3-0_rt_hdr_calb_cnrm_large__dyn__fp16_opset11_DenoiseAlpha.uasset" 1398
"../../../Engine/Plugins/NNE/NNEDenoiser/Content/NNE_oidn2-3-0_rt_hdr_calb_cnrm_large__dyn__fp16_opset11_DenoiseAlpha.uexp" 1399
"../../../Engine/Plugins/NNE/NNEDenoiser/Content/NNE_oidn2-3-0_rt_hdr_calb_cnrm_large__dyn__fp16_opset11_ForwardAlpha.uasset" 1400
"../../../Engine/Plugins/NNE/NNEDenoiser/Content/NNE_oidn2-3-0_rt_hdr_calb_cnrm_large__dyn__fp16_opset11_ForwardAlpha.uexp" 1401
"../../../Engine/Plugins/2D/Paper2D/Content/DefaultSpriteMaterial.uasset" 1402
"../../../Engine/Plugins/2D/Paper2D/Content/DefaultSpriteMaterial.uexp" 1403
"../../../Engine/Plugins/2D/Paper2D/Content/MaskedUnlitSpriteMaterial.uasset" 1404
"../../../Engine/Plugins/2D/Paper2D/Content/MaskedUnlitSpriteMaterial.uexp" 1405
"../../../Engine/Plugins/2D/Paper2D/Content/OpaqueUnlitSpriteMaterial.uasset" 1406
"../../../Engine/Plugins/2D/Paper2D/Content/OpaqueUnlitSpriteMaterial.uexp" 1407
"../../../Engine/Plugins/FX/Niagara/Content/Enums/ENiagara_EmitterStateOptions.uasset" 1408
"../../../Engine/Plugins/FX/Niagara/Content/Enums/ENiagara_EmitterStateOptions.uexp" 1409
"../../../Engine/Plugins/FX/Niagara/Content/Enums/ENiagara_InfiniteLoopDuration.uasset" 1410
"../../../Engine/Plugins/FX/Niagara/Content/Enums/ENiagara_InfiniteLoopDuration.uexp" 1411
"../../../Engine/Plugins/FX/Niagara/Content/Enums/ENiagaraEmitterLifeCycleMode.uasset" 1412
"../../../Engine/Plugins/FX/Niagara/Content/Enums/ENiagaraEmitterLifeCycleMode.uexp" 1413
"../../../Engine/Plugins/FX/Niagara/Content/Enums/ENiagaraEmitterScalabilityMode_Limited.uasset" 1414
"../../../Engine/Plugins/FX/Niagara/Content/Enums/ENiagaraEmitterScalabilityMode_Limited.uexp" 1415
"../../../Engine/Plugins/FX/Niagara/Content/Enums/ENiagaraInactiveMode.uasset" 1416
"../../../Engine/Plugins/FX/Niagara/Content/Enums/ENiagaraInactiveMode.uexp" 1417
"../../../Engine/Plugins/FX/Niagara/Content/Enums/ENiagaraSystemInactiveMode.uasset" 1418
"../../../Engine/Plugins/FX/Niagara/Content/Enums/ENiagaraSystemInactiveMode.uexp" 1419
"../../../Engine/Plugins/FX/Niagara/Content/Icons/Modules/T_Icon_Scalability_Emitter.uasset" 1420
"../../../Engine/Plugins/FX/Niagara/Content/Icons/Modules/T_Icon_Scalability_Emitter.uexp" 1421
"../../../Engine/Plugins/FX/Niagara/Content/Icons/Modules/T_Icon_Scalability_System.uasset" 1422
"../../../Engine/Plugins/FX/Niagara/Content/Icons/Modules/T_Icon_Scalability_System.uexp" 1423
"../../../Engine/Plugins/Marketplace/MetaXRInteraction/Content/Materials/CursorMaterial.uasset" 1424
"../../../Engine/Plugins/Marketplace/MetaXRInteraction/Content/Materials/CursorMaterial.uexp" 1425
"../../../Engine/Plugins/Marketplace/MetaXRInteraction/Content/Materials/CursorMaterial_Niagara.uasset" 1426
"../../../Engine/Plugins/Marketplace/MetaXRInteraction/Content/Materials/CursorMaterial_Niagara.uexp" 1427
"../../../Engine/Plugins/FX/Niagara/Content/Enums/ENiagaraRandomnessMode.uasset" 1428
"../../../Engine/Plugins/FX/Niagara/Content/Enums/ENiagaraRandomnessMode.uexp" 1429
"../../../Engine/Plugins/FX/Niagara/Content/Enums/ENiagaraRandomnessEvaluation.uasset" 1430
"../../../Engine/Plugins/FX/Niagara/Content/Enums/ENiagaraRandomnessEvaluation.uexp" 1431
"../../../Engine/Plugins/FX/Niagara/Content/Icons/Modules/T_Icon_Particle_InfiniteLife.uasset" 1432
"../../../Engine/Plugins/FX/Niagara/Content/Icons/Modules/T_Icon_Particle_InfiniteLife.uexp" 1433
"../../../Engine/Plugins/FX/Niagara/Content/Enums/ENiagara_ColorInitializationMode.uasset" 1434
"../../../Engine/Plugins/FX/Niagara/Content/Enums/ENiagara_ColorInitializationMode.uexp" 1435
"../../../Engine/Plugins/FX/Niagara/Content/Enums/ENiagara_LifetimeMode.uasset" 1436
"../../../Engine/Plugins/FX/Niagara/Content/Enums/ENiagara_LifetimeMode.uexp" 1437
"../../../Engine/Plugins/FX/Niagara/Content/Enums/ENiagara_MassInitializationMode.uasset" 1438
"../../../Engine/Plugins/FX/Niagara/Content/Enums/ENiagara_MassInitializationMode.uexp" 1439
"../../../Engine/Plugins/FX/Niagara/Content/Enums/ENiagara_PositionInitializationMode.uasset" 1440
"../../../Engine/Plugins/FX/Niagara/Content/Enums/ENiagara_PositionInitializationMode.uexp" 1441
"../../../Engine/Plugins/FX/Niagara/Content/Enums/ENiagara_SizeScaleMode.uasset" 1442
"../../../Engine/Plugins/FX/Niagara/Content/Enums/ENiagara_SizeScaleMode.uexp" 1443
"../../../Engine/Plugins/FX/Niagara/Content/Enums/ENiagara_SpriteRotationMode.uasset" 1444
"../../../Engine/Plugins/FX/Niagara/Content/Enums/ENiagara_SpriteRotationMode.uexp" 1445
"../../../Engine/Plugins/FX/Niagara/Content/Enums/ENiagara_UVFlippingMode.uasset" 1446
"../../../Engine/Plugins/FX/Niagara/Content/Enums/ENiagara_UVFlippingMode.uexp" 1447
"../../../Engine/Plugins/FX/Niagara/Content/Enums/ENiagaraChannelCorrelation.uasset" 1448
"../../../Engine/Plugins/FX/Niagara/Content/Enums/ENiagaraChannelCorrelation.uexp" 1449
"../../../Engine/Plugins/FX/Niagara/Content/Enums/Ribbons/ENiagara_UnsetDirectSetRandom.uasset" 1450
"../../../Engine/Plugins/FX/Niagara/Content/Enums/Ribbons/ENiagara_UnsetDirectSetRandom.uexp" 1451
"../../../Engine/Plugins/FX/Niagara/Content/Enums/Ribbons/ENiagara_UnsetDirectSet.uasset" 1452
"../../../Engine/Plugins/FX/Niagara/Content/Enums/Ribbons/ENiagara_UnsetDirectSet.uexp" 1453
"../../../Engine/Plugins/FX/Niagara/Content/Enums/Utility/ENiagara_DynamicMaterialParametersInputMode.uasset" 1454
"../../../Engine/Plugins/FX/Niagara/Content/Enums/Utility/ENiagara_DynamicMaterialParametersInputMode.uexp" 1455
"../../../Engine/Plugins/FX/Niagara/Content/Enums/ENiagara_AttributeSamplingApplyOutput.uasset" 1456
"../../../Engine/Plugins/FX/Niagara/Content/Enums/ENiagara_AttributeSamplingApplyOutput.uexp" 1457
"../../../Engine/Plugins/FX/Niagara/Content/Enums/ENiagaraCalculateRadiusOptions.uasset" 1458
"../../../Engine/Plugins/FX/Niagara/Content/Enums/ENiagaraCalculateRadiusOptions.uexp" 1459
"../../../Engine/Plugins/FX/Niagara/Content/Enums/ENiagaraMeshTransforms.uasset" 1460
"../../../Engine/Plugins/FX/Niagara/Content/Enums/ENiagaraMeshTransforms.uexp" 1461
"../../../Engine/Plugins/FX/Niagara/Content/Enums/Transforms/ENiagara_MeshOrientationOptions.uasset" 1462
"../../../Engine/Plugins/FX/Niagara/Content/Enums/Transforms/ENiagara_MeshOrientationOptions.uexp" 1463
"../../../Engine/Plugins/FX/Niagara/Content/Enums/Utility/ENiagara_OrientVectorCount.uasset" 1464
"../../../Engine/Plugins/FX/Niagara/Content/Enums/Utility/ENiagara_OrientVectorCount.uexp" 1465
"../../../Engine/Plugins/FX/Niagara/Content/Enums/Utility/ENiagara_UpdateMeshOrientationMode.uasset" 1466
"../../../Engine/Plugins/FX/Niagara/Content/Enums/Utility/ENiagara_UpdateMeshOrientationMode.uexp" 1467
"../../../Engine/Plugins/FX/Niagara/Content/Enums/Angles/ENiagara_AngleInput.uasset" 1468
"../../../Engine/Plugins/FX/Niagara/Content/Enums/Angles/ENiagara_AngleInput.uexp" 1469
"../../../Engine/Content/Functions/Engine_MaterialFunctions01/Texturing/ComputeMipLevel.uasset" 1470
"../../../Engine/Content/Functions/Engine_MaterialFunctions01/Texturing/ComputeMipLevel.uexp" 1471
"../../../Engine/Content/Functions/Engine_MaterialFunctions02/ExampleContent/Textures/DebugNumberPeriod.uasset" 1472
"../../../Engine/Content/Functions/Engine_MaterialFunctions02/ExampleContent/Textures/DebugNumberPeriod.uexp" 1473
"../../../Engine/Content/Functions/Engine_MaterialFunctions02/Utility/DebugScalarValues.uasset" 1474
"../../../Engine/Content/Functions/Engine_MaterialFunctions02/Utility/DebugScalarValues.uexp" 1475
"../../../Engine/Content/Functions/Engine_MaterialFunctions02/Utility/DebugFloat3Values.uasset" 1476
"../../../Engine/Content/Functions/Engine_MaterialFunctions02/Utility/DebugFloat3Values.uexp" 1477
"../../../Engine/Content/Functions/Engine_MaterialFunctions02/Math/TimeWithSpeedVariable.uasset" 1478
"../../../Engine/Content/Functions/Engine_MaterialFunctions02/Math/TimeWithSpeedVariable.uexp" 1479
"../../../Engine/Content/Functions/Engine_MaterialFunctions02/PassThrough.uasset" 1480
"../../../Engine/Content/Functions/Engine_MaterialFunctions02/PassThrough.uexp" 1481
"../../../Engine/Plugins/Marketplace/MetaXRInteraction/Content/Textures/RayVisual/T_PinchArrowOffsets.uasset" 1482
"../../../Engine/Plugins/Marketplace/MetaXRInteraction/Content/Textures/RayVisual/T_PinchArrowOffsets.uexp" 1483
"../../../Engine/Plugins/Marketplace/MetaXRInteraction/Content/Textures/RayVisual/T_PinchArrowNormals.uasset" 1484
"../../../Engine/Plugins/Marketplace/MetaXRInteraction/Content/Textures/RayVisual/T_PinchArrowNormals.uexp" 1485
"../../../Engine/Content/Functions/Engine_MaterialFunctions02/ExampleContent/Gradient.ubulk" 1486
"../../../Engine/Content/Functions/Engine_MaterialFunctions02/ExampleContent/Gradient.uasset" 1487
"../../../Engine/Content/Functions/Engine_MaterialFunctions02/ExampleContent/Gradient.uexp" 1488
"../../../Engine/Content/Functions/Engine_MaterialFunctions02/ExampleContent/Greyscale.ubulk" 1489
"../../../Engine/Content/Functions/Engine_MaterialFunctions02/ExampleContent/Greyscale.uasset" 1490
"../../../Engine/Content/Functions/Engine_MaterialFunctions02/ExampleContent/Greyscale.uexp" 1491
"../../../Engine/Content/Functions/Engine_MaterialFunctions02/ExampleContent/TextureBasedWPO/DemoBox.uasset" 1492
"../../../Engine/Content/Functions/Engine_MaterialFunctions02/ExampleContent/TextureBasedWPO/DemoBox.uexp" 1493
"../../../Engine/Content/Functions/Engine_MaterialFunctions02/ExampleContent/TextureBasedWPO/DemoBox_Normals.uasset" 1494
"../../../Engine/Content/Functions/Engine_MaterialFunctions02/ExampleContent/TextureBasedWPO/DemoBox_Normals.uexp" 1495
"../../../Engine/Content/Functions/Engine_MaterialFunctions02/Gradients/GradientMap_Multi.uasset" 1496
"../../../Engine/Content/Functions/Engine_MaterialFunctions02/Gradients/GradientMap_Multi.uexp" 1497
"../../../Engine/Content/Functions/Engine_MaterialFunctions02/Utility/DebugFloat4Values.uasset" 1498
"../../../Engine/Content/Functions/Engine_MaterialFunctions02/Utility/DebugFloat4Values.uexp" 1499
"../../../Engine/Content/Functions/Engine_MaterialFunctions02/Normals/UnpackNormalFromFloat.uasset" 1500
"../../../Engine/Content/Functions/Engine_MaterialFunctions02/Normals/UnpackNormalFromFloat.uexp" 1501
"../../../Engine/Content/Functions/Engine_MaterialFunctions02/MAXScripts/MS_VertexAnimationTools_MorphTargets.uasset" 1502
"../../../Engine/Content/Functions/Engine_MaterialFunctions02/MAXScripts/MS_VertexAnimationTools_MorphTargets.uexp" 1503
"../../../Engine/Plugins/Marketplace/MetaXRInteraction/Content/Materials/RayVisual/M_PinchArrowParticle.uasset" 1504
"../../../Engine/Plugins/Marketplace/MetaXRInteraction/Content/Materials/RayVisual/M_PinchArrowParticle.uexp" 1505
"../../../Engine/Plugins/Marketplace/MetaXRInteraction/Content/Models/RayVisual/SM_PinchArrow.ubulk" 1506
"../../../Engine/Plugins/Marketplace/MetaXRInteraction/Content/Models/RayVisual/SM_PinchArrow.uasset" 1507
"../../../Engine/Plugins/Marketplace/MetaXRInteraction/Content/Models/RayVisual/SM_PinchArrow.uexp" 1508
"../../../Engine/Plugins/Marketplace/MetaXRInteraction/Content/FX/NS_RayVisuals.uasset" 1509
"../../../Engine/Plugins/Marketplace/MetaXRInteraction/Content/FX/NS_RayVisuals.uexp" 1510
"C:/Users/Administrator/Documents/GitHub/hands2/Content/VRTemplate/Input/Actions/IA_Grab_Left_Pressed.uasset" 1511
"C:/Users/Administrator/Documents/GitHub/hands2/Content/VRTemplate/Input/Actions/IA_Grab_Left_Pressed.uexp" 1512
"C:/Users/Administrator/Documents/GitHub/hands2/Content/VRTemplate/Input/Actions/IA_Grab_Left_Released.uasset" 1513
"C:/Users/Administrator/Documents/GitHub/hands2/Content/VRTemplate/Input/Actions/IA_Grab_Left_Released.uexp" 1514
"C:/Users/Administrator/Documents/GitHub/hands2/Content/VRTemplate/Input/Actions/IA_Grab_Right_Pressed.uasset" 1515
"C:/Users/Administrator/Documents/GitHub/hands2/Content/VRTemplate/Input/Actions/IA_Grab_Right_Pressed.uexp" 1516
"C:/Users/Administrator/Documents/GitHub/hands2/Content/VRTemplate/Input/Actions/IA_Grab_Right_Released.uasset" 1517
"C:/Users/Administrator/Documents/GitHub/hands2/Content/VRTemplate/Input/Actions/IA_Grab_Right_Released.uexp" 1518
"C:/Users/Administrator/Documents/GitHub/hands2/Content/VRTemplate/Input/Actions/IA_Menu_Toggle_Left.uasset" 1519
"C:/Users/Administrator/Documents/GitHub/hands2/Content/VRTemplate/Input/Actions/IA_Menu_Toggle_Left.uexp" 1520
"C:/Users/Administrator/Documents/GitHub/hands2/Content/VRTemplate/Input/Actions/IA_Menu_Toggle_Right.uasset" 1521
"C:/Users/Administrator/Documents/GitHub/hands2/Content/VRTemplate/Input/Actions/IA_Menu_Toggle_Right.uexp" 1522
"C:/Users/Administrator/Documents/GitHub/hands2/Content/VRTemplate/Input/B_InputModifier_XAxisPositiveOnly.uasset" 1523
"C:/Users/Administrator/Documents/GitHub/hands2/Content/VRTemplate/Input/B_InputModifier_XAxisPositiveOnly.uexp" 1524
"C:/Users/Administrator/Documents/GitHub/hands2/Content/VRTemplate/Input/Actions/IA_Move.uasset" 1525
"C:/Users/Administrator/Documents/GitHub/hands2/Content/VRTemplate/Input/Actions/IA_Move.uexp" 1526
"C:/Users/Administrator/Documents/GitHub/hands2/Content/VRTemplate/Input/Actions/IA_Turn.uasset" 1527
"C:/Users/Administrator/Documents/GitHub/hands2/Content/VRTemplate/Input/Actions/IA_Turn.uexp" 1528
"C:/Users/Administrator/Documents/GitHub/hands2/Content/VRTemplate/Input/IMC_Default.uasset" 1529
"C:/Users/Administrator/Documents/GitHub/hands2/Content/VRTemplate/Input/IMC_Default.uexp" 1530
"C:/Users/Administrator/Documents/GitHub/hands2/Content/VRTemplate/Input/Actions/Hands/IA_Hand_Grasp_Left.uasset" 1531
"C:/Users/Administrator/Documents/GitHub/hands2/Content/VRTemplate/Input/Actions/Hands/IA_Hand_Grasp_Left.uexp" 1532
"C:/Users/Administrator/Documents/GitHub/hands2/Content/VRTemplate/Input/Actions/Hands/IA_Hand_Grasp_Right.uasset" 1533
"C:/Users/Administrator/Documents/GitHub/hands2/Content/VRTemplate/Input/Actions/Hands/IA_Hand_Grasp_Right.uexp" 1534
"C:/Users/Administrator/Documents/GitHub/hands2/Content/VRTemplate/Input/Actions/Hands/IA_Hand_IndexCurl_Left.uasset" 1535
"C:/Users/Administrator/Documents/GitHub/hands2/Content/VRTemplate/Input/Actions/Hands/IA_Hand_IndexCurl_Left.uexp" 1536
"C:/Users/Administrator/Documents/GitHub/hands2/Content/VRTemplate/Input/Actions/Hands/IA_Hand_IndexCurl_Right.uasset" 1537
"C:/Users/Administrator/Documents/GitHub/hands2/Content/VRTemplate/Input/Actions/Hands/IA_Hand_IndexCurl_Right.uexp" 1538
"C:/Users/Administrator/Documents/GitHub/hands2/Content/VRTemplate/Input/Actions/Hands/IA_Hand_Point_Left.uasset" 1539
"C:/Users/Administrator/Documents/GitHub/hands2/Content/VRTemplate/Input/Actions/Hands/IA_Hand_Point_Left.uexp" 1540
"C:/Users/Administrator/Documents/GitHub/hands2/Content/VRTemplate/Input/Actions/Hands/IA_Hand_Point_Right.uasset" 1541
"C:/Users/Administrator/Documents/GitHub/hands2/Content/VRTemplate/Input/Actions/Hands/IA_Hand_Point_Right.uexp" 1542
"C:/Users/Administrator/Documents/GitHub/hands2/Content/VRTemplate/Input/Actions/Hands/IA_Hand_ThumbUp_Left.uasset" 1543
"C:/Users/Administrator/Documents/GitHub/hands2/Content/VRTemplate/Input/Actions/Hands/IA_Hand_ThumbUp_Left.uexp" 1544
"C:/Users/Administrator/Documents/GitHub/hands2/Content/VRTemplate/Input/Actions/Hands/IA_Hand_ThumbUp_Right.uasset" 1545
"C:/Users/Administrator/Documents/GitHub/hands2/Content/VRTemplate/Input/Actions/Hands/IA_Hand_ThumbUp_Right.uexp" 1546
"C:/Users/Administrator/Documents/GitHub/hands2/Content/VRTemplate/Input/IMC_Hands.uasset" 1547
"C:/Users/Administrator/Documents/GitHub/hands2/Content/VRTemplate/Input/IMC_Hands.uexp" 1548
"C:/Users/Administrator/Documents/GitHub/hands2/Content/VRTemplate/Input/Actions/IA_Shoot_Left.uasset" 1549
"C:/Users/Administrator/Documents/GitHub/hands2/Content/VRTemplate/Input/Actions/IA_Shoot_Left.uexp" 1550
"C:/Users/Administrator/Documents/GitHub/hands2/Content/VRTemplate/Input/IMC_Weapon_Left.uasset" 1551
"C:/Users/Administrator/Documents/GitHub/hands2/Content/VRTemplate/Input/IMC_Weapon_Left.uexp" 1552
"C:/Users/Administrator/Documents/GitHub/hands2/Content/VRTemplate/Input/Actions/IA_Shoot_Right.uasset" 1553
"C:/Users/Administrator/Documents/GitHub/hands2/Content/VRTemplate/Input/Actions/IA_Shoot_Right.uexp" 1554
"C:/Users/Administrator/Documents/GitHub/hands2/Content/VRTemplate/Input/IMC_Weapon_Right.uasset" 1555
"C:/Users/Administrator/Documents/GitHub/hands2/Content/VRTemplate/Input/IMC_Weapon_Right.uexp" 1556
"../../../Engine/Plugins/Animation/DeformerGraph/Content/DeformerFunctions/DG_Function_LinearBlendSkin_Morph_Cloth.uasset" 1557
"../../../Engine/Plugins/Animation/DeformerGraph/Content/DeformerFunctions/DG_Function_LinearBlendSkin_Morph_Cloth.uexp" 1558
"../../../Engine/Plugins/Animation/DeformerGraph/Content/Deformers/DG_LinearBlendSkin_Morph_Cloth.uasset" 1559
"../../../Engine/Plugins/Animation/DeformerGraph/Content/Deformers/DG_LinearBlendSkin_Morph_Cloth.uexp" 1560
"../../../Engine/Plugins/Animation/DeformerGraph/Content/DeformerFunctions/DG_Function_LinearBlendSkin_Morph_Cloth_PositionOnly.uasset" 1561
"../../../Engine/Plugins/Animation/DeformerGraph/Content/DeformerFunctions/DG_Function_LinearBlendSkin_Morph_Cloth_PositionOnly.uexp" 1562
"../../../Engine/Plugins/Animation/DeformerGraph/Content/DeformerFunctions/DG_Function_ComputeNormalsTangents.uasset" 1563
"../../../Engine/Plugins/Animation/DeformerGraph/Content/DeformerFunctions/DG_Function_ComputeNormalsTangents.uexp" 1564
"../../../Engine/Plugins/Animation/DeformerGraph/Content/Deformers/DG_LinearBlendSkin_Morph_Cloth_RecomputeNormals.uasset" 1565
"../../../Engine/Plugins/Animation/DeformerGraph/Content/Deformers/DG_LinearBlendSkin_Morph_Cloth_RecomputeNormals.uexp" 1566
"../../../Engine/Plugins/Marketplace/MetaXRInteraction/Content/Configurations/IsdkPokeInteractablePanelConfig.uasset" 1567
"../../../Engine/Plugins/Marketplace/MetaXRInteraction/Content/Configurations/IsdkPokeInteractablePanelConfig.uexp" 1568
"../../../Engine/Plugins/FX/Niagara/Content/DefaultAssets/DefaultRIbbonMaterial.uasset" 1569
"../../../Engine/Plugins/FX/Niagara/Content/DefaultAssets/DefaultRIbbonMaterial.uexp" 1570
"../../../Engine/Plugins/Marketplace/MetaXRInteraction/Content/FX/NS_DistanceGrabVisuals.uasset" 1571
"../../../Engine/Plugins/Marketplace/MetaXRInteraction/Content/FX/NS_DistanceGrabVisuals.uexp" 1572
"../../../Engine/Plugins/NNE/NNEDenoiser/Content/NNEDT_Oidn2-3_Balanced.uasset" 1573
"../../../Engine/Plugins/NNE/NNEDenoiser/Content/NNEDT_Oidn2-3_Balanced.uexp" 1574
"../../../Engine/Plugins/NNE/NNEDenoiser/Content/NNEDT_Oidn2-3_Balanced_Alpha.uasset" 1575
"../../../Engine/Plugins/NNE/NNEDenoiser/Content/NNEDT_Oidn2-3_Balanced_Alpha.uexp" 1576
"../../../Engine/Plugins/NNE/NNEDenoiser/Content/NNED_Oidn2-3_Balanced.uasset" 1577
"../../../Engine/Plugins/NNE/NNEDenoiser/Content/NNED_Oidn2-3_Balanced.uexp" 1578
"../../../Engine/Plugins/NNE/NNEDenoiser/Content/NNED_Oidn2-3_Balanced_Alpha.uasset" 1579
"../../../Engine/Plugins/NNE/NNEDenoiser/Content/NNED_Oidn2-3_Balanced_Alpha.uexp" 1580
"../../../Engine/Plugins/NNE/NNEDenoiser/Content/NNED_Oidn2-3_Fast.uasset" 1581
"../../../Engine/Plugins/NNE/NNEDenoiser/Content/NNED_Oidn2-3_Fast.uexp" 1582
"../../../Engine/Plugins/NNE/NNEDenoiser/Content/NNED_Oidn2-3_Fast_Alpha.uasset" 1583
"../../../Engine/Plugins/NNE/NNEDenoiser/Content/NNED_Oidn2-3_Fast_Alpha.uexp" 1584
"../../../Engine/Plugins/NNE/NNEDenoiser/Content/NNED_Oidn2-3_HighQuality.uasset" 1585
"../../../Engine/Plugins/NNE/NNEDenoiser/Content/NNED_Oidn2-3_HighQuality.uexp" 1586
"../../../Engine/Plugins/NNE/NNEDenoiser/Content/NNED_Oidn2-3_HighQuality_Alpha.uasset" 1587
"../../../Engine/Plugins/NNE/NNEDenoiser/Content/NNED_Oidn2-3_HighQuality_Alpha.uexp" 1588
"../../../Engine/Content/Maps/Entry_BuiltData.uasset" 1589
"../../../Engine/Content/Maps/Entry_BuiltData.uexp" 1590
"../../../Engine/Content/Maps/Entry.uexp" 1591
"../../../Engine/Content/Maps/Entry.umap" 1592
"../../../Engine/Content/BasicShapes/Sphere.ubulk" 1593
"../../../Engine/Content/BasicShapes/Sphere.uasset" 1594
"../../../Engine/Content/BasicShapes/Sphere.uexp" 1595
"../../../Engine/Content/EditorBlueprintResources/StandardMacros.uasset" 1596
"../../../Engine/Content/EditorBlueprintResources/StandardMacros.uexp" 1597
"../../../Engine/Content/EngineSky/T_Sky_Stars.ubulk" 1598
"../../../Engine/Content/EngineSky/T_Sky_Stars.uasset" 1599
"../../../Engine/Content/EngineSky/T_Sky_Stars.uexp" 1600
"../../../Engine/Content/EngineSky/T_Sky_Clouds_M.ubulk" 1601
"../../../Engine/Content/EngineSky/T_Sky_Clouds_M.uasset" 1602
"../../../Engine/Content/EngineSky/T_Sky_Clouds_M.uexp" 1603
"../../../Engine/Content/EngineSky/T_Sky_Blue.ubulk" 1604
"../../../Engine/Content/EngineSky/T_Sky_Blue.uasset" 1605
"../../../Engine/Content/EngineSky/T_Sky_Blue.uexp" 1606
"../../../Engine/Content/EngineSky/M_Sky_Panning_Clouds2.uasset" 1607
"../../../Engine/Content/EngineSky/M_Sky_Panning_Clouds2.uexp" 1608
"../../../Engine/Content/EngineSky/SM_SkySphere.ubulk" 1609
"../../../Engine/Content/EngineSky/SM_SkySphere.uasset" 1610
"../../../Engine/Content/EngineSky/SM_SkySphere.uexp" 1611
"../../../Engine/Content/EngineSky/C_Sky_Zenith_Color.uasset" 1612
"../../../Engine/Content/EngineSky/C_Sky_Zenith_Color.uexp" 1613
"../../../Engine/Content/EngineSky/C_Sky_Horizon_Color.uasset" 1614
"../../../Engine/Content/EngineSky/C_Sky_Horizon_Color.uexp" 1615
"../../../Engine/Content/EngineSky/C_Sky_Cloud_Color.uasset" 1616
"../../../Engine/Content/EngineSky/C_Sky_Cloud_Color.uexp" 1617
"../../../Engine/Content/EngineSky/BP_Sky_Sphere.uasset" 1618
"../../../Engine/Content/EngineSky/BP_Sky_Sphere.uexp" 1619
"../../../Engine/Content/BasicShapes/BasicShapeMaterial.uasset" 1620
"../../../Engine/Content/BasicShapes/BasicShapeMaterial.uexp" 1621
"C:/Users/Administrator/Documents/GitHub/hands2/Content/LevelPrototyping/Materials/M_FlatCol.uasset" 1622
"C:/Users/Administrator/Documents/GitHub/hands2/Content/LevelPrototyping/Materials/M_FlatCol.uexp" 1623
"C:/Users/Administrator/Documents/GitHub/hands2/Content/LevelPrototyping/Materials/MI_DefaultColorway.uasset" 1624
"C:/Users/Administrator/Documents/GitHub/hands2/Content/LevelPrototyping/Materials/MI_DefaultColorway.uexp" 1625
"C:/Users/Administrator/Documents/GitHub/hands2/Content/VRTemplate/Materials/MI_VRColorway.uasset" 1626
"C:/Users/Administrator/Documents/GitHub/hands2/Content/VRTemplate/Materials/MI_VRColorway.uexp" 1627
"C:/Users/Administrator/Documents/GitHub/hands2/Content/VRTemplate/Textures/T_Grid.ubulk" 1628
"C:/Users/Administrator/Documents/GitHub/hands2/Content/VRTemplate/Textures/T_Grid.uasset" 1629
"C:/Users/Administrator/Documents/GitHub/hands2/Content/VRTemplate/Textures/T_Grid.uexp" 1630
"../../../Engine/Content/Functions/Engine_MaterialFunctions02/Utility/AppendMany.uasset" 1631
"../../../Engine/Content/Functions/Engine_MaterialFunctions02/Utility/AppendMany.uexp" 1632
"../../../Engine/Content/Functions/Engine_MaterialFunctions01/Gradient/LinearGradient.uasset" 1633
"../../../Engine/Content/Functions/Engine_MaterialFunctions01/Gradient/LinearGradient.uexp" 1634
"../../../Engine/Content/Functions/Engine_MaterialFunctions01/ImageAdjustment/CheapContrast.uasset" 1635
"../../../Engine/Content/Functions/Engine_MaterialFunctions01/ImageAdjustment/CheapContrast.uexp" 1636
"../../../Engine/Content/Functions/Engine_MaterialFunctions01/Texturing/WorldAlignedTexture.uasset" 1637
"../../../Engine/Content/Functions/Engine_MaterialFunctions01/Texturing/WorldAlignedTexture.uexp" 1638
"C:/Users/Administrator/Documents/GitHub/hands2/Content/VRTemplate/Materials/M_GridRotation.uasset" 1639
"C:/Users/Administrator/Documents/GitHub/hands2/Content/VRTemplate/Materials/M_GridRotation.uexp" 1640
"C:/Users/Administrator/Documents/GitHub/hands2/Content/VRTemplate/Materials/MI_Grid_Default.uasset" 1641
"C:/Users/Administrator/Documents/GitHub/hands2/Content/VRTemplate/Materials/MI_Grid_Default.uexp" 1642
"C:/Users/Administrator/Documents/GitHub/hands2/Content/VRTemplate/Materials/MI_Grid_Accent.uasset" 1643
"C:/Users/Administrator/Documents/GitHub/hands2/Content/VRTemplate/Materials/MI_Grid_Accent.uexp" 1644
"C:/Users/Administrator/Documents/GitHub/hands2/Content/VRTemplate/Maps/WBP_Menu.uasset" 1645
"C:/Users/Administrator/Documents/GitHub/hands2/Content/VRTemplate/Maps/WBP_Menu.uexp" 1646
"C:/Users/Administrator/Documents/GitHub/hands2/Content/VRTemplate/Maps/VRTemplateMap_BuiltData.ubulk" 1647
"C:/Users/Administrator/Documents/GitHub/hands2/Content/VRTemplate/Maps/VRTemplateMap_BuiltData.uasset" 1648
"C:/Users/Administrator/Documents/GitHub/hands2/Content/VRTemplate/Maps/VRTemplateMap_BuiltData.uexp" 1649
"C:/Users/Administrator/Documents/GitHub/hands2/Content/LevelPrototyping/Textures/T_GridChecker_A.ubulk" 1650
"C:/Users/Administrator/Documents/GitHub/hands2/Content/LevelPrototyping/Textures/T_GridChecker_A.uasset" 1651
"C:/Users/Administrator/Documents/GitHub/hands2/Content/LevelPrototyping/Textures/T_GridChecker_A.uexp" 1652
"C:/Users/Administrator/Documents/GitHub/hands2/Content/LevelPrototyping/Materials/MF_ProcGrid.uasset" 1653
"C:/Users/Administrator/Documents/GitHub/hands2/Content/LevelPrototyping/Materials/MF_ProcGrid.uexp" 1654
"C:/Users/Administrator/Documents/GitHub/hands2/Content/LevelPrototyping/Materials/M_PrototypeGrid.uasset" 1655
"C:/Users/Administrator/Documents/GitHub/hands2/Content/LevelPrototyping/Materials/M_PrototypeGrid.uexp" 1656
"C:/Users/Administrator/Documents/GitHub/hands2/Content/LevelPrototyping/Materials/MI_PrototypeGrid_Gray.uasset" 1657
"C:/Users/Administrator/Documents/GitHub/hands2/Content/LevelPrototyping/Materials/MI_PrototypeGrid_Gray.uexp" 1658
"C:/Users/Administrator/Documents/GitHub/hands2/Content/LevelPrototyping/Meshes/SM_Cube.ubulk" 1659
"C:/Users/Administrator/Documents/GitHub/hands2/Content/LevelPrototyping/Meshes/SM_Cube.uasset" 1660
"C:/Users/Administrator/Documents/GitHub/hands2/Content/LevelPrototyping/Meshes/SM_Cube.uexp" 1661
"C:/Users/Administrator/Documents/GitHub/hands2/Content/LevelPrototyping/Meshes/SM_ChamferCube.ubulk" 1662
"C:/Users/Administrator/Documents/GitHub/hands2/Content/LevelPrototyping/Meshes/SM_ChamferCube.uasset" 1663
"C:/Users/Administrator/Documents/GitHub/hands2/Content/LevelPrototyping/Meshes/SM_ChamferCube.uexp" 1664
"../../../Engine/Content/VREditor/Devices/Generic/GenericHMDMaterial.uasset" 1665
"../../../Engine/Content/VREditor/Devices/Generic/GenericHMDMaterial.uexp" 1666
"../../../Engine/Content/VREditor/Devices/Generic/GenericHMD.ubulk" 1667
"../../../Engine/Content/VREditor/Devices/Generic/GenericHMD.uasset" 1668
"../../../Engine/Content/VREditor/Devices/Generic/GenericHMD.uexp" 1669
"../../../Engine/Content/EngineMeshes/Cube.ubulk" 1670
"../../../Engine/Content/EngineMeshes/Cube.uasset" 1671
"../../../Engine/Content/EngineMeshes/Cube.uexp" 1672
"../../../Engine/Plugins/Marketplace/MetaXRInteraction/Content/Inputs/IA_Right_HandPinchSelectStrength.uasset" 1673
"../../../Engine/Plugins/Marketplace/MetaXRInteraction/Content/Inputs/IA_Right_HandPinchSelectStrength.uexp" 1674
"../../../Engine/Plugins/Marketplace/MetaXRInteraction/Content/Inputs/IA_Right_HandPinchSelect.uasset" 1675
"../../../Engine/Plugins/Marketplace/MetaXRInteraction/Content/Inputs/IA_Right_HandPinchSelect.uexp" 1676
"../../../Engine/Plugins/Marketplace/MetaXRInteraction/Content/Inputs/IA_Right_HandPinchGrab.uasset" 1677
"../../../Engine/Plugins/Marketplace/MetaXRInteraction/Content/Inputs/IA_Right_HandPinchGrab.uexp" 1678
"../../../Engine/Plugins/Marketplace/MetaXRInteraction/Content/Inputs/IA_Right_HandPalmGrab.uasset" 1679
"../../../Engine/Plugins/Marketplace/MetaXRInteraction/Content/Inputs/IA_Right_HandPalmGrab.uexp" 1680
"../../../Engine/Plugins/Marketplace/MetaXRInteraction/Content/Inputs/IA_Left_HandPalmGrab.uasset" 1681
"../../../Engine/Plugins/Marketplace/MetaXRInteraction/Content/Inputs/IA_Left_HandPalmGrab.uexp" 1682
"../../../Engine/Plugins/Marketplace/MetaXRInteraction/Content/Inputs/IA_Left_HandPinchGrab.uasset" 1683
"../../../Engine/Plugins/Marketplace/MetaXRInteraction/Content/Inputs/IA_Left_HandPinchGrab.uexp" 1684
"../../../Engine/Plugins/Marketplace/MetaXRInteraction/Content/Inputs/IA_Left_HandPinchSelect.uasset" 1685
"../../../Engine/Plugins/Marketplace/MetaXRInteraction/Content/Inputs/IA_Left_HandPinchSelect.uexp" 1686
"../../../Engine/Plugins/Marketplace/MetaXRInteraction/Content/Inputs/IA_Left_HandPinchSelectStrength.uasset" 1687
"../../../Engine/Plugins/Marketplace/MetaXRInteraction/Content/Inputs/IA_Left_HandPinchSelectStrength.uexp" 1688
"../../../Engine/Plugins/Marketplace/MetaXRInteraction/Content/Inputs/IMC_IsdkHand.uasset" 1689
"../../../Engine/Plugins/Marketplace/MetaXRInteraction/Content/Inputs/IMC_IsdkHand.uexp" 1690
"../../../Engine/Plugins/Marketplace/MetaXRInteraction/Content/Inputs/IA_YButton_Touched.uasset" 1691
"../../../Engine/Plugins/Marketplace/MetaXRInteraction/Content/Inputs/IA_YButton_Touched.uexp" 1692
"../../../Engine/Plugins/Marketplace/MetaXRInteraction/Content/Inputs/IA_YButton_Down.uasset" 1693
"../../../Engine/Plugins/Marketplace/MetaXRInteraction/Content/Inputs/IA_YButton_Down.uexp" 1694
"../../../Engine/Plugins/Marketplace/MetaXRInteraction/Content/Inputs/IA_XButton_Touched.uasset" 1695
"../../../Engine/Plugins/Marketplace/MetaXRInteraction/Content/Inputs/IA_XButton_Touched.uexp" 1696
"../../../Engine/Plugins/Marketplace/MetaXRInteraction/Content/Inputs/IA_XButton_Down.uasset" 1697
"../../../Engine/Plugins/Marketplace/MetaXRInteraction/Content/Inputs/IA_XButton_Down.uexp" 1698
"../../../Engine/Plugins/Marketplace/MetaXRInteraction/Content/Inputs/IA_Right_Thumbstick_YAxis.uasset" 1699
"../../../Engine/Plugins/Marketplace/MetaXRInteraction/Content/Inputs/IA_Right_Thumbstick_YAxis.uexp" 1700
"../../../Engine/Plugins/Marketplace/MetaXRInteraction/Content/Inputs/IA_Right_Thumbstick_XAxis.uasset" 1701
"../../../Engine/Plugins/Marketplace/MetaXRInteraction/Content/Inputs/IA_Right_Thumbstick_XAxis.uexp" 1702
"../../../Engine/Plugins/Marketplace/MetaXRInteraction/Content/Inputs/IA_Right_Thumbstick_Touched.uasset" 1703
"../../../Engine/Plugins/Marketplace/MetaXRInteraction/Content/Inputs/IA_Right_Thumbstick_Touched.uexp" 1704
"../../../Engine/Plugins/Marketplace/MetaXRInteraction/Content/Inputs/IA_Right_Panel_Touched.uasset" 1705
"../../../Engine/Plugins/Marketplace/MetaXRInteraction/Content/Inputs/IA_Right_Panel_Touched.uexp" 1706
"../../../Engine/Plugins/Marketplace/MetaXRInteraction/Content/Inputs/IA_Right_GripTrigger_Axis.uasset" 1707
"../../../Engine/Plugins/Marketplace/MetaXRInteraction/Content/Inputs/IA_Right_GripTrigger_Axis.uexp" 1708
"../../../Engine/Plugins/Marketplace/MetaXRInteraction/Content/Inputs/IA_Right_FrontTrigger_Touched.uasset" 1709
"../../../Engine/Plugins/Marketplace/MetaXRInteraction/Content/Inputs/IA_Right_FrontTrigger_Touched.uexp" 1710
"../../../Engine/Plugins/Marketplace/MetaXRInteraction/Content/Inputs/IA_Right_FrontTrigger_Axis.uasset" 1711
"../../../Engine/Plugins/Marketplace/MetaXRInteraction/Content/Inputs/IA_Right_FrontTrigger_Axis.uexp" 1712
"../../../Engine/Plugins/Marketplace/MetaXRInteraction/Content/Inputs/IA_Left_Thumbstick_YAxis.uasset" 1713
"../../../Engine/Plugins/Marketplace/MetaXRInteraction/Content/Inputs/IA_Left_Thumbstick_YAxis.uexp" 1714
"../../../Engine/Plugins/Marketplace/MetaXRInteraction/Content/Inputs/IA_AButton_Down.uasset" 1715
"../../../Engine/Plugins/Marketplace/MetaXRInteraction/Content/Inputs/IA_AButton_Down.uexp" 1716
"../../../Engine/Plugins/Marketplace/MetaXRInteraction/Content/Inputs/IA_AButton_Touched.uasset" 1717
"../../../Engine/Plugins/Marketplace/MetaXRInteraction/Content/Inputs/IA_AButton_Touched.uexp" 1718
"../../../Engine/Plugins/Marketplace/MetaXRInteraction/Content/Inputs/IA_BButton_Down.uasset" 1719
"../../../Engine/Plugins/Marketplace/MetaXRInteraction/Content/Inputs/IA_BButton_Down.uexp" 1720
"../../../Engine/Plugins/Marketplace/MetaXRInteraction/Content/Inputs/IA_BButton_Touched.uasset" 1721
"../../../Engine/Plugins/Marketplace/MetaXRInteraction/Content/Inputs/IA_BButton_Touched.uexp" 1722
"../../../Engine/Plugins/Marketplace/MetaXRInteraction/Content/Inputs/IA_Left_FrontTrigger_Axis.uasset" 1723
"../../../Engine/Plugins/Marketplace/MetaXRInteraction/Content/Inputs/IA_Left_FrontTrigger_Axis.uexp" 1724
"../../../Engine/Plugins/Marketplace/MetaXRInteraction/Content/Inputs/IA_Left_FrontTrigger_Touched.uasset" 1725
"../../../Engine/Plugins/Marketplace/MetaXRInteraction/Content/Inputs/IA_Left_FrontTrigger_Touched.uexp" 1726
"../../../Engine/Plugins/Marketplace/MetaXRInteraction/Content/Inputs/IA_Left_GripTrigger_Axis.uasset" 1727
"../../../Engine/Plugins/Marketplace/MetaXRInteraction/Content/Inputs/IA_Left_GripTrigger_Axis.uexp" 1728
"../../../Engine/Plugins/Marketplace/MetaXRInteraction/Content/Inputs/IA_Left_MenuButton_Down.uasset" 1729
"../../../Engine/Plugins/Marketplace/MetaXRInteraction/Content/Inputs/IA_Left_MenuButton_Down.uexp" 1730
"../../../Engine/Plugins/Marketplace/MetaXRInteraction/Content/Inputs/IA_Left_Panel_Touched.uasset" 1731
"../../../Engine/Plugins/Marketplace/MetaXRInteraction/Content/Inputs/IA_Left_Panel_Touched.uexp" 1732
"../../../Engine/Plugins/Marketplace/MetaXRInteraction/Content/Inputs/IA_Left_Thumbstick_Touched.uasset" 1733
"../../../Engine/Plugins/Marketplace/MetaXRInteraction/Content/Inputs/IA_Left_Thumbstick_Touched.uexp" 1734
"../../../Engine/Plugins/Marketplace/MetaXRInteraction/Content/Inputs/IA_Left_Thumbstick_XAxis.uasset" 1735
"../../../Engine/Plugins/Marketplace/MetaXRInteraction/Content/Inputs/IA_Left_Thumbstick_XAxis.uexp" 1736
"../../../Engine/Plugins/Marketplace/MetaXRInteraction/Content/Inputs/IMC_IsdkControllerAnimation.uasset" 1737
"../../../Engine/Plugins/Marketplace/MetaXRInteraction/Content/Inputs/IMC_IsdkControllerAnimation.uexp" 1738
"../../../Engine/Content/EditorSounds/GamePreview/StartPlayInEditor.ubulk" 1739
"../../../Engine/Content/EditorSounds/GamePreview/StartPlayInEditor.uasset" 1740
"../../../Engine/Content/EditorSounds/GamePreview/StartPlayInEditor.uexp" 1741
"C:/Users/Administrator/Documents/GitHub/hands2/Content/VRTemplate/VFX/NPC_VRTemplate.uasset" 1742
"C:/Users/Administrator/Documents/GitHub/hands2/Content/VRTemplate/VFX/NPC_VRTemplate.uexp" 1743
"C:/Users/Administrator/Documents/GitHub/hands2/Content/VRTemplate/Materials/DefaultRibbonMaterial_NoGradient.uasset" 1744
"C:/Users/Administrator/Documents/GitHub/hands2/Content/VRTemplate/Materials/DefaultRibbonMaterial_NoGradient.uexp" 1745
"C:/Users/Administrator/Documents/GitHub/hands2/Content/VRTemplate/VFX/NS_TeleportTrace.uasset" 1746
"C:/Users/Administrator/Documents/GitHub/hands2/Content/VRTemplate/VFX/NS_TeleportTrace.uexp" 1747
"C:/Users/Administrator/Documents/GitHub/hands2/Content/VRTemplate/Haptics/GrabHapticEffect.uasset" 1748
"C:/Users/Administrator/Documents/GitHub/hands2/Content/VRTemplate/Haptics/GrabHapticEffect.uexp" 1749
"C:/Users/Administrator/Documents/GitHub/hands2/Content/VRTemplate/Blueprints/GrabType.uasset" 1750
"C:/Users/Administrator/Documents/GitHub/hands2/Content/VRTemplate/Blueprints/GrabType.uexp" 1751
"C:/Users/Administrator/Documents/GitHub/hands2/Content/VRTemplate/Blueprints/GrabComponent.uasset" 1752
"C:/Users/Administrator/Documents/GitHub/hands2/Content/VRTemplate/Blueprints/GrabComponent.uexp" 1753
"../../../Engine/Content/BasicShapes/Cylinder.ubulk" 1754
"../../../Engine/Content/BasicShapes/Cylinder.uasset" 1755
"../../../Engine/Content/BasicShapes/Cylinder.uexp" 1756
"../../../Engine/Content/Functions/Engine_MaterialFunctions02/Utility/DepthFromWorldPosition.uasset" 1757
"../../../Engine/Content/Functions/Engine_MaterialFunctions02/Utility/DepthFromWorldPosition.uexp" 1758
"C:/Users/Administrator/Documents/GitHub/hands2/Content/VRTemplate/Materials/Functions/MF_OccludedPixels.uasset" 1759
"C:/Users/Administrator/Documents/GitHub/hands2/Content/VRTemplate/Materials/Functions/MF_OccludedPixels.uexp" 1760
"C:/Users/Administrator/Documents/GitHub/hands2/Content/VRTemplate/Materials/M_TeleportNoise.uasset" 1761
"C:/Users/Administrator/Documents/GitHub/hands2/Content/VRTemplate/Materials/M_TeleportNoise.uexp" 1762
"C:/Users/Administrator/Documents/GitHub/hands2/Content/VRTemplate/Materials/M_TeleportCylinder.uasset" 1763
"C:/Users/Administrator/Documents/GitHub/hands2/Content/VRTemplate/Materials/M_TeleportCylinder.uexp" 1764
"C:/Users/Administrator/Documents/GitHub/hands2/Content/VRTemplate/VFX/NS_TeleportRing.uasset" 1765
"C:/Users/Administrator/Documents/GitHub/hands2/Content/VRTemplate/VFX/NS_TeleportRing.uexp" 1766
"C:/Users/Administrator/Documents/GitHub/hands2/Content/VRTemplate/VFX/NS_PlayAreaBounds.uasset" 1767
"C:/Users/Administrator/Documents/GitHub/hands2/Content/VRTemplate/VFX/NS_PlayAreaBounds.uexp" 1768
"C:/Users/Administrator/Documents/GitHub/hands2/Content/VRTemplate/Blueprints/VRTeleportVisualizer.uasset" 1769
"C:/Users/Administrator/Documents/GitHub/hands2/Content/VRTemplate/Blueprints/VRTeleportVisualizer.uexp" 1770
"C:/Users/Administrator/Documents/GitHub/hands2/Content/VRTemplate/Blueprints/BPI_PawnAnim.uasset" 1771
"C:/Users/Administrator/Documents/GitHub/hands2/Content/VRTemplate/Blueprints/BPI_PawnAnim.uexp" 1772
"C:/Users/Administrator/Documents/GitHub/hands2/Content/VRTemplate/VFX/NS_MenuLaser.uasset" 1773
"C:/Users/Administrator/Documents/GitHub/hands2/Content/VRTemplate/VFX/NS_MenuLaser.uexp" 1774
"C:/Users/Administrator/Documents/GitHub/hands2/Content/VRTemplate/Materials/M_VRCursor.uasset" 1775
"C:/Users/Administrator/Documents/GitHub/hands2/Content/VRTemplate/Materials/M_VRCursor.uexp" 1776
"C:/Users/Administrator/Documents/GitHub/hands2/Content/VRTemplate/Input/Actions/IA_Menu_Cursor_Left.uasset" 1777
"C:/Users/Administrator/Documents/GitHub/hands2/Content/VRTemplate/Input/Actions/IA_Menu_Cursor_Left.uexp" 1778
"C:/Users/Administrator/Documents/GitHub/hands2/Content/VRTemplate/Input/Actions/IA_Menu_Cursor_Right.uasset" 1779
"C:/Users/Administrator/Documents/GitHub/hands2/Content/VRTemplate/Input/Actions/IA_Menu_Cursor_Right.uexp" 1780
"C:/Users/Administrator/Documents/GitHub/hands2/Content/VRTemplate/Input/Actions/IA_Menu_Interact_Left_Pressed.uasset" 1781
"C:/Users/Administrator/Documents/GitHub/hands2/Content/VRTemplate/Input/Actions/IA_Menu_Interact_Left_Pressed.uexp" 1782
"C:/Users/Administrator/Documents/GitHub/hands2/Content/VRTemplate/Input/Actions/IA_Menu_Interact_Right_Pressed.uasset" 1783
"C:/Users/Administrator/Documents/GitHub/hands2/Content/VRTemplate/Input/Actions/IA_Menu_Interact_Right_Pressed.uexp" 1784
"C:/Users/Administrator/Documents/GitHub/hands2/Content/VRTemplate/Input/IMC_Menu.uasset" 1785
"C:/Users/Administrator/Documents/GitHub/hands2/Content/VRTemplate/Input/IMC_Menu.uexp" 1786
"../../../Engine/Content/EditorResources/AI/S_NavLink.uasset" 1787
"../../../Engine/Content/EditorResources/AI/S_NavLink.uexp" 1788
"C:/Users/Administrator/Documents/GitHub/hands2/Content/VRTemplate/Blueprints/WidgetMenu.uasset" 1789
"C:/Users/Administrator/Documents/GitHub/hands2/Content/VRTemplate/Blueprints/WidgetMenu.uexp" 1790
"C:/Users/Administrator/Documents/GitHub/hands2/Content/VRTemplate/Blueprints/Menu.uasset" 1791
"C:/Users/Administrator/Documents/GitHub/hands2/Content/VRTemplate/Blueprints/Menu.uexp" 1792
"C:/Users/Administrator/Documents/GitHub/hands2/Content/maps/level1/bluprints/BP_proshol.uasset" 1793
"C:/Users/Administrator/Documents/GitHub/hands2/Content/maps/level1/bluprints/BP_proshol.uexp" 1794
"C:/Users/Administrator/Documents/GitHub/hands2/Content/VRTemplate/Blueprints/VRPawn.uasset" 1795
"C:/Users/Administrator/Documents/GitHub/hands2/Content/VRTemplate/Blueprints/VRPawn.uexp" 1796
"C:/Users/Administrator/Documents/GitHub/hands2/Content/VRTemplate/Blueprints/VRGameMode.uasset" 1797
"C:/Users/Administrator/Documents/GitHub/hands2/Content/VRTemplate/Blueprints/VRGameMode.uexp" 1798
"C:/Users/Administrator/Documents/GitHub/hands2/Content/VRTemplate/Maps/BP_Menu.uasset" 1799
"C:/Users/Administrator/Documents/GitHub/hands2/Content/VRTemplate/Maps/BP_Menu.uexp" 1800
"C:/Users/Administrator/Documents/GitHub/hands2/Content/VRTemplate/Maps/VRTemplateMap.uexp" 1801
"C:/Users/Administrator/Documents/GitHub/hands2/Content/VRTemplate/Maps/VRTemplateMap.umap" 1802
"../../../Engine/Content/EngineMaterials/DefaultPhysicalMaterial.uasset" 1803
"../../../Engine/Content/EngineMaterials/DefaultPhysicalMaterial.uexp" 1804
"../../../Engine/Content/Tutorial/SubEditors/TutorialAssets/T_soft_smoke.ubulk" 1805
"../../../Engine/Content/Tutorial/SubEditors/TutorialAssets/T_soft_smoke.uasset" 1806
"../../../Engine/Content/Tutorial/SubEditors/TutorialAssets/T_soft_smoke.uexp" 1807
"../../../Engine/Content/Tutorial/SubEditors/TutorialAssets/T_SmokeSubUV_8X8.ubulk" 1808
"../../../Engine/Content/Tutorial/SubEditors/TutorialAssets/T_SmokeSubUV_8X8.uasset" 1809
"../../../Engine/Content/Tutorial/SubEditors/TutorialAssets/T_SmokeSubUV_8X8.uexp" 1810
"../../../Engine/Content/Tutorial/SubEditors/TutorialAssets/M_smoke_subUV_blackbody.uasset" 1811
"../../../Engine/Content/Tutorial/SubEditors/TutorialAssets/M_smoke_subUV_blackbody.uexp" 1812
"C:/Users/Administrator/Documents/GitHub/hands2/Content/M5VFXVOL2/Textures/Flow/disort_test2.ubulk" 1813
"C:/Users/Administrator/Documents/GitHub/hands2/Content/M5VFXVOL2/Textures/Flow/disort_test2.uasset" 1814
"C:/Users/Administrator/Documents/GitHub/hands2/Content/M5VFXVOL2/Textures/Flow/disort_test2.uexp" 1815
"C:/Users/Administrator/Documents/GitHub/hands2/Content/M5VFXVOL2/Textures/Flow/EmberNoise3.uasset" 1816
"C:/Users/Administrator/Documents/GitHub/hands2/Content/M5VFXVOL2/Textures/Flow/EmberNoise3.uexp" 1817
"C:/Users/Administrator/Documents/GitHub/hands2/Content/M5VFXVOL2/Textures/firesingle/bigfire_single.ubulk" 1818
"C:/Users/Administrator/Documents/GitHub/hands2/Content/M5VFXVOL2/Textures/firesingle/bigfire_single.uasset" 1819
"C:/Users/Administrator/Documents/GitHub/hands2/Content/M5VFXVOL2/Textures/firesingle/bigfire_single.uexp" 1820
"C:/Users/Administrator/Documents/GitHub/hands2/Content/M5VFXVOL2/Materials/Master/Distortion_Mat.uasset" 1821
"C:/Users/Administrator/Documents/GitHub/hands2/Content/M5VFXVOL2/Materials/Master/Distortion_Mat.uexp" 1822
"C:/Users/Administrator/Documents/GitHub/hands2/Content/M5VFXVOL2/Materials/Distortion/Distortion_Mat_Inst2.uasset" 1823
"C:/Users/Administrator/Documents/GitHub/hands2/Content/M5VFXVOL2/Materials/Distortion/Distortion_Mat_Inst2.uexp" 1824
"C:/Users/Administrator/Documents/GitHub/hands2/Content/maps/level7/NS_GAS1.uasset" 1825
"C:/Users/Administrator/Documents/GitHub/hands2/Content/maps/level7/NS_GAS1.uexp" 1826
"../../../Engine/Content/Functions/Engine_MaterialFunctions02/ExampleContent/Textures/WindTurblenceVectorAndGustMagnitude.uasset" 1827
"../../../Engine/Content/Functions/Engine_MaterialFunctions02/ExampleContent/Textures/WindTurblenceVectorAndGustMagnitude.uexp" 1828
"../../../Engine/Content/Functions/Engine_MaterialFunctions02/WorldPositionOffset/ObjectPivotPoint.uasset" 1829
"../../../Engine/Content/Functions/Engine_MaterialFunctions02/WorldPositionOffset/ObjectPivotPoint.uexp" 1830
"../../../Engine/Content/Functions/Engine_MaterialFunctions02/ms_PivotPainter2_UnpackIntegerAsFloat.uasset" 1831
"../../../Engine/Content/Functions/Engine_MaterialFunctions02/ms_PivotPainter2_UnpackIntegerAsFloat.uexp" 1832
"../../../Engine/Content/Functions/Engine_MaterialFunctions02/Lerp_Multiple_Float2.uasset" 1833
"../../../Engine/Content/Functions/Engine_MaterialFunctions02/Lerp_Multiple_Float2.uexp" 1834
"../../../Engine/Content/Functions/Engine_MaterialFunctions01/SpeedTree/SpeedTreeColorVariation.uasset" 1835
"../../../Engine/Content/Functions/Engine_MaterialFunctions01/SpeedTree/SpeedTreeColorVariation.uexp" 1836
"C:/Users/Administrator/Documents/GitHub/hands2/Content/PN_FoliageCollection/Materials/PN_WindParameters.uasset" 1837
"C:/Users/Administrator/Documents/GitHub/hands2/Content/PN_FoliageCollection/Materials/PN_WindParameters.uexp" 1838
"../../../Engine/Content/Functions/Engine_MaterialFunctions02/ExampleContent/PivotPainter2/PP2_rgb_XVect_a_XExtent.uasset" 1839
"../../../Engine/Content/Functions/Engine_MaterialFunctions02/ExampleContent/PivotPainter2/PP2_rgb_XVect_a_XExtent.uexp" 1840
"../../../Engine/Content/Functions/Engine_MaterialFunctions02/ExampleContent/PivotPainter2/SimpExPivPos.uasset" 1841
"../../../Engine/Content/Functions/Engine_MaterialFunctions02/ExampleContent/PivotPainter2/SimpExPivPos.uexp" 1842
"../../../Engine/Content/Functions/Engine_MaterialFunctions02/ExampleContent/PivotPainter2/test2_rgb_PivotPos_a_ParentIndexInt_UV_2.uasset" 1843
"../../../Engine/Content/Functions/Engine_MaterialFunctions02/ExampleContent/PivotPainter2/test2_rgb_PivotPos_a_ParentIndexInt_UV_2.uexp" 1844
"../../../Engine/Content/Functions/Engine_MaterialFunctions02/PivotPainter2/ms_PivotPainter2_DecodePostion.uasset" 1845
"../../../Engine/Content/Functions/Engine_MaterialFunctions02/PivotPainter2/ms_PivotPainter2_DecodePostion.uexp" 1846
"../../../Engine/Content/Functions/Engine_MaterialFunctions02/PivotPainter2/ms_PivotPainter2_DecodeAxisVector.uasset" 1847
"../../../Engine/Content/Functions/Engine_MaterialFunctions02/PivotPainter2/ms_PivotPainter2_DecodeAxisVector.uexp" 1848
"../../../Engine/Content/Functions/Engine_MaterialFunctions02/PivotPainter2/ms_PivotPainter2_Decode8BitAlphaAxisExtent.uasset" 1849
"../../../Engine/Content/Functions/Engine_MaterialFunctions02/PivotPainter2/ms_PivotPainter2_Decode8BitAlphaAxisExtent.uexp" 1850
"C:/Users/Administrator/Documents/GitHub/hands2/Content/PN_FoliageCollection/Materials/MaterialFunctions/PN_WindAnimation.uasset" 1851
"C:/Users/Administrator/Documents/GitHub/hands2/Content/PN_FoliageCollection/Materials/MaterialFunctions/PN_WindAnimation.uexp" 1852
"C:/Users/Administrator/Documents/GitHub/hands2/Content/PN_FoliageCollection/Materials/MaterialFunctions/PN_Bending.uasset" 1853
"C:/Users/Administrator/Documents/GitHub/hands2/Content/PN_FoliageCollection/Materials/MaterialFunctions/PN_Bending.uexp" 1854
"C:/Users/Administrator/Documents/GitHub/hands2/Content/PN_FoliageCollection/Materials/MaterialFunctions/PN_MultiBend.uasset" 1855
"C:/Users/Administrator/Documents/GitHub/hands2/Content/PN_FoliageCollection/Materials/MaterialFunctions/PN_MultiBend.uexp" 1856
"C:/Users/Administrator/Documents/GitHub/hands2/Content/PN_FoliageCollection/Materials/MaterialFunctions/PN_BendingParameters.uasset" 1857
"C:/Users/Administrator/Documents/GitHub/hands2/Content/PN_FoliageCollection/Materials/MaterialFunctions/PN_BendingParameters.uexp" 1858
"../../../Engine/Content/Functions/Engine_MaterialFunctions02/PivotPainter2/2dArrayLookupByIndex.uasset" 1859
"../../../Engine/Content/Functions/Engine_MaterialFunctions02/PivotPainter2/2dArrayLookupByIndex.uexp" 1860
"../../../Engine/Content/Functions/Engine_MaterialFunctions02/PivotPainter2/ms_PivotPainter2_ReturnParentTextureInfo.uasset" 1861
"../../../Engine/Content/Functions/Engine_MaterialFunctions02/PivotPainter2/ms_PivotPainter2_ReturnParentTextureInfo.uexp" 1862
"../../../Engine/Content/Functions/Engine_MaterialFunctions02/PivotPainter2/ms_PivotPainter2_CalculateMeshElementIndex.uasset" 1863
"../../../Engine/Content/Functions/Engine_MaterialFunctions02/PivotPainter2/ms_PivotPainter2_CalculateMeshElementIndex.uexp" 1864
"C:/Users/Administrator/Documents/GitHub/hands2/Content/PN_FoliageCollection/Materials/MaterialFunctions/PN_AnimationShader.uasset" 1865
"C:/Users/Administrator/Documents/GitHub/hands2/Content/PN_FoliageCollection/Materials/MaterialFunctions/PN_AnimationShader.uexp" 1866
"C:/Users/Administrator/Documents/GitHub/hands2/Content/PN_FoliageCollection/Textures/groundPlantTextures/MasterTextures/Foilage_Ground_Main_O.uexp" 1867
"C:/Users/Administrator/Documents/GitHub/hands2/Content/PN_FoliageCollection/Textures/groundPlantTextures/MasterTextures/Foilage_Ground_Main_O.ubulk" 1868
"C:/Users/Administrator/Documents/GitHub/hands2/Content/PN_FoliageCollection/Textures/groundPlantTextures/MasterTextures/Foilage_Ground_Main_O.uasset" 1869
"C:/Users/Administrator/Documents/GitHub/hands2/Content/PN_FoliageCollection/Textures/groundPlantTextures/MasterTextures/Foilage_Ground_Main_O.uptnl" 1870
"C:/Users/Administrator/Documents/GitHub/hands2/Content/PN_FoliageCollection/Textures/groundPlantTextures/MasterTextures/Foilage_Ground_Main_N.uexp" 1871
"C:/Users/Administrator/Documents/GitHub/hands2/Content/PN_FoliageCollection/Textures/groundPlantTextures/MasterTextures/Foilage_Ground_Main_N.ubulk" 1872
"C:/Users/Administrator/Documents/GitHub/hands2/Content/PN_FoliageCollection/Textures/groundPlantTextures/MasterTextures/Foilage_Ground_Main_N.uasset" 1873
"C:/Users/Administrator/Documents/GitHub/hands2/Content/PN_FoliageCollection/Textures/groundPlantTextures/MasterTextures/Foilage_Ground_Main_N.uptnl" 1874
"C:/Users/Administrator/Documents/GitHub/hands2/Content/PN_FoliageCollection/Textures/groundPlantTextures/MasterTextures/Foilage_Ground_Main_A.uexp" 1875
"C:/Users/Administrator/Documents/GitHub/hands2/Content/PN_FoliageCollection/Textures/groundPlantTextures/MasterTextures/Foilage_Ground_Main_A.ubulk" 1876
"C:/Users/Administrator/Documents/GitHub/hands2/Content/PN_FoliageCollection/Textures/groundPlantTextures/MasterTextures/Foilage_Ground_Main_A.uasset" 1877
"C:/Users/Administrator/Documents/GitHub/hands2/Content/PN_FoliageCollection/Textures/groundPlantTextures/MasterTextures/Foilage_Ground_Main_A.uptnl" 1878
"C:/Users/Administrator/Documents/GitHub/hands2/Content/PN_FoliageCollection/Materials/groundPlantMaterials/MA_GroundPlants.uasset" 1879
"C:/Users/Administrator/Documents/GitHub/hands2/Content/PN_FoliageCollection/Materials/groundPlantMaterials/MA_GroundPlants.uexp" 1880
"C:/Users/Administrator/Documents/GitHub/hands2/Content/PN_FoliageCollection/Textures/groundPlantTextures/PivPainterTextures/ground_01_05_VEC.uasset" 1881
"C:/Users/Administrator/Documents/GitHub/hands2/Content/PN_FoliageCollection/Textures/groundPlantTextures/PivPainterTextures/ground_01_05_VEC.uexp" 1882
"C:/Users/Administrator/Documents/GitHub/hands2/Content/PN_FoliageCollection/Textures/groundPlantTextures/PivPainterTextures/ground_01_05_PIV.uasset" 1883
"C:/Users/Administrator/Documents/GitHub/hands2/Content/PN_FoliageCollection/Textures/groundPlantTextures/PivPainterTextures/ground_01_05_PIV.uexp" 1884
"C:/Users/Administrator/Documents/GitHub/hands2/Content/PN_FoliageCollection/Materials/groundPlantMaterials/GroundFoilageMaterials/ground_01_05_Mat.uasset" 1885
"C:/Users/Administrator/Documents/GitHub/hands2/Content/PN_FoliageCollection/Materials/groundPlantMaterials/GroundFoilageMaterials/ground_01_05_Mat.uexp" 1886
"C:/Users/Administrator/Documents/GitHub/hands2/Content/PN_FoliageCollection/Meshes/groundPlantMesh/ground_01_05.ubulk" 1887
"C:/Users/Administrator/Documents/GitHub/hands2/Content/PN_FoliageCollection/Meshes/groundPlantMesh/ground_01_05.uasset" 1888
"C:/Users/Administrator/Documents/GitHub/hands2/Content/PN_FoliageCollection/Meshes/groundPlantMesh/ground_01_05.uexp" 1889
"C:/Users/Administrator/Documents/GitHub/hands2/Content/PN_FoliageCollection/Textures/grassTextures/MasterTextures/springGrass_Opacity_8k.uasset" 1890
"C:/Users/Administrator/Documents/GitHub/hands2/Content/PN_FoliageCollection/Textures/grassTextures/MasterTextures/springGrass_Opacity_8k.uexp" 1891
"C:/Users/Administrator/Documents/GitHub/hands2/Content/PN_FoliageCollection/Textures/grassTextures/MasterTextures/springGrass_Normal_springGrass_8k.uexp" 1892
"C:/Users/Administrator/Documents/GitHub/hands2/Content/PN_FoliageCollection/Textures/grassTextures/MasterTextures/springGrass_Normal_springGrass_8k.ubulk" 1893
"C:/Users/Administrator/Documents/GitHub/hands2/Content/PN_FoliageCollection/Textures/grassTextures/MasterTextures/springGrass_Normal_springGrass_8k.uasset" 1894
"C:/Users/Administrator/Documents/GitHub/hands2/Content/PN_FoliageCollection/Textures/grassTextures/MasterTextures/springGrass_Normal_springGrass_8k.uptnl" 1895
"C:/Users/Administrator/Documents/GitHub/hands2/Content/PN_FoliageCollection/Textures/grassTextures/MasterTextures/springGrass_Albedo_8k_I.uexp" 1896
"C:/Users/Administrator/Documents/GitHub/hands2/Content/PN_FoliageCollection/Textures/grassTextures/MasterTextures/springGrass_Albedo_8k_I.ubulk" 1897
"C:/Users/Administrator/Documents/GitHub/hands2/Content/PN_FoliageCollection/Textures/grassTextures/MasterTextures/springGrass_Albedo_8k_I.uasset" 1898
"C:/Users/Administrator/Documents/GitHub/hands2/Content/PN_FoliageCollection/Textures/grassTextures/MasterTextures/springGrass_Albedo_8k_I.uptnl" 1899
"C:/Users/Administrator/Documents/GitHub/hands2/Content/PN_FoliageCollection/Materials/grassMaterials/MA_Grass.uasset" 1900
"C:/Users/Administrator/Documents/GitHub/hands2/Content/PN_FoliageCollection/Materials/grassMaterials/MA_Grass.uexp" 1901
"C:/Users/Administrator/Documents/GitHub/hands2/Content/PN_FoliageCollection/Textures/grassTextures/PivPainterTextures/lowGrass_VEC.uasset" 1902
"C:/Users/Administrator/Documents/GitHub/hands2/Content/PN_FoliageCollection/Textures/grassTextures/PivPainterTextures/lowGrass_VEC.uexp" 1903
"C:/Users/Administrator/Documents/GitHub/hands2/Content/PN_FoliageCollection/Textures/grassTextures/PivPainterTextures/lowGrass_10_01_PIV.uasset" 1904
"C:/Users/Administrator/Documents/GitHub/hands2/Content/PN_FoliageCollection/Textures/grassTextures/PivPainterTextures/lowGrass_10_01_PIV.uexp" 1905
"C:/Users/Administrator/Documents/GitHub/hands2/Content/PN_FoliageCollection/Materials/grassMaterials/grassMaterials/lowGrass_10_01_Mat.uasset" 1906
"C:/Users/Administrator/Documents/GitHub/hands2/Content/PN_FoliageCollection/Materials/grassMaterials/grassMaterials/lowGrass_10_01_Mat.uexp" 1907
"C:/Users/Administrator/Documents/GitHub/hands2/Content/PN_FoliageCollection/Meshes/grassMesh/lowGrass_10_01_SM.ubulk" 1908
"C:/Users/Administrator/Documents/GitHub/hands2/Content/PN_FoliageCollection/Meshes/grassMesh/lowGrass_10_01_SM.uasset" 1909
"C:/Users/Administrator/Documents/GitHub/hands2/Content/PN_FoliageCollection/Meshes/grassMesh/lowGrass_10_01_SM.uexp" 1910
"C:/Users/Administrator/Documents/GitHub/hands2/Content/PN_FoliageCollection/Textures/grassTextures/PivPainterTextures/lowGrass_02_01_PIV.uasset" 1911
"C:/Users/Administrator/Documents/GitHub/hands2/Content/PN_FoliageCollection/Textures/grassTextures/PivPainterTextures/lowGrass_02_01_PIV.uexp" 1912
"C:/Users/Administrator/Documents/GitHub/hands2/Content/PN_FoliageCollection/Materials/grassMaterials/grassMaterials/lowGrass_02_01_Mat.uasset" 1913
"C:/Users/Administrator/Documents/GitHub/hands2/Content/PN_FoliageCollection/Materials/grassMaterials/grassMaterials/lowGrass_02_01_Mat.uexp" 1914
"C:/Users/Administrator/Documents/GitHub/hands2/Content/PN_FoliageCollection/Meshes/grassMesh/lowGrass_02_01_SM.ubulk" 1915
"C:/Users/Administrator/Documents/GitHub/hands2/Content/PN_FoliageCollection/Meshes/grassMesh/lowGrass_02_01_SM.uasset" 1916
"C:/Users/Administrator/Documents/GitHub/hands2/Content/PN_FoliageCollection/Meshes/grassMesh/lowGrass_02_01_SM.uexp" 1917
"C:/Users/Administrator/Documents/GitHub/hands2/Content/PN_FoliageCollection/Textures/grassTextures/PivPainterTextures/grass_09_03_VEC.uasset" 1918
"C:/Users/Administrator/Documents/GitHub/hands2/Content/PN_FoliageCollection/Textures/grassTextures/PivPainterTextures/grass_09_03_VEC.uexp" 1919
"C:/Users/Administrator/Documents/GitHub/hands2/Content/PN_FoliageCollection/Textures/grassTextures/PivPainterTextures/grass_09_03_PIV.uasset" 1920
"C:/Users/Administrator/Documents/GitHub/hands2/Content/PN_FoliageCollection/Textures/grassTextures/PivPainterTextures/grass_09_03_PIV.uexp" 1921
"C:/Users/Administrator/Documents/GitHub/hands2/Content/PN_FoliageCollection/Materials/grassMaterials/grassMaterials/grass_09_03_Mat.uasset" 1922
"C:/Users/Administrator/Documents/GitHub/hands2/Content/PN_FoliageCollection/Materials/grassMaterials/grassMaterials/grass_09_03_Mat.uexp" 1923
"C:/Users/Administrator/Documents/GitHub/hands2/Content/PN_FoliageCollection/Meshes/grassMesh/grass_09_03_mesh.ubulk" 1924
"C:/Users/Administrator/Documents/GitHub/hands2/Content/PN_FoliageCollection/Meshes/grassMesh/grass_09_03_mesh.uasset" 1925
"C:/Users/Administrator/Documents/GitHub/hands2/Content/PN_FoliageCollection/Meshes/grassMesh/grass_09_03_mesh.uexp" 1926
"C:/Users/Administrator/Documents/GitHub/hands2/Content/PN_FoliageCollection/Textures/grassTextures/PivPainterTextures/grass_05_07_VEC.uasset" 1927
"C:/Users/Administrator/Documents/GitHub/hands2/Content/PN_FoliageCollection/Textures/grassTextures/PivPainterTextures/grass_05_07_VEC.uexp" 1928
"C:/Users/Administrator/Documents/GitHub/hands2/Content/PN_FoliageCollection/Textures/grassTextures/PivPainterTextures/grass_05_07_PIV.uasset" 1929
"C:/Users/Administrator/Documents/GitHub/hands2/Content/PN_FoliageCollection/Textures/grassTextures/PivPainterTextures/grass_05_07_PIV.uexp" 1930
"C:/Users/Administrator/Documents/GitHub/hands2/Content/PN_FoliageCollection/Materials/grassMaterials/grassMaterials/grass_05_07_Mat.uasset" 1931
"C:/Users/Administrator/Documents/GitHub/hands2/Content/PN_FoliageCollection/Materials/grassMaterials/grassMaterials/grass_05_07_Mat.uexp" 1932
"C:/Users/Administrator/Documents/GitHub/hands2/Content/PN_FoliageCollection/Meshes/grassMesh/grass_05_07_mesh.ubulk" 1933
"C:/Users/Administrator/Documents/GitHub/hands2/Content/PN_FoliageCollection/Meshes/grassMesh/grass_05_07_mesh.uasset" 1934
"C:/Users/Administrator/Documents/GitHub/hands2/Content/PN_FoliageCollection/Meshes/grassMesh/grass_05_07_mesh.uexp" 1935
"C:/Users/Administrator/Documents/GitHub/hands2/Content/PN_FoliageCollection/Textures/grassTextures/PivPainterTextures/grass_01_07_VEC.uasset" 1936
"C:/Users/Administrator/Documents/GitHub/hands2/Content/PN_FoliageCollection/Textures/grassTextures/PivPainterTextures/grass_01_07_VEC.uexp" 1937
"C:/Users/Administrator/Documents/GitHub/hands2/Content/PN_FoliageCollection/Textures/grassTextures/PivPainterTextures/grass_01_07_PIV.uasset" 1938
"C:/Users/Administrator/Documents/GitHub/hands2/Content/PN_FoliageCollection/Textures/grassTextures/PivPainterTextures/grass_01_07_PIV.uexp" 1939
"C:/Users/Administrator/Documents/GitHub/hands2/Content/PN_FoliageCollection/Materials/grassMaterials/grassMaterials/grass_01_07_Mat.uasset" 1940
"C:/Users/Administrator/Documents/GitHub/hands2/Content/PN_FoliageCollection/Materials/grassMaterials/grassMaterials/grass_01_07_Mat.uexp" 1941
"C:/Users/Administrator/Documents/GitHub/hands2/Content/PN_FoliageCollection/Meshes/grassMesh/grass_01_07_mesh.ubulk" 1942
"C:/Users/Administrator/Documents/GitHub/hands2/Content/PN_FoliageCollection/Meshes/grassMesh/grass_01_07_mesh.uasset" 1943
"C:/Users/Administrator/Documents/GitHub/hands2/Content/PN_FoliageCollection/Meshes/grassMesh/grass_01_07_mesh.uexp" 1944
"C:/Users/Administrator/Documents/GitHub/hands2/Content/PN_FoliageCollection/Textures/FlowerTextures/MasterTextures/Combined_Flowers_O.uexp" 1945
"C:/Users/Administrator/Documents/GitHub/hands2/Content/PN_FoliageCollection/Textures/FlowerTextures/MasterTextures/Combined_Flowers_O.ubulk" 1946
"C:/Users/Administrator/Documents/GitHub/hands2/Content/PN_FoliageCollection/Textures/FlowerTextures/MasterTextures/Combined_Flowers_O.uasset" 1947
"C:/Users/Administrator/Documents/GitHub/hands2/Content/PN_FoliageCollection/Textures/FlowerTextures/MasterTextures/Combined_Flowers_O.uptnl" 1948
"C:/Users/Administrator/Documents/GitHub/hands2/Content/PN_FoliageCollection/Textures/FlowerTextures/MasterTextures/Combined_Flowers_N.uexp" 1949
"C:/Users/Administrator/Documents/GitHub/hands2/Content/PN_FoliageCollection/Textures/FlowerTextures/MasterTextures/Combined_Flowers_N.ubulk" 1950
"C:/Users/Administrator/Documents/GitHub/hands2/Content/PN_FoliageCollection/Textures/FlowerTextures/MasterTextures/Combined_Flowers_N.uasset" 1951
"C:/Users/Administrator/Documents/GitHub/hands2/Content/PN_FoliageCollection/Textures/FlowerTextures/MasterTextures/Combined_Flowers_N.uptnl" 1952
"C:/Users/Administrator/Documents/GitHub/hands2/Content/PN_FoliageCollection/Textures/FlowerTextures/MasterTextures/Combined_Flowers_A.uasset" 1953
"C:/Users/Administrator/Documents/GitHub/hands2/Content/PN_FoliageCollection/Textures/FlowerTextures/MasterTextures/Combined_Flowers_A.uexp" 1954
"C:/Users/Administrator/Documents/GitHub/hands2/Content/PN_FoliageCollection/Materials/flowerMaterials/MA_Flowers.uasset" 1955
"C:/Users/Administrator/Documents/GitHub/hands2/Content/PN_FoliageCollection/Materials/flowerMaterials/MA_Flowers.uexp" 1956
"C:/Users/Administrator/Documents/GitHub/hands2/Content/PN_FoliageCollection/Textures/FlowerTextures/PivPainterTextures/flower_14_06_VEC.uasset" 1957
"C:/Users/Administrator/Documents/GitHub/hands2/Content/PN_FoliageCollection/Textures/FlowerTextures/PivPainterTextures/flower_14_06_VEC.uexp" 1958
"C:/Users/Administrator/Documents/GitHub/hands2/Content/PN_FoliageCollection/Textures/FlowerTextures/PivPainterTextures/flower_14_06_PIV.uasset" 1959
"C:/Users/Administrator/Documents/GitHub/hands2/Content/PN_FoliageCollection/Textures/FlowerTextures/PivPainterTextures/flower_14_06_PIV.uexp" 1960
"C:/Users/Administrator/Documents/GitHub/hands2/Content/PN_FoliageCollection/Materials/flowerMaterials/FlowerMaterials/flower_14_06_Mat.uasset" 1961
"C:/Users/Administrator/Documents/GitHub/hands2/Content/PN_FoliageCollection/Materials/flowerMaterials/FlowerMaterials/flower_14_06_Mat.uexp" 1962
"C:/Users/Administrator/Documents/GitHub/hands2/Content/PN_FoliageCollection/Meshes/flowerMesh/flower_14_06.ubulk" 1963
"C:/Users/Administrator/Documents/GitHub/hands2/Content/PN_FoliageCollection/Meshes/flowerMesh/flower_14_06.uasset" 1964
"C:/Users/Administrator/Documents/GitHub/hands2/Content/PN_FoliageCollection/Meshes/flowerMesh/flower_14_06.uexp" 1965
"C:/Users/Administrator/Documents/GitHub/hands2/Content/PN_FoliageCollection/FoliageTypes/groundPlantFoliage/ground_01_05.uasset" 1966
"C:/Users/Administrator/Documents/GitHub/hands2/Content/PN_FoliageCollection/FoliageTypes/groundPlantFoliage/ground_01_05.uexp" 1967
"C:/Users/Administrator/Documents/GitHub/hands2/Content/PN_FoliageCollection/FoliageTypes/flowerFoliage/flower_14_06.uasset" 1968
"C:/Users/Administrator/Documents/GitHub/hands2/Content/PN_FoliageCollection/FoliageTypes/flowerFoliage/flower_14_06.uexp" 1969
"C:/Users/Administrator/Documents/GitHub/hands2/Content/PN_FoliageCollection/FoliageTypes/grassFoliage/lowGrass_10_01.uasset" 1970
"C:/Users/Administrator/Documents/GitHub/hands2/Content/PN_FoliageCollection/FoliageTypes/grassFoliage/lowGrass_10_01.uexp" 1971
"C:/Users/Administrator/Documents/GitHub/hands2/Content/PN_FoliageCollection/FoliageTypes/grassFoliage/lowGrass_02_01.uasset" 1972
"C:/Users/Administrator/Documents/GitHub/hands2/Content/PN_FoliageCollection/FoliageTypes/grassFoliage/lowGrass_02_01.uexp" 1973
"C:/Users/Administrator/Documents/GitHub/hands2/Content/PN_FoliageCollection/FoliageTypes/grassFoliage/grass_09_03.uasset" 1974
"C:/Users/Administrator/Documents/GitHub/hands2/Content/PN_FoliageCollection/FoliageTypes/grassFoliage/grass_09_03.uexp" 1975
"C:/Users/Administrator/Documents/GitHub/hands2/Content/PN_FoliageCollection/FoliageTypes/grassFoliage/grass_05_07.uasset" 1976
"C:/Users/Administrator/Documents/GitHub/hands2/Content/PN_FoliageCollection/FoliageTypes/grassFoliage/grass_05_07.uexp" 1977
"C:/Users/Administrator/Documents/GitHub/hands2/Content/PN_FoliageCollection/FoliageTypes/grassFoliage/grass_01_07.uasset" 1978
"C:/Users/Administrator/Documents/GitHub/hands2/Content/PN_FoliageCollection/FoliageTypes/grassFoliage/grass_01_07.uexp" 1979
"../../../Engine/Plugins/Interchange/Assets/Content/Functions/MF_PhongToMetalRoughness.uasset" 1980
"../../../Engine/Plugins/Interchange/Assets/Content/Functions/MF_PhongToMetalRoughness.uexp" 1981
"C:/Users/Administrator/Documents/GitHub/hands2/Content/maps/level1/vray_steklo_kitch.uasset" 1982
"C:/Users/Administrator/Documents/GitHub/hands2/Content/maps/level1/vray_steklo_kitch.uexp" 1983
"../../../Engine/Plugins/Interchange/Assets/Content/gltf/MaterialInstances/MI_Default_Opaque_DS.uasset" 1984
"../../../Engine/Plugins/Interchange/Assets/Content/gltf/MaterialInstances/MI_Default_Opaque_DS.uexp" 1985
"C:/Users/Administrator/Documents/GitHub/hands2/Content/Fab/AI_Village_House/ai_village_house/Textures/ai_village_house_texture_25.ubulk" 1986
"C:/Users/Administrator/Documents/GitHub/hands2/Content/Fab/AI_Village_House/ai_village_house/Textures/ai_village_house_texture_25.uasset" 1987
"C:/Users/Administrator/Documents/GitHub/hands2/Content/Fab/AI_Village_House/ai_village_house/Textures/ai_village_house_texture_25.uexp" 1988
"C:/Users/Administrator/Documents/GitHub/hands2/Content/Fab/AI_Village_House/ai_village_house/Textures/ai_village_house_texture_26.ubulk" 1989
"C:/Users/Administrator/Documents/GitHub/hands2/Content/Fab/AI_Village_House/ai_village_house/Textures/ai_village_house_texture_26.uasset" 1990
"C:/Users/Administrator/Documents/GitHub/hands2/Content/Fab/AI_Village_House/ai_village_house/Textures/ai_village_house_texture_26.uexp" 1991
"C:/Users/Administrator/Documents/GitHub/hands2/Content/Fab/AI_Village_House/ai_village_house/Textures/ai_village_house_texture_27.ubulk" 1992
"C:/Users/Administrator/Documents/GitHub/hands2/Content/Fab/AI_Village_House/ai_village_house/Textures/ai_village_house_texture_27.uasset" 1993
"C:/Users/Administrator/Documents/GitHub/hands2/Content/Fab/AI_Village_House/ai_village_house/Textures/ai_village_house_texture_27.uexp" 1994
"C:/Users/Administrator/Documents/GitHub/hands2/Content/Fab/AI_Village_House/ai_village_house/Materials/wood_ads.uasset" 1995
"C:/Users/Administrator/Documents/GitHub/hands2/Content/Fab/AI_Village_House/ai_village_house/Materials/wood_ads.uexp" 1996
"C:/Users/Administrator/Documents/GitHub/hands2/Content/Fab/AI_Village_House/ai_village_house/Textures/ai_village_house_texture_49.ubulk" 1997
"C:/Users/Administrator/Documents/GitHub/hands2/Content/Fab/AI_Village_House/ai_village_house/Textures/ai_village_house_texture_49.uasset" 1998
"C:/Users/Administrator/Documents/GitHub/hands2/Content/Fab/AI_Village_House/ai_village_house/Textures/ai_village_house_texture_49.uexp" 1999
"C:/Users/Administrator/Documents/GitHub/hands2/Content/Fab/AI_Village_House/ai_village_house/Materials/wallpaper_room_1.uasset" 2000
"C:/Users/Administrator/Documents/GitHub/hands2/Content/Fab/AI_Village_House/ai_village_house/Materials/wallpaper_room_1.uexp" 2001
"C:/Users/Administrator/Documents/GitHub/hands2/Content/Fab/AI_Village_House/ai_village_house/Textures/ai_village_house_texture_53.ubulk" 2002
"C:/Users/Administrator/Documents/GitHub/hands2/Content/Fab/AI_Village_House/ai_village_house/Textures/ai_village_house_texture_53.uasset" 2003
"C:/Users/Administrator/Documents/GitHub/hands2/Content/Fab/AI_Village_House/ai_village_house/Textures/ai_village_house_texture_53.uexp" 2004
"C:/Users/Administrator/Documents/GitHub/hands2/Content/Fab/AI_Village_House/ai_village_house/Materials/wallpaper_room_2.uasset" 2005
"C:/Users/Administrator/Documents/GitHub/hands2/Content/Fab/AI_Village_House/ai_village_house/Materials/wallpaper_room_2.uexp" 2006
"C:/Users/Administrator/Documents/GitHub/hands2/Content/Fab/AI_Village_House/ai_village_house/Textures/ai_village_house_texture_54.ubulk" 2007
"C:/Users/Administrator/Documents/GitHub/hands2/Content/Fab/AI_Village_House/ai_village_house/Textures/ai_village_house_texture_54.uasset" 2008
"C:/Users/Administrator/Documents/GitHub/hands2/Content/Fab/AI_Village_House/ai_village_house/Textures/ai_village_house_texture_54.uexp" 2009
"C:/Users/Administrator/Documents/GitHub/hands2/Content/Fab/AI_Village_House/ai_village_house/Materials/wallpaper_room_3.uasset" 2010
"C:/Users/Administrator/Documents/GitHub/hands2/Content/Fab/AI_Village_House/ai_village_house/Materials/wallpaper_room_3.uexp" 2011
"C:/Users/Administrator/Documents/GitHub/hands2/Content/Fab/AI_Village_House/ai_village_house/Textures/ai_village_house_texture_48.ubulk" 2012
"C:/Users/Administrator/Documents/GitHub/hands2/Content/Fab/AI_Village_House/ai_village_house/Textures/ai_village_house_texture_48.uasset" 2013
"C:/Users/Administrator/Documents/GitHub/hands2/Content/Fab/AI_Village_House/ai_village_house/Textures/ai_village_house_texture_48.uexp" 2014
"C:/Users/Administrator/Documents/GitHub/hands2/Content/Fab/AI_Village_House/ai_village_house/Materials/tiles_bahroom_wall.uasset" 2015
"C:/Users/Administrator/Documents/GitHub/hands2/Content/Fab/AI_Village_House/ai_village_house/Materials/tiles_bahroom_wall.uexp" 2016
"C:/Users/Administrator/Documents/GitHub/hands2/Content/Fab/AI_Village_House/ai_village_house/Textures/ai_village_house_texture_18.ubulk" 2017
"C:/Users/Administrator/Documents/GitHub/hands2/Content/Fab/AI_Village_House/ai_village_house/Textures/ai_village_house_texture_18.uasset" 2018
"C:/Users/Administrator/Documents/GitHub/hands2/Content/Fab/AI_Village_House/ai_village_house/Textures/ai_village_house_texture_18.uexp" 2019
"C:/Users/Administrator/Documents/GitHub/hands2/Content/Fab/AI_Village_House/ai_village_house/Textures/ai_village_house_texture_19.ubulk" 2020
"C:/Users/Administrator/Documents/GitHub/hands2/Content/Fab/AI_Village_House/ai_village_house/Textures/ai_village_house_texture_19.uasset" 2021
"C:/Users/Administrator/Documents/GitHub/hands2/Content/Fab/AI_Village_House/ai_village_house/Textures/ai_village_house_texture_19.uexp" 2022
"C:/Users/Administrator/Documents/GitHub/hands2/Content/Fab/AI_Village_House/ai_village_house/Textures/ai_village_house_texture_20.ubulk" 2023
"C:/Users/Administrator/Documents/GitHub/hands2/Content/Fab/AI_Village_House/ai_village_house/Textures/ai_village_house_texture_20.uasset" 2024
"C:/Users/Administrator/Documents/GitHub/hands2/Content/Fab/AI_Village_House/ai_village_house/Textures/ai_village_house_texture_20.uexp" 2025
"C:/Users/Administrator/Documents/GitHub/hands2/Content/Fab/AI_Village_House/ai_village_house/Materials/stairs.uasset" 2026
"C:/Users/Administrator/Documents/GitHub/hands2/Content/Fab/AI_Village_House/ai_village_house/Materials/stairs.uexp" 2027
"C:/Users/Administrator/Documents/GitHub/hands2/Content/Fab/AI_Village_House/ai_village_house/Materials/rubber_black.uasset" 2028
"C:/Users/Administrator/Documents/GitHub/hands2/Content/Fab/AI_Village_House/ai_village_house/Materials/rubber_black.uexp" 2029
"C:/Users/Administrator/Documents/GitHub/hands2/Content/Fab/AI_Village_House/ai_village_house/Textures/ai_village_house_texture_34.ubulk" 2030
"C:/Users/Administrator/Documents/GitHub/hands2/Content/Fab/AI_Village_House/ai_village_house/Textures/ai_village_house_texture_34.uasset" 2031
"C:/Users/Administrator/Documents/GitHub/hands2/Content/Fab/AI_Village_House/ai_village_house/Textures/ai_village_house_texture_34.uexp" 2032
"C:/Users/Administrator/Documents/GitHub/hands2/Content/Fab/AI_Village_House/ai_village_house/Textures/ai_village_house_texture_35.ubulk" 2033
"C:/Users/Administrator/Documents/GitHub/hands2/Content/Fab/AI_Village_House/ai_village_house/Textures/ai_village_house_texture_35.uasset" 2034
"C:/Users/Administrator/Documents/GitHub/hands2/Content/Fab/AI_Village_House/ai_village_house/Textures/ai_village_house_texture_35.uexp" 2035
"C:/Users/Administrator/Documents/GitHub/hands2/Content/Fab/AI_Village_House/ai_village_house/Textures/ai_village_house_texture_36.ubulk" 2036
"C:/Users/Administrator/Documents/GitHub/hands2/Content/Fab/AI_Village_House/ai_village_house/Textures/ai_village_house_texture_36.uasset" 2037
"C:/Users/Administrator/Documents/GitHub/hands2/Content/Fab/AI_Village_House/ai_village_house/Textures/ai_village_house_texture_36.uexp" 2038
"C:/Users/Administrator/Documents/GitHub/hands2/Content/Fab/AI_Village_House/ai_village_house/Materials/room_door.uasset" 2039
"C:/Users/Administrator/Documents/GitHub/hands2/Content/Fab/AI_Village_House/ai_village_house/Materials/room_door.uexp" 2040
"C:/Users/Administrator/Documents/GitHub/hands2/Content/Fab/AI_Village_House/ai_village_house/Textures/ai_village_house_texture_45.ubulk" 2041
"C:/Users/Administrator/Documents/GitHub/hands2/Content/Fab/AI_Village_House/ai_village_house/Textures/ai_village_house_texture_45.uasset" 2042
"C:/Users/Administrator/Documents/GitHub/hands2/Content/Fab/AI_Village_House/ai_village_house/Textures/ai_village_house_texture_45.uexp" 2043
"C:/Users/Administrator/Documents/GitHub/hands2/Content/Fab/AI_Village_House/ai_village_house/Textures/ai_village_house_texture_46.ubulk" 2044
"C:/Users/Administrator/Documents/GitHub/hands2/Content/Fab/AI_Village_House/ai_village_house/Textures/ai_village_house_texture_46.uasset" 2045
"C:/Users/Administrator/Documents/GitHub/hands2/Content/Fab/AI_Village_House/ai_village_house/Textures/ai_village_house_texture_46.uexp" 2046
"C:/Users/Administrator/Documents/GitHub/hands2/Content/Fab/AI_Village_House/ai_village_house/Textures/ai_village_house_texture_47.ubulk" 2047
"C:/Users/Administrator/Documents/GitHub/hands2/Content/Fab/AI_Village_House/ai_village_house/Textures/ai_village_house_texture_47.uasset" 2048
"C:/Users/Administrator/Documents/GitHub/hands2/Content/Fab/AI_Village_House/ai_village_house/Textures/ai_village_house_texture_47.uexp" 2049
"C:/Users/Administrator/Documents/GitHub/hands2/Content/Fab/AI_Village_House/ai_village_house/Materials/roof_pipes.uasset" 2050
"C:/Users/Administrator/Documents/GitHub/hands2/Content/Fab/AI_Village_House/ai_village_house/Materials/roof_pipes.uexp" 2051
"C:/Users/Administrator/Documents/GitHub/hands2/Content/Fab/AI_Village_House/ai_village_house/Textures/ai_village_house_texture_40.uexp" 2052
"C:/Users/Administrator/Documents/GitHub/hands2/Content/Fab/AI_Village_House/ai_village_house/Textures/ai_village_house_texture_40.ubulk" 2053
"C:/Users/Administrator/Documents/GitHub/hands2/Content/Fab/AI_Village_House/ai_village_house/Textures/ai_village_house_texture_40.uasset" 2054
"C:/Users/Administrator/Documents/GitHub/hands2/Content/Fab/AI_Village_House/ai_village_house/Textures/ai_village_house_texture_40.uptnl" 2055
"C:/Users/Administrator/Documents/GitHub/hands2/Content/Fab/AI_Village_House/ai_village_house/Textures/ai_village_house_texture_41.uexp" 2056
"C:/Users/Administrator/Documents/GitHub/hands2/Content/Fab/AI_Village_House/ai_village_house/Textures/ai_village_house_texture_41.ubulk" 2057
"C:/Users/Administrator/Documents/GitHub/hands2/Content/Fab/AI_Village_House/ai_village_house/Textures/ai_village_house_texture_41.uasset" 2058
"C:/Users/Administrator/Documents/GitHub/hands2/Content/Fab/AI_Village_House/ai_village_house/Textures/ai_village_house_texture_41.uptnl" 2059
"C:/Users/Administrator/Documents/GitHub/hands2/Content/Fab/AI_Village_House/ai_village_house/Textures/ai_village_house_texture_42.uexp" 2060
"C:/Users/Administrator/Documents/GitHub/hands2/Content/Fab/AI_Village_House/ai_village_house/Textures/ai_village_house_texture_42.ubulk" 2061
"C:/Users/Administrator/Documents/GitHub/hands2/Content/Fab/AI_Village_House/ai_village_house/Textures/ai_village_house_texture_42.uasset" 2062
"C:/Users/Administrator/Documents/GitHub/hands2/Content/Fab/AI_Village_House/ai_village_house/Textures/ai_village_house_texture_42.uptnl" 2063
"C:/Users/Administrator/Documents/GitHub/hands2/Content/Fab/AI_Village_House/ai_village_house/Materials/roof.uasset" 2064
"C:/Users/Administrator/Documents/GitHub/hands2/Content/Fab/AI_Village_House/ai_village_house/Materials/roof.uexp" 2065
"C:/Users/Administrator/Documents/GitHub/hands2/Content/Fab/AI_Village_House/ai_village_house/Materials/plastic_white.uasset" 2066
"C:/Users/Administrator/Documents/GitHub/hands2/Content/Fab/AI_Village_House/ai_village_house/Materials/plastic_white.uexp" 2067
"C:/Users/Administrator/Documents/GitHub/hands2/Content/Fab/AI_Village_House/ai_village_house/Materials/plastic_black_matte.uasset" 2068
"C:/Users/Administrator/Documents/GitHub/hands2/Content/Fab/AI_Village_House/ai_village_house/Materials/plastic_black_matte.uexp" 2069
"C:/Users/Administrator/Documents/GitHub/hands2/Content/Fab/AI_Village_House/ai_village_house/Materials/plastic_black.uasset" 2070
"C:/Users/Administrator/Documents/GitHub/hands2/Content/Fab/AI_Village_House/ai_village_house/Materials/plastic_black.uexp" 2071
"C:/Users/Administrator/Documents/GitHub/hands2/Content/Fab/AI_Village_House/ai_village_house/Textures/ai_village_house_texture_50.ubulk" 2072
"C:/Users/Administrator/Documents/GitHub/hands2/Content/Fab/AI_Village_House/ai_village_house/Textures/ai_village_house_texture_50.uasset" 2073
"C:/Users/Administrator/Documents/GitHub/hands2/Content/Fab/AI_Village_House/ai_village_house/Textures/ai_village_house_texture_50.uexp" 2074
"C:/Users/Administrator/Documents/GitHub/hands2/Content/Fab/AI_Village_House/ai_village_house/Textures/ai_village_house_texture_51.ubulk" 2075
"C:/Users/Administrator/Documents/GitHub/hands2/Content/Fab/AI_Village_House/ai_village_house/Textures/ai_village_house_texture_51.uasset" 2076
"C:/Users/Administrator/Documents/GitHub/hands2/Content/Fab/AI_Village_House/ai_village_house/Textures/ai_village_house_texture_51.uexp" 2077
"C:/Users/Administrator/Documents/GitHub/hands2/Content/Fab/AI_Village_House/ai_village_house/Textures/ai_village_house_texture_52.ubulk" 2078
"C:/Users/Administrator/Documents/GitHub/hands2/Content/Fab/AI_Village_House/ai_village_house/Textures/ai_village_house_texture_52.uasset" 2079
"C:/Users/Administrator/Documents/GitHub/hands2/Content/Fab/AI_Village_House/ai_village_house/Textures/ai_village_house_texture_52.uexp" 2080
"C:/Users/Administrator/Documents/GitHub/hands2/Content/Fab/AI_Village_House/ai_village_house/Materials/metal_window.uasset" 2081
"C:/Users/Administrator/Documents/GitHub/hands2/Content/Fab/AI_Village_House/ai_village_house/Materials/metal_window.uexp" 2082
"C:/Users/Administrator/Documents/GitHub/hands2/Content/Fab/AI_Village_House/ai_village_house/Textures/ai_village_house_texture_37.ubulk" 2083
"C:/Users/Administrator/Documents/GitHub/hands2/Content/Fab/AI_Village_House/ai_village_house/Textures/ai_village_house_texture_37.uasset" 2084
"C:/Users/Administrator/Documents/GitHub/hands2/Content/Fab/AI_Village_House/ai_village_house/Textures/ai_village_house_texture_37.uexp" 2085
"C:/Users/Administrator/Documents/GitHub/hands2/Content/Fab/AI_Village_House/ai_village_house/Textures/ai_village_house_texture_38.ubulk" 2086
"C:/Users/Administrator/Documents/GitHub/hands2/Content/Fab/AI_Village_House/ai_village_house/Textures/ai_village_house_texture_38.uasset" 2087
"C:/Users/Administrator/Documents/GitHub/hands2/Content/Fab/AI_Village_House/ai_village_house/Textures/ai_village_house_texture_38.uexp" 2088
"C:/Users/Administrator/Documents/GitHub/hands2/Content/Fab/AI_Village_House/ai_village_house/Textures/ai_village_house_texture_39.ubulk" 2089
"C:/Users/Administrator/Documents/GitHub/hands2/Content/Fab/AI_Village_House/ai_village_house/Textures/ai_village_house_texture_39.uasset" 2090
"C:/Users/Administrator/Documents/GitHub/hands2/Content/Fab/AI_Village_House/ai_village_house/Textures/ai_village_house_texture_39.uexp" 2091
"C:/Users/Administrator/Documents/GitHub/hands2/Content/Fab/AI_Village_House/ai_village_house/Materials/material.uasset" 2092
"C:/Users/Administrator/Documents/GitHub/hands2/Content/Fab/AI_Village_House/ai_village_house/Materials/material.uexp" 2093
"C:/Users/Administrator/Documents/GitHub/hands2/Content/Fab/AI_Village_House/ai_village_house/Textures/ai_village_house_texture_28.ubulk" 2094
"C:/Users/Administrator/Documents/GitHub/hands2/Content/Fab/AI_Village_House/ai_village_house/Textures/ai_village_house_texture_28.uasset" 2095
"C:/Users/Administrator/Documents/GitHub/hands2/Content/Fab/AI_Village_House/ai_village_house/Textures/ai_village_house_texture_28.uexp" 2096
"C:/Users/Administrator/Documents/GitHub/hands2/Content/Fab/AI_Village_House/ai_village_house/Textures/ai_village_house_texture_29.ubulk" 2097
"C:/Users/Administrator/Documents/GitHub/hands2/Content/Fab/AI_Village_House/ai_village_house/Textures/ai_village_house_texture_29.uasset" 2098
"C:/Users/Administrator/Documents/GitHub/hands2/Content/Fab/AI_Village_House/ai_village_house/Textures/ai_village_house_texture_29.uexp" 2099
"C:/Users/Administrator/Documents/GitHub/hands2/Content/Fab/AI_Village_House/ai_village_house/Textures/ai_village_house_texture_30.ubulk" 2100
"C:/Users/Administrator/Documents/GitHub/hands2/Content/Fab/AI_Village_House/ai_village_house/Textures/ai_village_house_texture_30.uasset" 2101
"C:/Users/Administrator/Documents/GitHub/hands2/Content/Fab/AI_Village_House/ai_village_house/Textures/ai_village_house_texture_30.uexp" 2102
"C:/Users/Administrator/Documents/GitHub/hands2/Content/Fab/AI_Village_House/ai_village_house/Materials/main_door.uasset" 2103
"C:/Users/Administrator/Documents/GitHub/hands2/Content/Fab/AI_Village_House/ai_village_house/Materials/main_door.uexp" 2104
"C:/Users/Administrator/Documents/GitHub/hands2/Content/Fab/AI_Village_House/ai_village_house/Textures/ai_village_house_texture_12.ubulk" 2105
"C:/Users/Administrator/Documents/GitHub/hands2/Content/Fab/AI_Village_House/ai_village_house/Textures/ai_village_house_texture_12.uasset" 2106
"C:/Users/Administrator/Documents/GitHub/hands2/Content/Fab/AI_Village_House/ai_village_house/Textures/ai_village_house_texture_12.uexp" 2107
"C:/Users/Administrator/Documents/GitHub/hands2/Content/Fab/AI_Village_House/ai_village_house/Textures/ai_village_house_texture_13.ubulk" 2108
"C:/Users/Administrator/Documents/GitHub/hands2/Content/Fab/AI_Village_House/ai_village_house/Textures/ai_village_house_texture_13.uasset" 2109
"C:/Users/Administrator/Documents/GitHub/hands2/Content/Fab/AI_Village_House/ai_village_house/Textures/ai_village_house_texture_13.uexp" 2110
"C:/Users/Administrator/Documents/GitHub/hands2/Content/Fab/AI_Village_House/ai_village_house/Textures/ai_village_house_texture_14.ubulk" 2111
"C:/Users/Administrator/Documents/GitHub/hands2/Content/Fab/AI_Village_House/ai_village_house/Textures/ai_village_house_texture_14.uasset" 2112
"C:/Users/Administrator/Documents/GitHub/hands2/Content/Fab/AI_Village_House/ai_village_house/Textures/ai_village_house_texture_14.uexp" 2113
"C:/Users/Administrator/Documents/GitHub/hands2/Content/Fab/AI_Village_House/ai_village_house/Materials/ladder.uasset" 2114
"C:/Users/Administrator/Documents/GitHub/hands2/Content/Fab/AI_Village_House/ai_village_house/Materials/ladder.uexp" 2115
"C:/Users/Administrator/Documents/GitHub/hands2/Content/Fab/AI_Village_House/ai_village_house/Textures/ai_village_house_texture_15.uexp" 2116
"C:/Users/Administrator/Documents/GitHub/hands2/Content/Fab/AI_Village_House/ai_village_house/Textures/ai_village_house_texture_15.ubulk" 2117
"C:/Users/Administrator/Documents/GitHub/hands2/Content/Fab/AI_Village_House/ai_village_house/Textures/ai_village_house_texture_15.uasset" 2118
"C:/Users/Administrator/Documents/GitHub/hands2/Content/Fab/AI_Village_House/ai_village_house/Textures/ai_village_house_texture_15.uptnl" 2119
"C:/Users/Administrator/Documents/GitHub/hands2/Content/Fab/AI_Village_House/ai_village_house/Textures/ai_village_house_texture_16.uexp" 2120
"C:/Users/Administrator/Documents/GitHub/hands2/Content/Fab/AI_Village_House/ai_village_house/Textures/ai_village_house_texture_16.ubulk" 2121
"C:/Users/Administrator/Documents/GitHub/hands2/Content/Fab/AI_Village_House/ai_village_house/Textures/ai_village_house_texture_16.uasset" 2122
"C:/Users/Administrator/Documents/GitHub/hands2/Content/Fab/AI_Village_House/ai_village_house/Textures/ai_village_house_texture_16.uptnl" 2123
"C:/Users/Administrator/Documents/GitHub/hands2/Content/Fab/AI_Village_House/ai_village_house/Textures/ai_village_house_texture_17.uexp" 2124
"C:/Users/Administrator/Documents/GitHub/hands2/Content/Fab/AI_Village_House/ai_village_house/Textures/ai_village_house_texture_17.ubulk" 2125
"C:/Users/Administrator/Documents/GitHub/hands2/Content/Fab/AI_Village_House/ai_village_house/Textures/ai_village_house_texture_17.uasset" 2126
"C:/Users/Administrator/Documents/GitHub/hands2/Content/Fab/AI_Village_House/ai_village_house/Textures/ai_village_house_texture_17.uptnl" 2127
"C:/Users/Administrator/Documents/GitHub/hands2/Content/Fab/AI_Village_House/ai_village_house/Materials/house_wall_wood2.uasset" 2128
"C:/Users/Administrator/Documents/GitHub/hands2/Content/Fab/AI_Village_House/ai_village_house/Materials/house_wall_wood2.uexp" 2129
"C:/Users/Administrator/Documents/GitHub/hands2/Content/Fab/AI_Village_House/ai_village_house/Textures/ai_village_house_texture_43.uexp" 2130
"C:/Users/Administrator/Documents/GitHub/hands2/Content/Fab/AI_Village_House/ai_village_house/Textures/ai_village_house_texture_43.ubulk" 2131
"C:/Users/Administrator/Documents/GitHub/hands2/Content/Fab/AI_Village_House/ai_village_house/Textures/ai_village_house_texture_43.uasset" 2132
"C:/Users/Administrator/Documents/GitHub/hands2/Content/Fab/AI_Village_House/ai_village_house/Textures/ai_village_house_texture_43.uptnl" 2133
"C:/Users/Administrator/Documents/GitHub/hands2/Content/Fab/AI_Village_House/ai_village_house/Textures/ai_village_house_texture_44.uexp" 2134
"C:/Users/Administrator/Documents/GitHub/hands2/Content/Fab/AI_Village_House/ai_village_house/Textures/ai_village_house_texture_44.ubulk" 2135
"C:/Users/Administrator/Documents/GitHub/hands2/Content/Fab/AI_Village_House/ai_village_house/Textures/ai_village_house_texture_44.uasset" 2136
"C:/Users/Administrator/Documents/GitHub/hands2/Content/Fab/AI_Village_House/ai_village_house/Textures/ai_village_house_texture_44.uptnl" 2137
"C:/Users/Administrator/Documents/GitHub/hands2/Content/Fab/AI_Village_House/ai_village_house/Materials/house_wall_wood.uasset" 2138
"C:/Users/Administrator/Documents/GitHub/hands2/Content/Fab/AI_Village_House/ai_village_house/Materials/house_wall_wood.uexp" 2139
"../../../Engine/Plugins/Interchange/Assets/Content/gltf/MaterialInstances/MI_Default_Blend_DS.uasset" 2140
"../../../Engine/Plugins/Interchange/Assets/Content/gltf/MaterialInstances/MI_Default_Blend_DS.uexp" 2141
"C:/Users/Administrator/Documents/GitHub/hands2/Content/Fab/AI_Village_House/ai_village_house/Materials/glass.uasset" 2142
"C:/Users/Administrator/Documents/GitHub/hands2/Content/Fab/AI_Village_House/ai_village_house/Materials/glass.uexp" 2143
"C:/Users/Administrator/Documents/GitHub/hands2/Content/Fab/AI_Village_House/ai_village_house/Textures/ai_village_house_texture_9.ubulk" 2144
"C:/Users/Administrator/Documents/GitHub/hands2/Content/Fab/AI_Village_House/ai_village_house/Textures/ai_village_house_texture_9.uasset" 2145
"C:/Users/Administrator/Documents/GitHub/hands2/Content/Fab/AI_Village_House/ai_village_house/Textures/ai_village_house_texture_9.uexp" 2146
"C:/Users/Administrator/Documents/GitHub/hands2/Content/Fab/AI_Village_House/ai_village_house/Textures/ai_village_house_texture_10.ubulk" 2147
"C:/Users/Administrator/Documents/GitHub/hands2/Content/Fab/AI_Village_House/ai_village_house/Textures/ai_village_house_texture_10.uasset" 2148
"C:/Users/Administrator/Documents/GitHub/hands2/Content/Fab/AI_Village_House/ai_village_house/Textures/ai_village_house_texture_10.uexp" 2149
"C:/Users/Administrator/Documents/GitHub/hands2/Content/Fab/AI_Village_House/ai_village_house/Textures/ai_village_house_texture_11.ubulk" 2150
"C:/Users/Administrator/Documents/GitHub/hands2/Content/Fab/AI_Village_House/ai_village_house/Textures/ai_village_house_texture_11.uasset" 2151
"C:/Users/Administrator/Documents/GitHub/hands2/Content/Fab/AI_Village_House/ai_village_house/Textures/ai_village_house_texture_11.uexp" 2152
"C:/Users/Administrator/Documents/GitHub/hands2/Content/Fab/AI_Village_House/ai_village_house/Materials/floor4.uasset" 2153
"C:/Users/Administrator/Documents/GitHub/hands2/Content/Fab/AI_Village_House/ai_village_house/Materials/floor4.uexp" 2154
"C:/Users/Administrator/Documents/GitHub/hands2/Content/Fab/AI_Village_House/ai_village_house/Textures/ai_village_house_texture_6.ubulk" 2155
"C:/Users/Administrator/Documents/GitHub/hands2/Content/Fab/AI_Village_House/ai_village_house/Textures/ai_village_house_texture_6.uasset" 2156
"C:/Users/Administrator/Documents/GitHub/hands2/Content/Fab/AI_Village_House/ai_village_house/Textures/ai_village_house_texture_6.uexp" 2157
"C:/Users/Administrator/Documents/GitHub/hands2/Content/Fab/AI_Village_House/ai_village_house/Textures/ai_village_house_texture_7.ubulk" 2158
"C:/Users/Administrator/Documents/GitHub/hands2/Content/Fab/AI_Village_House/ai_village_house/Textures/ai_village_house_texture_7.uasset" 2159
"C:/Users/Administrator/Documents/GitHub/hands2/Content/Fab/AI_Village_House/ai_village_house/Textures/ai_village_house_texture_7.uexp" 2160
"C:/Users/Administrator/Documents/GitHub/hands2/Content/Fab/AI_Village_House/ai_village_house/Textures/ai_village_house_texture_8.ubulk" 2161
"C:/Users/Administrator/Documents/GitHub/hands2/Content/Fab/AI_Village_House/ai_village_house/Textures/ai_village_house_texture_8.uasset" 2162
"C:/Users/Administrator/Documents/GitHub/hands2/Content/Fab/AI_Village_House/ai_village_house/Textures/ai_village_house_texture_8.uexp" 2163
"C:/Users/Administrator/Documents/GitHub/hands2/Content/Fab/AI_Village_House/ai_village_house/Materials/floor3.uasset" 2164
"C:/Users/Administrator/Documents/GitHub/hands2/Content/Fab/AI_Village_House/ai_village_house/Materials/floor3.uexp" 2165
"C:/Users/Administrator/Documents/GitHub/hands2/Content/Fab/AI_Village_House/ai_village_house/Textures/ai_village_house_texture_3.ubulk" 2166
"C:/Users/Administrator/Documents/GitHub/hands2/Content/Fab/AI_Village_House/ai_village_house/Textures/ai_village_house_texture_3.uasset" 2167
"C:/Users/Administrator/Documents/GitHub/hands2/Content/Fab/AI_Village_House/ai_village_house/Textures/ai_village_house_texture_3.uexp" 2168
"C:/Users/Administrator/Documents/GitHub/hands2/Content/Fab/AI_Village_House/ai_village_house/Textures/ai_village_house_texture_4.ubulk" 2169
"C:/Users/Administrator/Documents/GitHub/hands2/Content/Fab/AI_Village_House/ai_village_house/Textures/ai_village_house_texture_4.uasset" 2170
"C:/Users/Administrator/Documents/GitHub/hands2/Content/Fab/AI_Village_House/ai_village_house/Textures/ai_village_house_texture_4.uexp" 2171
"C:/Users/Administrator/Documents/GitHub/hands2/Content/Fab/AI_Village_House/ai_village_house/Textures/ai_village_house_texture_5.ubulk" 2172
"C:/Users/Administrator/Documents/GitHub/hands2/Content/Fab/AI_Village_House/ai_village_house/Textures/ai_village_house_texture_5.uasset" 2173
"C:/Users/Administrator/Documents/GitHub/hands2/Content/Fab/AI_Village_House/ai_village_house/Textures/ai_village_house_texture_5.uexp" 2174
"C:/Users/Administrator/Documents/GitHub/hands2/Content/Fab/AI_Village_House/ai_village_house/Materials/floor2.uasset" 2175
"C:/Users/Administrator/Documents/GitHub/hands2/Content/Fab/AI_Village_House/ai_village_house/Materials/floor2.uexp" 2176
"C:/Users/Administrator/Documents/GitHub/hands2/Content/Fab/AI_Village_House/ai_village_house/Textures/ai_village_house_texture_0.ubulk" 2177
"C:/Users/Administrator/Documents/GitHub/hands2/Content/Fab/AI_Village_House/ai_village_house/Textures/ai_village_house_texture_0.uasset" 2178
"C:/Users/Administrator/Documents/GitHub/hands2/Content/Fab/AI_Village_House/ai_village_house/Textures/ai_village_house_texture_0.uexp" 2179
"C:/Users/Administrator/Documents/GitHub/hands2/Content/Fab/AI_Village_House/ai_village_house/Textures/ai_village_house_texture_1.ubulk" 2180
"C:/Users/Administrator/Documents/GitHub/hands2/Content/Fab/AI_Village_House/ai_village_house/Textures/ai_village_house_texture_1.uasset" 2181
"C:/Users/Administrator/Documents/GitHub/hands2/Content/Fab/AI_Village_House/ai_village_house/Textures/ai_village_house_texture_1.uexp" 2182
"C:/Users/Administrator/Documents/GitHub/hands2/Content/Fab/AI_Village_House/ai_village_house/Textures/ai_village_house_texture_2.ubulk" 2183
"C:/Users/Administrator/Documents/GitHub/hands2/Content/Fab/AI_Village_House/ai_village_house/Textures/ai_village_house_texture_2.uasset" 2184
"C:/Users/Administrator/Documents/GitHub/hands2/Content/Fab/AI_Village_House/ai_village_house/Textures/ai_village_house_texture_2.uexp" 2185
"C:/Users/Administrator/Documents/GitHub/hands2/Content/Fab/AI_Village_House/ai_village_house/Materials/floor1.uasset" 2186
"C:/Users/Administrator/Documents/GitHub/hands2/Content/Fab/AI_Village_House/ai_village_house/Materials/floor1.uexp" 2187
"C:/Users/Administrator/Documents/GitHub/hands2/Content/Fab/AI_Village_House/ai_village_house/Textures/ai_village_house_texture_31.ubulk" 2188
"C:/Users/Administrator/Documents/GitHub/hands2/Content/Fab/AI_Village_House/ai_village_house/Textures/ai_village_house_texture_31.uasset" 2189
"C:/Users/Administrator/Documents/GitHub/hands2/Content/Fab/AI_Village_House/ai_village_house/Textures/ai_village_house_texture_31.uexp" 2190
"C:/Users/Administrator/Documents/GitHub/hands2/Content/Fab/AI_Village_House/ai_village_house/Textures/ai_village_house_texture_32.ubulk" 2191
"C:/Users/Administrator/Documents/GitHub/hands2/Content/Fab/AI_Village_House/ai_village_house/Textures/ai_village_house_texture_32.uasset" 2192
"C:/Users/Administrator/Documents/GitHub/hands2/Content/Fab/AI_Village_House/ai_village_house/Textures/ai_village_house_texture_32.uexp" 2193
"C:/Users/Administrator/Documents/GitHub/hands2/Content/Fab/AI_Village_House/ai_village_house/Textures/ai_village_house_texture_33.ubulk" 2194
"C:/Users/Administrator/Documents/GitHub/hands2/Content/Fab/AI_Village_House/ai_village_house/Textures/ai_village_house_texture_33.uasset" 2195
"C:/Users/Administrator/Documents/GitHub/hands2/Content/Fab/AI_Village_House/ai_village_house/Textures/ai_village_house_texture_33.uexp" 2196
"C:/Users/Administrator/Documents/GitHub/hands2/Content/Fab/AI_Village_House/ai_village_house/Materials/door_frames.uasset" 2197
"C:/Users/Administrator/Documents/GitHub/hands2/Content/Fab/AI_Village_House/ai_village_house/Materials/door_frames.uexp" 2198
"C:/Users/Administrator/Documents/GitHub/hands2/Content/Fab/AI_Village_House/ai_village_house/Textures/ai_village_house_texture_22.ubulk" 2199
"C:/Users/Administrator/Documents/GitHub/hands2/Content/Fab/AI_Village_House/ai_village_house/Textures/ai_village_house_texture_22.uasset" 2200
"C:/Users/Administrator/Documents/GitHub/hands2/Content/Fab/AI_Village_House/ai_village_house/Textures/ai_village_house_texture_22.uexp" 2201
"C:/Users/Administrator/Documents/GitHub/hands2/Content/Fab/AI_Village_House/ai_village_house/Textures/ai_village_house_texture_23.ubulk" 2202
"C:/Users/Administrator/Documents/GitHub/hands2/Content/Fab/AI_Village_House/ai_village_house/Textures/ai_village_house_texture_23.uasset" 2203
"C:/Users/Administrator/Documents/GitHub/hands2/Content/Fab/AI_Village_House/ai_village_house/Textures/ai_village_house_texture_23.uexp" 2204
"C:/Users/Administrator/Documents/GitHub/hands2/Content/Fab/AI_Village_House/ai_village_house/Textures/ai_village_house_texture_24.ubulk" 2205
"C:/Users/Administrator/Documents/GitHub/hands2/Content/Fab/AI_Village_House/ai_village_house/Textures/ai_village_house_texture_24.uasset" 2206
"C:/Users/Administrator/Documents/GitHub/hands2/Content/Fab/AI_Village_House/ai_village_house/Textures/ai_village_house_texture_24.uexp" 2207
"C:/Users/Administrator/Documents/GitHub/hands2/Content/Fab/AI_Village_House/ai_village_house/Materials/balcony.uasset" 2208
"C:/Users/Administrator/Documents/GitHub/hands2/Content/Fab/AI_Village_House/ai_village_house/Materials/balcony.uexp" 2209
"C:/Users/Administrator/Documents/GitHub/hands2/Content/maps/level1/vray_PVC_Black_Matte_Rough0.uasset" 2210
"C:/Users/Administrator/Documents/GitHub/hands2/Content/maps/level1/vray_PVC_Black_Matte_Rough0.uexp" 2211
"C:/Users/Administrator/Documents/GitHub/hands2/Content/maps/level1/Sphere003.ubulk" 2212
"C:/Users/Administrator/Documents/GitHub/hands2/Content/maps/level1/Sphere003.uasset" 2213
"C:/Users/Administrator/Documents/GitHub/hands2/Content/maps/level1/Sphere003.uexp" 2214
"../../../Engine/Plugins/Fab/Content/MaterialFunctions/QMF_Tiling.uasset" 2215
"../../../Engine/Plugins/Fab/Content/MaterialFunctions/QMF_Tiling.uexp" 2216
"../../../Engine/Plugins/Fab/Content/MaterialFunctions/QMF_RoughnessAdjustments.uasset" 2217
"../../../Engine/Plugins/Fab/Content/MaterialFunctions/QMF_RoughnessAdjustments.uexp" 2218
"../../../Engine/Plugins/Fab/Content/MaterialFunctions/QMF_NormalAdjustments.uasset" 2219
"../../../Engine/Plugins/Fab/Content/MaterialFunctions/QMF_NormalAdjustments.uexp" 2220
"../../../Engine/Plugins/Fab/Content/MaterialFunctions/QMF_BaseColorAdjustments.uasset" 2221
"../../../Engine/Plugins/Fab/Content/MaterialFunctions/QMF_BaseColorAdjustments.uexp" 2222
"../../../Engine/Plugins/Fab/Content/MaterialFunctions/QMF_AOAdjustments.uasset" 2223
"../../../Engine/Plugins/Fab/Content/MaterialFunctions/QMF_AOAdjustments.uexp" 2224
"../../../Engine/Plugins/Fab/Content/Textures/Standard/T_DefaultNormal.uasset" 2225
"../../../Engine/Plugins/Fab/Content/Textures/Standard/T_DefaultNormal.uexp" 2226
"../../../Engine/Plugins/Fab/Content/Textures/Standard/T_DefaultMasks.uasset" 2227
"../../../Engine/Plugins/Fab/Content/Textures/Standard/T_DefaultMasks.uexp" 2228
"../../../Engine/Plugins/Fab/Content/Textures/Standard/T_DefaultDisplacement.uasset" 2229
"../../../Engine/Plugins/Fab/Content/Textures/Standard/T_DefaultDisplacement.uexp" 2230
"../../../Engine/Plugins/Fab/Content/Textures/Standard/T_DefaultColor.uasset" 2231
"../../../Engine/Plugins/Fab/Content/Textures/Standard/T_DefaultColor.uexp" 2232
"../../../Engine/Plugins/Fab/Content/Materials/Standard/M_MS_Srf.uasset" 2233
"../../../Engine/Plugins/Fab/Content/Materials/Standard/M_MS_Srf.uexp" 2234
"C:/Users/Administrator/Documents/GitHub/hands2/Content/Fab/Megascans/Surfaces/Forest_Floor_sfjmafua/High/sfjmafua_tier_1/Textures/T_sfjmafua_4K_ORM.ubulk" 2235
"C:/Users/Administrator/Documents/GitHub/hands2/Content/Fab/Megascans/Surfaces/Forest_Floor_sfjmafua/High/sfjmafua_tier_1/Textures/T_sfjmafua_4K_ORM.uasset" 2236
"C:/Users/Administrator/Documents/GitHub/hands2/Content/Fab/Megascans/Surfaces/Forest_Floor_sfjmafua/High/sfjmafua_tier_1/Textures/T_sfjmafua_4K_ORM.uexp" 2237
"C:/Users/Administrator/Documents/GitHub/hands2/Content/Fab/Megascans/Surfaces/Forest_Floor_sfjmafua/High/sfjmafua_tier_1/Textures/T_sfjmafua_4K_N.ubulk" 2238
"C:/Users/Administrator/Documents/GitHub/hands2/Content/Fab/Megascans/Surfaces/Forest_Floor_sfjmafua/High/sfjmafua_tier_1/Textures/T_sfjmafua_4K_N.uasset" 2239
"C:/Users/Administrator/Documents/GitHub/hands2/Content/Fab/Megascans/Surfaces/Forest_Floor_sfjmafua/High/sfjmafua_tier_1/Textures/T_sfjmafua_4K_N.uexp" 2240
"C:/Users/Administrator/Documents/GitHub/hands2/Content/Fab/Megascans/Surfaces/Forest_Floor_sfjmafua/High/sfjmafua_tier_1/Textures/T_sfjmafua_4K_H.ubulk" 2241
"C:/Users/Administrator/Documents/GitHub/hands2/Content/Fab/Megascans/Surfaces/Forest_Floor_sfjmafua/High/sfjmafua_tier_1/Textures/T_sfjmafua_4K_H.uasset" 2242
"C:/Users/Administrator/Documents/GitHub/hands2/Content/Fab/Megascans/Surfaces/Forest_Floor_sfjmafua/High/sfjmafua_tier_1/Textures/T_sfjmafua_4K_H.uexp" 2243
"C:/Users/Administrator/Documents/GitHub/hands2/Content/Fab/Megascans/Surfaces/Forest_Floor_sfjmafua/High/sfjmafua_tier_1/Textures/T_sfjmafua_4K_B.ubulk" 2244
"C:/Users/Administrator/Documents/GitHub/hands2/Content/Fab/Megascans/Surfaces/Forest_Floor_sfjmafua/High/sfjmafua_tier_1/Textures/T_sfjmafua_4K_B.uasset" 2245
"C:/Users/Administrator/Documents/GitHub/hands2/Content/Fab/Megascans/Surfaces/Forest_Floor_sfjmafua/High/sfjmafua_tier_1/Textures/T_sfjmafua_4K_B.uexp" 2246
"C:/Users/Administrator/Documents/GitHub/hands2/Content/Fab/Megascans/Surfaces/Forest_Floor_sfjmafua/High/sfjmafua_tier_1/Materials/MI_sfjmafua.uasset" 2247
"C:/Users/Administrator/Documents/GitHub/hands2/Content/Fab/Megascans/Surfaces/Forest_Floor_sfjmafua/High/sfjmafua_tier_1/Materials/MI_sfjmafua.uexp" 2248
"C:/Users/Administrator/Documents/GitHub/hands2/Content/maps/level1/vray_Material__2142151220.uasset" 2249
"C:/Users/Administrator/Documents/GitHub/hands2/Content/maps/level1/vray_Material__2142151220.uexp" 2250
"C:/Users/Administrator/Documents/GitHub/hands2/Content/maps/level1/Plane180.ubulk" 2251
"C:/Users/Administrator/Documents/GitHub/hands2/Content/maps/level1/Plane180.uasset" 2252
"C:/Users/Administrator/Documents/GitHub/hands2/Content/maps/level1/Plane180.uexp" 2253
"C:/Users/Administrator/Documents/GitHub/hands2/Content/maps/level1/Plane178.ubulk" 2254
"C:/Users/Administrator/Documents/GitHub/hands2/Content/maps/level1/Plane178.uasset" 2255
"C:/Users/Administrator/Documents/GitHub/hands2/Content/maps/level1/Plane178.uexp" 2256
"C:/Users/Administrator/Documents/GitHub/hands2/Content/maps/level1/Plane177.ubulk" 2257
"C:/Users/Administrator/Documents/GitHub/hands2/Content/maps/level1/Plane177.uasset" 2258
"C:/Users/Administrator/Documents/GitHub/hands2/Content/maps/level1/Plane177.uexp" 2259
"C:/Users/Administrator/Documents/GitHub/hands2/Content/maps/level1/Plane176.ubulk" 2260
"C:/Users/Administrator/Documents/GitHub/hands2/Content/maps/level1/Plane176.uasset" 2261
"C:/Users/Administrator/Documents/GitHub/hands2/Content/maps/level1/Plane176.uexp" 2262
"C:/Users/Administrator/Documents/GitHub/hands2/Content/maps/level1/Plane175.ubulk" 2263
"C:/Users/Administrator/Documents/GitHub/hands2/Content/maps/level1/Plane175.uasset" 2264
"C:/Users/Administrator/Documents/GitHub/hands2/Content/maps/level1/Plane175.uexp" 2265
"C:/Users/Administrator/Documents/GitHub/hands2/Content/maps/level1/Plane174.ubulk" 2266
"C:/Users/Administrator/Documents/GitHub/hands2/Content/maps/level1/Plane174.uasset" 2267
"C:/Users/Administrator/Documents/GitHub/hands2/Content/maps/level1/Plane174.uexp" 2268
"C:/Users/Administrator/Documents/GitHub/hands2/Content/maps/level1/Plane173.ubulk" 2269
"C:/Users/Administrator/Documents/GitHub/hands2/Content/maps/level1/Plane173.uasset" 2270
"C:/Users/Administrator/Documents/GitHub/hands2/Content/maps/level1/Plane173.uexp" 2271
"C:/Users/Administrator/Documents/GitHub/hands2/Content/maps/level1/Plane172.ubulk" 2272
"C:/Users/Administrator/Documents/GitHub/hands2/Content/maps/level1/Plane172.uasset" 2273
"C:/Users/Administrator/Documents/GitHub/hands2/Content/maps/level1/Plane172.uexp" 2274
"C:/Users/Administrator/Documents/GitHub/hands2/Content/maps/level1/Plane171.ubulk" 2275
"C:/Users/Administrator/Documents/GitHub/hands2/Content/maps/level1/Plane171.uasset" 2276
"C:/Users/Administrator/Documents/GitHub/hands2/Content/maps/level1/Plane171.uexp" 2277
"C:/Users/Administrator/Documents/GitHub/hands2/Content/maps/level1/Plane170.ubulk" 2278
"C:/Users/Administrator/Documents/GitHub/hands2/Content/maps/level1/Plane170.uasset" 2279
"C:/Users/Administrator/Documents/GitHub/hands2/Content/maps/level1/Plane170.uexp" 2280
"C:/Users/Administrator/Documents/GitHub/hands2/Content/maps/level1/Plane169.ubulk" 2281
"C:/Users/Administrator/Documents/GitHub/hands2/Content/maps/level1/Plane169.uasset" 2282
"C:/Users/Administrator/Documents/GitHub/hands2/Content/maps/level1/Plane169.uexp" 2283
"C:/Users/Administrator/Documents/GitHub/hands2/Content/maps/level1/Plane168.ubulk" 2284
"C:/Users/Administrator/Documents/GitHub/hands2/Content/maps/level1/Plane168.uasset" 2285
"C:/Users/Administrator/Documents/GitHub/hands2/Content/maps/level1/Plane168.uexp" 2286
"C:/Users/Administrator/Documents/GitHub/hands2/Content/maps/level1/Plane167.ubulk" 2287
"C:/Users/Administrator/Documents/GitHub/hands2/Content/maps/level1/Plane167.uasset" 2288
"C:/Users/Administrator/Documents/GitHub/hands2/Content/maps/level1/Plane167.uexp" 2289
"C:/Users/Administrator/Documents/GitHub/hands2/Content/maps/level1/Plane166.ubulk" 2290
"C:/Users/Administrator/Documents/GitHub/hands2/Content/maps/level1/Plane166.uasset" 2291
"C:/Users/Administrator/Documents/GitHub/hands2/Content/maps/level1/Plane166.uexp" 2292
"C:/Users/Administrator/Documents/GitHub/hands2/Content/maps/level1/Plane165.ubulk" 2293
"C:/Users/Administrator/Documents/GitHub/hands2/Content/maps/level1/Plane165.uasset" 2294
"C:/Users/Administrator/Documents/GitHub/hands2/Content/maps/level1/Plane165.uexp" 2295
"C:/Users/Administrator/Documents/GitHub/hands2/Content/maps/level1/Plane164.ubulk" 2296
"C:/Users/Administrator/Documents/GitHub/hands2/Content/maps/level1/Plane164.uasset" 2297
"C:/Users/Administrator/Documents/GitHub/hands2/Content/maps/level1/Plane164.uexp" 2298
"C:/Users/Administrator/Documents/GitHub/hands2/Content/maps/level1/Plane163.ubulk" 2299
"C:/Users/Administrator/Documents/GitHub/hands2/Content/maps/level1/Plane163.uasset" 2300
"C:/Users/Administrator/Documents/GitHub/hands2/Content/maps/level1/Plane163.uexp" 2301
"C:/Users/Administrator/Documents/GitHub/hands2/Content/maps/level1/Plane162.ubulk" 2302
"C:/Users/Administrator/Documents/GitHub/hands2/Content/maps/level1/Plane162.uasset" 2303
"C:/Users/Administrator/Documents/GitHub/hands2/Content/maps/level1/Plane162.uexp" 2304
"C:/Users/Administrator/Documents/GitHub/hands2/Content/maps/level1/Plane161.ubulk" 2305
"C:/Users/Administrator/Documents/GitHub/hands2/Content/maps/level1/Plane161.uasset" 2306
"C:/Users/Administrator/Documents/GitHub/hands2/Content/maps/level1/Plane161.uexp" 2307
"C:/Users/Administrator/Documents/GitHub/hands2/Content/maps/level1/Plane160.ubulk" 2308
"C:/Users/Administrator/Documents/GitHub/hands2/Content/maps/level1/Plane160.uasset" 2309
"C:/Users/Administrator/Documents/GitHub/hands2/Content/maps/level1/Plane160.uexp" 2310
"C:/Users/Administrator/Documents/GitHub/hands2/Content/maps/level1/Plane159.ubulk" 2311
"C:/Users/Administrator/Documents/GitHub/hands2/Content/maps/level1/Plane159.uasset" 2312
"C:/Users/Administrator/Documents/GitHub/hands2/Content/maps/level1/Plane159.uexp" 2313
"C:/Users/Administrator/Documents/GitHub/hands2/Content/maps/level1/Plane154.ubulk" 2314
"C:/Users/Administrator/Documents/GitHub/hands2/Content/maps/level1/Plane154.uasset" 2315
"C:/Users/Administrator/Documents/GitHub/hands2/Content/maps/level1/Plane154.uexp" 2316
"C:/Users/Administrator/Documents/GitHub/hands2/Content/maps/level1/vray_metall_br.uasset" 2317
"C:/Users/Administrator/Documents/GitHub/hands2/Content/maps/level1/vray_metall_br.uexp" 2318
"C:/Users/Administrator/Documents/GitHub/hands2/Content/maps/level1/Object493.ubulk" 2319
"C:/Users/Administrator/Documents/GitHub/hands2/Content/maps/level1/Object493.uasset" 2320
"C:/Users/Administrator/Documents/GitHub/hands2/Content/maps/level1/Object493.uexp" 2321
"C:/Users/Administrator/Documents/GitHub/hands2/Content/maps/level1/vray_Material__2146022938.uasset" 2322
"C:/Users/Administrator/Documents/GitHub/hands2/Content/maps/level1/vray_Material__2146022938.uexp" 2323
"C:/Users/Administrator/Documents/GitHub/hands2/Content/maps/level1/Object3818.ubulk" 2324
"C:/Users/Administrator/Documents/GitHub/hands2/Content/maps/level1/Object3818.uasset" 2325
"C:/Users/Administrator/Documents/GitHub/hands2/Content/maps/level1/Object3818.uexp" 2326
"C:/Users/Administrator/Documents/GitHub/hands2/Content/maps/level1/vray_bel_dirt_fasad_kitch.uasset" 2327
"C:/Users/Administrator/Documents/GitHub/hands2/Content/maps/level1/vray_bel_dirt_fasad_kitch.uexp" 2328
"C:/Users/Administrator/Documents/GitHub/hands2/Content/maps/level1/Line1789532361.ubulk" 2329
"C:/Users/Administrator/Documents/GitHub/hands2/Content/maps/level1/Line1789532361.uasset" 2330
"C:/Users/Administrator/Documents/GitHub/hands2/Content/maps/level1/Line1789532361.uexp" 2331
"C:/Users/Administrator/Documents/GitHub/hands2/Content/maps/level1/Line1789532360.ubulk" 2332
"C:/Users/Administrator/Documents/GitHub/hands2/Content/maps/level1/Line1789532360.uasset" 2333
"C:/Users/Administrator/Documents/GitHub/hands2/Content/maps/level1/Line1789532360.uexp" 2334
"C:/Users/Administrator/Documents/GitHub/hands2/Content/maps/level1/Line1789532359.ubulk" 2335
"C:/Users/Administrator/Documents/GitHub/hands2/Content/maps/level1/Line1789532359.uasset" 2336
"C:/Users/Administrator/Documents/GitHub/hands2/Content/maps/level1/Line1789532359.uexp" 2337
"C:/Users/Administrator/Documents/GitHub/hands2/Content/maps/level1/Line1789532290.ubulk" 2338
"C:/Users/Administrator/Documents/GitHub/hands2/Content/maps/level1/Line1789532290.uasset" 2339
"C:/Users/Administrator/Documents/GitHub/hands2/Content/maps/level1/Line1789532290.uexp" 2340
"C:/Users/Administrator/Documents/GitHub/hands2/Content/maps/level1/Line1789532289.ubulk" 2341
"C:/Users/Administrator/Documents/GitHub/hands2/Content/maps/level1/Line1789532289.uasset" 2342
"C:/Users/Administrator/Documents/GitHub/hands2/Content/maps/level1/Line1789532289.uexp" 2343
"C:/Users/Administrator/Documents/GitHub/hands2/Content/maps/level1/Line1789532287.ubulk" 2344
"C:/Users/Administrator/Documents/GitHub/hands2/Content/maps/level1/Line1789532287.uasset" 2345
"C:/Users/Administrator/Documents/GitHub/hands2/Content/maps/level1/Line1789532287.uexp" 2346
"C:/Users/Administrator/Documents/GitHub/hands2/Content/maps/level1/Line1789532286.ubulk" 2347
"C:/Users/Administrator/Documents/GitHub/hands2/Content/maps/level1/Line1789532286.uasset" 2348
"C:/Users/Administrator/Documents/GitHub/hands2/Content/maps/level1/Line1789532286.uexp" 2349
"C:/Users/Administrator/Documents/GitHub/hands2/Content/maps/level1/Line1789532285.ubulk" 2350
"C:/Users/Administrator/Documents/GitHub/hands2/Content/maps/level1/Line1789532285.uasset" 2351
"C:/Users/Administrator/Documents/GitHub/hands2/Content/maps/level1/Line1789532285.uexp" 2352
"C:/Users/Administrator/Documents/GitHub/hands2/Content/maps/level1/Line1789532284.ubulk" 2353
"C:/Users/Administrator/Documents/GitHub/hands2/Content/maps/level1/Line1789532284.uasset" 2354
"C:/Users/Administrator/Documents/GitHub/hands2/Content/maps/level1/Line1789532284.uexp" 2355
"C:/Users/Administrator/Documents/GitHub/hands2/Content/maps/level1/Line1789532280.ubulk" 2356
"C:/Users/Administrator/Documents/GitHub/hands2/Content/maps/level1/Line1789532280.uasset" 2357
"C:/Users/Administrator/Documents/GitHub/hands2/Content/maps/level1/Line1789532280.uexp" 2358
"C:/Users/Administrator/Documents/GitHub/hands2/Content/maps/level1/Line1789532278.ubulk" 2359
"C:/Users/Administrator/Documents/GitHub/hands2/Content/maps/level1/Line1789532278.uasset" 2360
"C:/Users/Administrator/Documents/GitHub/hands2/Content/maps/level1/Line1789532278.uexp" 2361
"C:/Users/Administrator/Documents/GitHub/hands2/Content/maps/level1/Line1789532277.ubulk" 2362
"C:/Users/Administrator/Documents/GitHub/hands2/Content/maps/level1/Line1789532277.uasset" 2363
"C:/Users/Administrator/Documents/GitHub/hands2/Content/maps/level1/Line1789532277.uexp" 2364
"C:/Users/Administrator/Documents/GitHub/hands2/Content/maps/level1/Line1789532275.ubulk" 2365
"C:/Users/Administrator/Documents/GitHub/hands2/Content/maps/level1/Line1789532275.uasset" 2366
"C:/Users/Administrator/Documents/GitHub/hands2/Content/maps/level1/Line1789532275.uexp" 2367
"C:/Users/Administrator/Documents/GitHub/hands2/Content/maps/level1/Cylinder017.ubulk" 2368
"C:/Users/Administrator/Documents/GitHub/hands2/Content/maps/level1/Cylinder017.uasset" 2369
"C:/Users/Administrator/Documents/GitHub/hands2/Content/maps/level1/Cylinder017.uexp" 2370
"C:/Users/Administrator/Documents/GitHub/hands2/Content/maps/level1/Box2998.ubulk" 2371
"C:/Users/Administrator/Documents/GitHub/hands2/Content/maps/level1/Box2998.uasset" 2372
"C:/Users/Administrator/Documents/GitHub/hands2/Content/maps/level1/Box2998.uexp" 2373
"C:/Users/Administrator/Documents/GitHub/hands2/Content/maps/level1/vray_Aluminium_Brushed_Clean.uasset" 2374
"C:/Users/Administrator/Documents/GitHub/hands2/Content/maps/level1/vray_Aluminium_Brushed_Clean.uexp" 2375
"C:/Users/Administrator/Documents/GitHub/hands2/Content/maps/level1/Box2994.ubulk" 2376
"C:/Users/Administrator/Documents/GitHub/hands2/Content/maps/level1/Box2994.uasset" 2377
"C:/Users/Administrator/Documents/GitHub/hands2/Content/maps/level1/Box2994.uexp" 2378
"C:/Users/Administrator/Documents/GitHub/hands2/Content/maps/level1/Box2992.ubulk" 2379
"C:/Users/Administrator/Documents/GitHub/hands2/Content/maps/level1/Box2992.uasset" 2380
"C:/Users/Administrator/Documents/GitHub/hands2/Content/maps/level1/Box2992.uexp" 2381
"C:/Users/Administrator/Documents/GitHub/hands2/Content/maps/level1/Box235.ubulk" 2382
"C:/Users/Administrator/Documents/GitHub/hands2/Content/maps/level1/Box235.uasset" 2383
"C:/Users/Administrator/Documents/GitHub/hands2/Content/maps/level1/Box235.uexp" 2384
"C:/Users/Administrator/Documents/GitHub/hands2/Content/maps/level1/vray_Material__2142151282.uasset" 2385
"C:/Users/Administrator/Documents/GitHub/hands2/Content/maps/level1/vray_Material__2142151282.uexp" 2386
"C:/Users/Administrator/Documents/GitHub/hands2/Content/maps/level1/Box13988077.ubulk" 2387
"C:/Users/Administrator/Documents/GitHub/hands2/Content/maps/level1/Box13988077.uasset" 2388
"C:/Users/Administrator/Documents/GitHub/hands2/Content/maps/level1/Box13988077.uexp" 2389
"C:/Users/Administrator/Documents/GitHub/hands2/Content/maps/level1/Box13988075.ubulk" 2390
"C:/Users/Administrator/Documents/GitHub/hands2/Content/maps/level1/Box13988075.uasset" 2391
"C:/Users/Administrator/Documents/GitHub/hands2/Content/maps/level1/Box13988075.uexp" 2392
"C:/Users/Administrator/Documents/GitHub/hands2/Content/maps/level1/high-gas-stove/Materials/vray_Material__34.uasset" 2393
"C:/Users/Administrator/Documents/GitHub/hands2/Content/maps/level1/high-gas-stove/Materials/vray_Material__34.uexp" 2394
"C:/Users/Administrator/Documents/GitHub/hands2/Content/maps/level1/Box13988035.ubulk" 2395
"C:/Users/Administrator/Documents/GitHub/hands2/Content/maps/level1/Box13988035.uasset" 2396
"C:/Users/Administrator/Documents/GitHub/hands2/Content/maps/level1/Box13988035.uexp" 2397
"C:/Users/Administrator/Documents/GitHub/hands2/Content/maps/level1/vray_steklo_ob.uasset" 2398
"C:/Users/Administrator/Documents/GitHub/hands2/Content/maps/level1/vray_steklo_ob.uexp" 2399
"C:/Users/Administrator/Documents/GitHub/hands2/Content/maps/level1/Box13988032.ubulk" 2400
"C:/Users/Administrator/Documents/GitHub/hands2/Content/maps/level1/Box13988032.uasset" 2401
"C:/Users/Administrator/Documents/GitHub/hands2/Content/maps/level1/Box13988032.uexp" 2402
"C:/Users/Administrator/Documents/GitHub/hands2/Content/maps/level1/Box13988031.ubulk" 2403
"C:/Users/Administrator/Documents/GitHub/hands2/Content/maps/level1/Box13988031.uasset" 2404
"C:/Users/Administrator/Documents/GitHub/hands2/Content/maps/level1/Box13988031.uexp" 2405
"C:/Users/Administrator/Documents/GitHub/hands2/Content/maps/level1/Box13988030.ubulk" 2406
"C:/Users/Administrator/Documents/GitHub/hands2/Content/maps/level1/Box13988030.uasset" 2407
"C:/Users/Administrator/Documents/GitHub/hands2/Content/maps/level1/Box13988030.uexp" 2408
"C:/Users/Administrator/Documents/GitHub/hands2/Content/maps/level1/Box13988029.ubulk" 2409
"C:/Users/Administrator/Documents/GitHub/hands2/Content/maps/level1/Box13988029.uasset" 2410
"C:/Users/Administrator/Documents/GitHub/hands2/Content/maps/level1/Box13988029.uexp" 2411
"C:/Users/Administrator/Documents/GitHub/hands2/Content/maps/level1/Box13988028.ubulk" 2412
"C:/Users/Administrator/Documents/GitHub/hands2/Content/maps/level1/Box13988028.uasset" 2413
"C:/Users/Administrator/Documents/GitHub/hands2/Content/maps/level1/Box13988028.uexp" 2414
"C:/Users/Administrator/Documents/GitHub/hands2/Content/maps/level1/Box13988027.ubulk" 2415
"C:/Users/Administrator/Documents/GitHub/hands2/Content/maps/level1/Box13988027.uasset" 2416
"C:/Users/Administrator/Documents/GitHub/hands2/Content/maps/level1/Box13988027.uexp" 2417
"C:/Users/Administrator/Documents/GitHub/hands2/Content/maps/level1/Box13988026.ubulk" 2418
"C:/Users/Administrator/Documents/GitHub/hands2/Content/maps/level1/Box13988026.uasset" 2419
"C:/Users/Administrator/Documents/GitHub/hands2/Content/maps/level1/Box13988026.uexp" 2420
"C:/Users/Administrator/Documents/GitHub/hands2/Content/maps/level1/Box13988025.ubulk" 2421
"C:/Users/Administrator/Documents/GitHub/hands2/Content/maps/level1/Box13988025.uasset" 2422
"C:/Users/Administrator/Documents/GitHub/hands2/Content/maps/level1/Box13988025.uexp" 2423
"C:/Users/Administrator/Documents/GitHub/hands2/Content/maps/level1/Box13988024.ubulk" 2424
"C:/Users/Administrator/Documents/GitHub/hands2/Content/maps/level1/Box13988024.uasset" 2425
"C:/Users/Administrator/Documents/GitHub/hands2/Content/maps/level1/Box13988024.uexp" 2426
"C:/Users/Administrator/Documents/GitHub/hands2/Content/maps/level1/Box13988023.ubulk" 2427
"C:/Users/Administrator/Documents/GitHub/hands2/Content/maps/level1/Box13988023.uasset" 2428
"C:/Users/Administrator/Documents/GitHub/hands2/Content/maps/level1/Box13988023.uexp" 2429
"C:/Users/Administrator/Documents/GitHub/hands2/Content/maps/level1/Box13988022.ubulk" 2430
"C:/Users/Administrator/Documents/GitHub/hands2/Content/maps/level1/Box13988022.uasset" 2431
"C:/Users/Administrator/Documents/GitHub/hands2/Content/maps/level1/Box13988022.uexp" 2432
"C:/Users/Administrator/Documents/GitHub/hands2/Content/maps/level1/Box13988021.ubulk" 2433
"C:/Users/Administrator/Documents/GitHub/hands2/Content/maps/level1/Box13988021.uasset" 2434
"C:/Users/Administrator/Documents/GitHub/hands2/Content/maps/level1/Box13988021.uexp" 2435
"C:/Users/Administrator/Documents/GitHub/hands2/Content/maps/level1/Box13988019.ubulk" 2436
"C:/Users/Administrator/Documents/GitHub/hands2/Content/maps/level1/Box13988019.uasset" 2437
"C:/Users/Administrator/Documents/GitHub/hands2/Content/maps/level1/Box13988019.uexp" 2438
"C:/Users/Administrator/Documents/GitHub/hands2/Content/maps/level1/Box13988018.ubulk" 2439
"C:/Users/Administrator/Documents/GitHub/hands2/Content/maps/level1/Box13988018.uasset" 2440
"C:/Users/Administrator/Documents/GitHub/hands2/Content/maps/level1/Box13988018.uexp" 2441
"C:/Users/Administrator/Documents/GitHub/hands2/Content/maps/level1/Box13988017.ubulk" 2442
"C:/Users/Administrator/Documents/GitHub/hands2/Content/maps/level1/Box13988017.uasset" 2443
"C:/Users/Administrator/Documents/GitHub/hands2/Content/maps/level1/Box13988017.uexp" 2444
"C:/Users/Administrator/Documents/GitHub/hands2/Content/maps/level1/Box13988016.ubulk" 2445
"C:/Users/Administrator/Documents/GitHub/hands2/Content/maps/level1/Box13988016.uasset" 2446
"C:/Users/Administrator/Documents/GitHub/hands2/Content/maps/level1/Box13988016.uexp" 2447
"C:/Users/Administrator/Documents/GitHub/hands2/Content/maps/level1/Box13987950.ubulk" 2448
"C:/Users/Administrator/Documents/GitHub/hands2/Content/maps/level1/Box13987950.uasset" 2449
"C:/Users/Administrator/Documents/GitHub/hands2/Content/maps/level1/Box13987950.uexp" 2450
"C:/Users/Administrator/Documents/GitHub/hands2/Content/maps/level1/Box13987951.ubulk" 2451
"C:/Users/Administrator/Documents/GitHub/hands2/Content/maps/level1/Box13987951.uasset" 2452
"C:/Users/Administrator/Documents/GitHub/hands2/Content/maps/level1/Box13987951.uexp" 2453
"C:/Users/Administrator/Documents/GitHub/hands2/Content/maps/level1/Box13987952.ubulk" 2454
"C:/Users/Administrator/Documents/GitHub/hands2/Content/maps/level1/Box13987952.uasset" 2455
"C:/Users/Administrator/Documents/GitHub/hands2/Content/maps/level1/Box13987952.uexp" 2456
"C:/Users/Administrator/Documents/GitHub/hands2/Content/maps/level1/Box13987953.ubulk" 2457
"C:/Users/Administrator/Documents/GitHub/hands2/Content/maps/level1/Box13987953.uasset" 2458
"C:/Users/Administrator/Documents/GitHub/hands2/Content/maps/level1/Box13987953.uexp" 2459
"C:/Users/Administrator/Documents/GitHub/hands2/Content/maps/level1/Box13987954.ubulk" 2460
"C:/Users/Administrator/Documents/GitHub/hands2/Content/maps/level1/Box13987954.uasset" 2461
"C:/Users/Administrator/Documents/GitHub/hands2/Content/maps/level1/Box13987954.uexp" 2462
"C:/Users/Administrator/Documents/GitHub/hands2/Content/maps/level1/Box13987955.ubulk" 2463
"C:/Users/Administrator/Documents/GitHub/hands2/Content/maps/level1/Box13987955.uasset" 2464
"C:/Users/Administrator/Documents/GitHub/hands2/Content/maps/level1/Box13987955.uexp" 2465
"C:/Users/Administrator/Documents/GitHub/hands2/Content/maps/level1/Box13987957.ubulk" 2466
"C:/Users/Administrator/Documents/GitHub/hands2/Content/maps/level1/Box13987957.uasset" 2467
"C:/Users/Administrator/Documents/GitHub/hands2/Content/maps/level1/Box13987957.uexp" 2468
"C:/Users/Administrator/Documents/GitHub/hands2/Content/maps/level1/Box13987961.ubulk" 2469
"C:/Users/Administrator/Documents/GitHub/hands2/Content/maps/level1/Box13987961.uasset" 2470
"C:/Users/Administrator/Documents/GitHub/hands2/Content/maps/level1/Box13987961.uexp" 2471
"C:/Users/Administrator/Documents/GitHub/hands2/Content/maps/level1/Box13987962.ubulk" 2472
"C:/Users/Administrator/Documents/GitHub/hands2/Content/maps/level1/Box13987962.uasset" 2473
"C:/Users/Administrator/Documents/GitHub/hands2/Content/maps/level1/Box13987962.uexp" 2474
"C:/Users/Administrator/Documents/GitHub/hands2/Content/maps/level1/Box13987963.ubulk" 2475
"C:/Users/Administrator/Documents/GitHub/hands2/Content/maps/level1/Box13987963.uasset" 2476
"C:/Users/Administrator/Documents/GitHub/hands2/Content/maps/level1/Box13987963.uexp" 2477
"C:/Users/Administrator/Documents/GitHub/hands2/Content/maps/level1/Box13987964.ubulk" 2478
"C:/Users/Administrator/Documents/GitHub/hands2/Content/maps/level1/Box13987964.uasset" 2479
"C:/Users/Administrator/Documents/GitHub/hands2/Content/maps/level1/Box13987964.uexp" 2480
"C:/Users/Administrator/Documents/GitHub/hands2/Content/maps/level1/Box13987965.ubulk" 2481
"C:/Users/Administrator/Documents/GitHub/hands2/Content/maps/level1/Box13987965.uasset" 2482
"C:/Users/Administrator/Documents/GitHub/hands2/Content/maps/level1/Box13987965.uexp" 2483
"C:/Users/Administrator/Documents/GitHub/hands2/Content/maps/level1/Box13987967.ubulk" 2484
"C:/Users/Administrator/Documents/GitHub/hands2/Content/maps/level1/Box13987967.uasset" 2485
"C:/Users/Administrator/Documents/GitHub/hands2/Content/maps/level1/Box13987967.uexp" 2486
"C:/Users/Administrator/Documents/GitHub/hands2/Content/maps/level1/Box13987968.ubulk" 2487
"C:/Users/Administrator/Documents/GitHub/hands2/Content/maps/level1/Box13987968.uasset" 2488
"C:/Users/Administrator/Documents/GitHub/hands2/Content/maps/level1/Box13987968.uexp" 2489
"C:/Users/Administrator/Documents/GitHub/hands2/Content/maps/level1/Box13987970.ubulk" 2490
"C:/Users/Administrator/Documents/GitHub/hands2/Content/maps/level1/Box13987970.uasset" 2491
"C:/Users/Administrator/Documents/GitHub/hands2/Content/maps/level1/Box13987970.uexp" 2492
"C:/Users/Administrator/Documents/GitHub/hands2/Content/maps/level1/Box13987971.ubulk" 2493
"C:/Users/Administrator/Documents/GitHub/hands2/Content/maps/level1/Box13987971.uasset" 2494
"C:/Users/Administrator/Documents/GitHub/hands2/Content/maps/level1/Box13987971.uexp" 2495
"C:/Users/Administrator/Documents/GitHub/hands2/Content/maps/level1/Box13987972.ubulk" 2496
"C:/Users/Administrator/Documents/GitHub/hands2/Content/maps/level1/Box13987972.uasset" 2497
"C:/Users/Administrator/Documents/GitHub/hands2/Content/maps/level1/Box13987972.uexp" 2498
"C:/Users/Administrator/Documents/GitHub/hands2/Content/maps/level1/Box13987973.ubulk" 2499
"C:/Users/Administrator/Documents/GitHub/hands2/Content/maps/level1/Box13987973.uasset" 2500
"C:/Users/Administrator/Documents/GitHub/hands2/Content/maps/level1/Box13987973.uexp" 2501
"C:/Users/Administrator/Documents/GitHub/hands2/Content/maps/level1/Box13987974.ubulk" 2502
"C:/Users/Administrator/Documents/GitHub/hands2/Content/maps/level1/Box13987974.uasset" 2503
"C:/Users/Administrator/Documents/GitHub/hands2/Content/maps/level1/Box13987974.uexp" 2504
"C:/Users/Administrator/Documents/GitHub/hands2/Content/maps/level1/Box13987975.ubulk" 2505
"C:/Users/Administrator/Documents/GitHub/hands2/Content/maps/level1/Box13987975.uasset" 2506
"C:/Users/Administrator/Documents/GitHub/hands2/Content/maps/level1/Box13987975.uexp" 2507
"C:/Users/Administrator/Documents/GitHub/hands2/Content/maps/level1/Box13987984.ubulk" 2508
"C:/Users/Administrator/Documents/GitHub/hands2/Content/maps/level1/Box13987984.uasset" 2509
"C:/Users/Administrator/Documents/GitHub/hands2/Content/maps/level1/Box13987984.uexp" 2510
"C:/Users/Administrator/Documents/GitHub/hands2/Content/maps/level1/Box13987988.ubulk" 2511
"C:/Users/Administrator/Documents/GitHub/hands2/Content/maps/level1/Box13987988.uasset" 2512
"C:/Users/Administrator/Documents/GitHub/hands2/Content/maps/level1/Box13987988.uexp" 2513
"C:/Users/Administrator/Documents/GitHub/hands2/Content/maps/level1/Box13987989.ubulk" 2514
"C:/Users/Administrator/Documents/GitHub/hands2/Content/maps/level1/Box13987989.uasset" 2515
"C:/Users/Administrator/Documents/GitHub/hands2/Content/maps/level1/Box13987989.uexp" 2516
"C:/Users/Administrator/Documents/GitHub/hands2/Content/maps/level1/Box13987990.ubulk" 2517
"C:/Users/Administrator/Documents/GitHub/hands2/Content/maps/level1/Box13987990.uasset" 2518
"C:/Users/Administrator/Documents/GitHub/hands2/Content/maps/level1/Box13987990.uexp" 2519
"C:/Users/Administrator/Documents/GitHub/hands2/Content/maps/level1/Box13987991.ubulk" 2520
"C:/Users/Administrator/Documents/GitHub/hands2/Content/maps/level1/Box13987991.uasset" 2521
"C:/Users/Administrator/Documents/GitHub/hands2/Content/maps/level1/Box13987991.uexp" 2522
"C:/Users/Administrator/Documents/GitHub/hands2/Content/maps/level1/Box13987992.ubulk" 2523
"C:/Users/Administrator/Documents/GitHub/hands2/Content/maps/level1/Box13987992.uasset" 2524
"C:/Users/Administrator/Documents/GitHub/hands2/Content/maps/level1/Box13987992.uexp" 2525
"C:/Users/Administrator/Documents/GitHub/hands2/Content/maps/level1/Box13987995.ubulk" 2526
"C:/Users/Administrator/Documents/GitHub/hands2/Content/maps/level1/Box13987995.uasset" 2527
"C:/Users/Administrator/Documents/GitHub/hands2/Content/maps/level1/Box13987995.uexp" 2528
"C:/Users/Administrator/Documents/GitHub/hands2/Content/maps/level1/Box13987996.ubulk" 2529
"C:/Users/Administrator/Documents/GitHub/hands2/Content/maps/level1/Box13987996.uasset" 2530
"C:/Users/Administrator/Documents/GitHub/hands2/Content/maps/level1/Box13987996.uexp" 2531
"C:/Users/Administrator/Documents/GitHub/hands2/Content/maps/level1/Box13987997.ubulk" 2532
"C:/Users/Administrator/Documents/GitHub/hands2/Content/maps/level1/Box13987997.uasset" 2533
"C:/Users/Administrator/Documents/GitHub/hands2/Content/maps/level1/Box13987997.uexp" 2534
"C:/Users/Administrator/Documents/GitHub/hands2/Content/maps/level1/Box13987998.ubulk" 2535
"C:/Users/Administrator/Documents/GitHub/hands2/Content/maps/level1/Box13987998.uasset" 2536
"C:/Users/Administrator/Documents/GitHub/hands2/Content/maps/level1/Box13987998.uexp" 2537
"C:/Users/Administrator/Documents/GitHub/hands2/Content/maps/level1/Box13987999.ubulk" 2538
"C:/Users/Administrator/Documents/GitHub/hands2/Content/maps/level1/Box13987999.uasset" 2539
"C:/Users/Administrator/Documents/GitHub/hands2/Content/maps/level1/Box13987999.uexp" 2540
"C:/Users/Administrator/Documents/GitHub/hands2/Content/maps/level1/Box13988000.ubulk" 2541
"C:/Users/Administrator/Documents/GitHub/hands2/Content/maps/level1/Box13988000.uasset" 2542
"C:/Users/Administrator/Documents/GitHub/hands2/Content/maps/level1/Box13988000.uexp" 2543
"C:/Users/Administrator/Documents/GitHub/hands2/Content/maps/level1/Box13988001.ubulk" 2544
"C:/Users/Administrator/Documents/GitHub/hands2/Content/maps/level1/Box13988001.uasset" 2545
"C:/Users/Administrator/Documents/GitHub/hands2/Content/maps/level1/Box13988001.uexp" 2546
"C:/Users/Administrator/Documents/GitHub/hands2/Content/maps/level1/Box13988003.ubulk" 2547
"C:/Users/Administrator/Documents/GitHub/hands2/Content/maps/level1/Box13988003.uasset" 2548
"C:/Users/Administrator/Documents/GitHub/hands2/Content/maps/level1/Box13988003.uexp" 2549
"C:/Users/Administrator/Documents/GitHub/hands2/Content/maps/level1/vray_Material__2142151271.uasset" 2550
"C:/Users/Administrator/Documents/GitHub/hands2/Content/maps/level1/vray_Material__2142151271.uexp" 2551
"C:/Users/Administrator/Documents/GitHub/hands2/Content/maps/level1/vray_Material__2142151272.uasset" 2552
"C:/Users/Administrator/Documents/GitHub/hands2/Content/maps/level1/vray_Material__2142151272.uexp" 2553
"C:/Users/Administrator/Documents/GitHub/hands2/Content/maps/level1/vray_Material__2142151273.uasset" 2554
"C:/Users/Administrator/Documents/GitHub/hands2/Content/maps/level1/vray_Material__2142151273.uexp" 2555
"C:/Users/Administrator/Documents/GitHub/hands2/Content/maps/level1/vray_Material__2142151275.uasset" 2556
"C:/Users/Administrator/Documents/GitHub/hands2/Content/maps/level1/vray_Material__2142151275.uexp" 2557
"C:/Users/Administrator/Documents/GitHub/hands2/Content/maps/level1/vray_Material__2142151276.uasset" 2558
"C:/Users/Administrator/Documents/GitHub/hands2/Content/maps/level1/vray_Material__2142151276.uexp" 2559
"C:/Users/Administrator/Documents/GitHub/hands2/Content/maps/level1/vray_Material__2142151277.uasset" 2560
"C:/Users/Administrator/Documents/GitHub/hands2/Content/maps/level1/vray_Material__2142151277.uexp" 2561
"C:/Users/Administrator/Documents/GitHub/hands2/Content/maps/level1/Box13988004.ubulk" 2562
"C:/Users/Administrator/Documents/GitHub/hands2/Content/maps/level1/Box13988004.uasset" 2563
"C:/Users/Administrator/Documents/GitHub/hands2/Content/maps/level1/Box13988004.uexp" 2564
"C:/Users/Administrator/Documents/GitHub/hands2/Content/maps/level1/Box13988007.ubulk" 2565
"C:/Users/Administrator/Documents/GitHub/hands2/Content/maps/level1/Box13988007.uasset" 2566
"C:/Users/Administrator/Documents/GitHub/hands2/Content/maps/level1/Box13988007.uexp" 2567
"C:/Users/Administrator/Documents/GitHub/hands2/Content/maps/level1/Box13988008.ubulk" 2568
"C:/Users/Administrator/Documents/GitHub/hands2/Content/maps/level1/Box13988008.uasset" 2569
"C:/Users/Administrator/Documents/GitHub/hands2/Content/maps/level1/Box13988008.uexp" 2570
"C:/Users/Administrator/Documents/GitHub/hands2/Content/maps/level1/Box13988009.ubulk" 2571
"C:/Users/Administrator/Documents/GitHub/hands2/Content/maps/level1/Box13988009.uasset" 2572
"C:/Users/Administrator/Documents/GitHub/hands2/Content/maps/level1/Box13988009.uexp" 2573
"C:/Users/Administrator/Documents/GitHub/hands2/Content/maps/level1/Box13988010.ubulk" 2574
"C:/Users/Administrator/Documents/GitHub/hands2/Content/maps/level1/Box13988010.uasset" 2575
"C:/Users/Administrator/Documents/GitHub/hands2/Content/maps/level1/Box13988010.uexp" 2576
"C:/Users/Administrator/Documents/GitHub/hands2/Content/maps/level1/Box13988011.ubulk" 2577
"C:/Users/Administrator/Documents/GitHub/hands2/Content/maps/level1/Box13988011.uasset" 2578
"C:/Users/Administrator/Documents/GitHub/hands2/Content/maps/level1/Box13988011.uexp" 2579
"C:/Users/Administrator/Documents/GitHub/hands2/Content/maps/level1/Box13988013.ubulk" 2580
"C:/Users/Administrator/Documents/GitHub/hands2/Content/maps/level1/Box13988013.uasset" 2581
"C:/Users/Administrator/Documents/GitHub/hands2/Content/maps/level1/Box13988013.uexp" 2582
"C:/Users/Administrator/Documents/GitHub/hands2/Content/maps/level1/Box13988014.ubulk" 2583
"C:/Users/Administrator/Documents/GitHub/hands2/Content/maps/level1/Box13988014.uasset" 2584
"C:/Users/Administrator/Documents/GitHub/hands2/Content/maps/level1/Box13988014.uexp" 2585
"C:/Users/Administrator/Documents/GitHub/hands2/Content/maps/level1/Box13988015.ubulk" 2586
"C:/Users/Administrator/Documents/GitHub/hands2/Content/maps/level1/Box13988015.uasset" 2587
"C:/Users/Administrator/Documents/GitHub/hands2/Content/maps/level1/Box13988015.uexp" 2588
"C:/Users/Administrator/Documents/GitHub/hands2/Content/maps/level1/high-gas-stove/Textures/frik.ubulk" 2589
"C:/Users/Administrator/Documents/GitHub/hands2/Content/maps/level1/high-gas-stove/Textures/frik.uasset" 2590
"C:/Users/Administrator/Documents/GitHub/hands2/Content/maps/level1/high-gas-stove/Textures/frik.uexp" 2591
"C:/Users/Administrator/Documents/GitHub/hands2/Content/maps/level1/high-gas-stove/Materials/vray_Material__58.uasset" 2592
"C:/Users/Administrator/Documents/GitHub/hands2/Content/maps/level1/high-gas-stove/Materials/vray_Material__58.uexp" 2593
"C:/Users/Administrator/Documents/GitHub/hands2/Content/maps/level1/high-gas-stove/Materials/vray_frik.uasset" 2594
"C:/Users/Administrator/Documents/GitHub/hands2/Content/maps/level1/high-gas-stove/Materials/vray_frik.uexp" 2595
"C:/Users/Administrator/Documents/GitHub/hands2/Content/maps/level1/high-gas-stove/StaticMeshes/Cylinder016.ubulk" 2596
"C:/Users/Administrator/Documents/GitHub/hands2/Content/maps/level1/high-gas-stove/StaticMeshes/Cylinder016.uasset" 2597
"C:/Users/Administrator/Documents/GitHub/hands2/Content/maps/level1/high-gas-stove/StaticMeshes/Cylinder016.uexp" 2598
"C:/Users/Administrator/Documents/GitHub/hands2/Content/maps/level1/high-gas-stove/bluprint/BP_knob.uasset" 2599
"C:/Users/Administrator/Documents/GitHub/hands2/Content/maps/level1/high-gas-stove/bluprint/BP_knob.uexp" 2600
"C:/Users/Administrator/Documents/GitHub/hands2/Content/maps/level7/INT_proverca.uasset" 2601
"C:/Users/Administrator/Documents/GitHub/hands2/Content/maps/level7/INT_proverca.uexp" 2602
"C:/Users/Administrator/Documents/GitHub/hands2/Content/M5VFXVOL2/Niagara/GASTEXT.uasset" 2603
"C:/Users/Administrator/Documents/GitHub/hands2/Content/M5VFXVOL2/Niagara/GASTEXT.uexp" 2604
"C:/Users/Administrator/Documents/GitHub/hands2/Content/M5VFXVOL2/Niagara/GAS.uasset" 2605
"C:/Users/Administrator/Documents/GitHub/hands2/Content/M5VFXVOL2/Niagara/GAS.uexp" 2606
"C:/Users/Administrator/Documents/GitHub/hands2/Content/maps/level1/high-gas-stove/Materials/vray_krishka.uasset" 2607
"C:/Users/Administrator/Documents/GitHub/hands2/Content/maps/level1/high-gas-stove/Materials/vray_krishka.uexp" 2608
"C:/Users/Administrator/Documents/GitHub/hands2/Content/maps/level1/high-gas-stove/StaticMeshes/Rectangle014.ubulk" 2609
"C:/Users/Administrator/Documents/GitHub/hands2/Content/maps/level1/high-gas-stove/StaticMeshes/Rectangle014.uasset" 2610
"C:/Users/Administrator/Documents/GitHub/hands2/Content/maps/level1/high-gas-stove/StaticMeshes/Rectangle014.uexp" 2611
"C:/Users/Administrator/Documents/GitHub/hands2/Content/maps/level1/high-gas-stove/Materials/vray_canc.uasset" 2612
"C:/Users/Administrator/Documents/GitHub/hands2/Content/maps/level1/high-gas-stove/Materials/vray_canc.uexp" 2613
"C:/Users/Administrator/Documents/GitHub/hands2/Content/maps/level1/high-gas-stove/StaticMeshes/Rectangle012.ubulk" 2614
"C:/Users/Administrator/Documents/GitHub/hands2/Content/maps/level1/high-gas-stove/StaticMeshes/Rectangle012.uasset" 2615
"C:/Users/Administrator/Documents/GitHub/hands2/Content/maps/level1/high-gas-stove/StaticMeshes/Rectangle012.uexp" 2616
"C:/Users/Administrator/Documents/GitHub/hands2/Content/maps/level1/high-gas-stove/StaticMeshes/Rectangle009.ubulk" 2617
"C:/Users/Administrator/Documents/GitHub/hands2/Content/maps/level1/high-gas-stove/StaticMeshes/Rectangle009.uasset" 2618
"C:/Users/Administrator/Documents/GitHub/hands2/Content/maps/level1/high-gas-stove/StaticMeshes/Rectangle009.uexp" 2619
"C:/Users/Administrator/Documents/GitHub/hands2/Content/maps/level1/high-gas-stove/StaticMeshes/Rectangle008.ubulk" 2620
"C:/Users/Administrator/Documents/GitHub/hands2/Content/maps/level1/high-gas-stove/StaticMeshes/Rectangle008.uasset" 2621
"C:/Users/Administrator/Documents/GitHub/hands2/Content/maps/level1/high-gas-stove/StaticMeshes/Rectangle008.uexp" 2622
"C:/Users/Administrator/Documents/GitHub/hands2/Content/maps/level1/high-gas-stove/StaticMeshes/Rectangle007.ubulk" 2623
"C:/Users/Administrator/Documents/GitHub/hands2/Content/maps/level1/high-gas-stove/StaticMeshes/Rectangle007.uasset" 2624
"C:/Users/Administrator/Documents/GitHub/hands2/Content/maps/level1/high-gas-stove/StaticMeshes/Rectangle007.uexp" 2625
"C:/Users/Administrator/Documents/GitHub/hands2/Content/maps/level1/high-gas-stove/StaticMeshes/Rectangle006.ubulk" 2626
"C:/Users/Administrator/Documents/GitHub/hands2/Content/maps/level1/high-gas-stove/StaticMeshes/Rectangle006.uasset" 2627
"C:/Users/Administrator/Documents/GitHub/hands2/Content/maps/level1/high-gas-stove/StaticMeshes/Rectangle006.uexp" 2628
"C:/Users/Administrator/Documents/GitHub/hands2/Content/maps/level1/high-gas-stove/Materials/vray_Material__59.uasset" 2629
"C:/Users/Administrator/Documents/GitHub/hands2/Content/maps/level1/high-gas-stove/Materials/vray_Material__59.uexp" 2630
"C:/Users/Administrator/Documents/GitHub/hands2/Content/maps/level1/high-gas-stove/Materials/vray_Material__61.uasset" 2631
"C:/Users/Administrator/Documents/GitHub/hands2/Content/maps/level1/high-gas-stove/Materials/vray_Material__61.uexp" 2632
"C:/Users/Administrator/Documents/GitHub/hands2/Content/maps/level1/high-gas-stove/StaticMeshes/Rectangle001.ubulk" 2633
"C:/Users/Administrator/Documents/GitHub/hands2/Content/maps/level1/high-gas-stove/StaticMeshes/Rectangle001.uasset" 2634
"C:/Users/Administrator/Documents/GitHub/hands2/Content/maps/level1/high-gas-stove/StaticMeshes/Rectangle001.uexp" 2635
"C:/Users/Administrator/Documents/GitHub/hands2/Content/maps/level1/high-gas-stove/Materials/vray_ahki_verevy_unq_ka.uasset" 2636
"C:/Users/Administrator/Documents/GitHub/hands2/Content/maps/level1/high-gas-stove/Materials/vray_ahki_verevy_unq_ka.uexp" 2637
"C:/Users/Administrator/Documents/GitHub/hands2/Content/maps/level1/high-gas-stove/StaticMeshes/Object010.ubulk" 2638
"C:/Users/Administrator/Documents/GitHub/hands2/Content/maps/level1/high-gas-stove/StaticMeshes/Object010.uasset" 2639
"C:/Users/Administrator/Documents/GitHub/hands2/Content/maps/level1/high-gas-stove/StaticMeshes/Object010.uexp" 2640
"C:/Users/Administrator/Documents/GitHub/hands2/Content/maps/level1/high-gas-stove/StaticMeshes/Object005.ubulk" 2641
"C:/Users/Administrator/Documents/GitHub/hands2/Content/maps/level1/high-gas-stove/StaticMeshes/Object005.uasset" 2642
"C:/Users/Administrator/Documents/GitHub/hands2/Content/maps/level1/high-gas-stove/StaticMeshes/Object005.uexp" 2643
"C:/Users/Administrator/Documents/GitHub/hands2/Content/maps/level1/high-gas-stove/StaticMeshes/Object003.ubulk" 2644
"C:/Users/Administrator/Documents/GitHub/hands2/Content/maps/level1/high-gas-stove/StaticMeshes/Object003.uasset" 2645
"C:/Users/Administrator/Documents/GitHub/hands2/Content/maps/level1/high-gas-stove/StaticMeshes/Object003.uexp" 2646
"C:/Users/Administrator/Documents/GitHub/hands2/Content/maps/level1/high-gas-stove/StaticMeshes/Object002.ubulk" 2647
"C:/Users/Administrator/Documents/GitHub/hands2/Content/maps/level1/high-gas-stove/StaticMeshes/Object002.uasset" 2648
"C:/Users/Administrator/Documents/GitHub/hands2/Content/maps/level1/high-gas-stove/StaticMeshes/Object002.uexp" 2649
"C:/Users/Administrator/Documents/GitHub/hands2/Content/maps/level1/high-gas-stove/Materials/vray_Material__152.uasset" 2650
"C:/Users/Administrator/Documents/GitHub/hands2/Content/maps/level1/high-gas-stove/Materials/vray_Material__152.uexp" 2651
"C:/Users/Administrator/Documents/GitHub/hands2/Content/maps/level1/high-gas-stove/StaticMeshes/Cylinder030.ubulk" 2652
"C:/Users/Administrator/Documents/GitHub/hands2/Content/maps/level1/high-gas-stove/StaticMeshes/Cylinder030.uasset" 2653
"C:/Users/Administrator/Documents/GitHub/hands2/Content/maps/level1/high-gas-stove/StaticMeshes/Cylinder030.uexp" 2654
"C:/Users/Administrator/Documents/GitHub/hands2/Content/maps/level1/high-gas-stove/StaticMeshes/Cylinder029.ubulk" 2655
"C:/Users/Administrator/Documents/GitHub/hands2/Content/maps/level1/high-gas-stove/StaticMeshes/Cylinder029.uasset" 2656
"C:/Users/Administrator/Documents/GitHub/hands2/Content/maps/level1/high-gas-stove/StaticMeshes/Cylinder029.uexp" 2657
"C:/Users/Administrator/Documents/GitHub/hands2/Content/maps/level1/high-gas-stove/StaticMeshes/Cylinder028.ubulk" 2658
"C:/Users/Administrator/Documents/GitHub/hands2/Content/maps/level1/high-gas-stove/StaticMeshes/Cylinder028.uasset" 2659
"C:/Users/Administrator/Documents/GitHub/hands2/Content/maps/level1/high-gas-stove/StaticMeshes/Cylinder028.uexp" 2660
"C:/Users/Administrator/Documents/GitHub/hands2/Content/maps/level1/high-gas-stove/StaticMeshes/Cylinder027.ubulk" 2661
"C:/Users/Administrator/Documents/GitHub/hands2/Content/maps/level1/high-gas-stove/StaticMeshes/Cylinder027.uasset" 2662
"C:/Users/Administrator/Documents/GitHub/hands2/Content/maps/level1/high-gas-stove/StaticMeshes/Cylinder027.uexp" 2663
"C:/Users/Administrator/Documents/GitHub/hands2/Content/maps/level1/high-gas-stove/StaticMeshes/Cylinder026.ubulk" 2664
"C:/Users/Administrator/Documents/GitHub/hands2/Content/maps/level1/high-gas-stove/StaticMeshes/Cylinder026.uasset" 2665
"C:/Users/Administrator/Documents/GitHub/hands2/Content/maps/level1/high-gas-stove/StaticMeshes/Cylinder026.uexp" 2666
"C:/Users/Administrator/Documents/GitHub/hands2/Content/maps/level1/high-gas-stove/StaticMeshes/Cylinder025.ubulk" 2667
"C:/Users/Administrator/Documents/GitHub/hands2/Content/maps/level1/high-gas-stove/StaticMeshes/Cylinder025.uasset" 2668
"C:/Users/Administrator/Documents/GitHub/hands2/Content/maps/level1/high-gas-stove/StaticMeshes/Cylinder025.uexp" 2669
"C:/Users/Administrator/Documents/GitHub/hands2/Content/maps/level1/high-gas-stove/StaticMeshes/Cylinder024.ubulk" 2670
"C:/Users/Administrator/Documents/GitHub/hands2/Content/maps/level1/high-gas-stove/StaticMeshes/Cylinder024.uasset" 2671
"C:/Users/Administrator/Documents/GitHub/hands2/Content/maps/level1/high-gas-stove/StaticMeshes/Cylinder024.uexp" 2672
"C:/Users/Administrator/Documents/GitHub/hands2/Content/maps/level1/high-gas-stove/StaticMeshes/Cylinder023.ubulk" 2673
"C:/Users/Administrator/Documents/GitHub/hands2/Content/maps/level1/high-gas-stove/StaticMeshes/Cylinder023.uasset" 2674
"C:/Users/Administrator/Documents/GitHub/hands2/Content/maps/level1/high-gas-stove/StaticMeshes/Cylinder023.uexp" 2675
"C:/Users/Administrator/Documents/GitHub/hands2/Content/maps/level1/high-gas-stove/Materials/vray_Material__32.uasset" 2676
"C:/Users/Administrator/Documents/GitHub/hands2/Content/maps/level1/high-gas-stove/Materials/vray_Material__32.uexp" 2677
"C:/Users/Administrator/Documents/GitHub/hands2/Content/maps/level1/high-gas-stove/Materials/vray_Material__139.uasset" 2678
"C:/Users/Administrator/Documents/GitHub/hands2/Content/maps/level1/high-gas-stove/Materials/vray_Material__139.uexp" 2679
"C:/Users/Administrator/Documents/GitHub/hands2/Content/maps/level1/high-gas-stove/StaticMeshes/Cylinder022.ubulk" 2680
"C:/Users/Administrator/Documents/GitHub/hands2/Content/maps/level1/high-gas-stove/StaticMeshes/Cylinder022.uasset" 2681
"C:/Users/Administrator/Documents/GitHub/hands2/Content/maps/level1/high-gas-stove/StaticMeshes/Cylinder022.uexp" 2682
"C:/Users/Administrator/Documents/GitHub/hands2/Content/maps/level1/high-gas-stove/Materials/vray_Material__33.uasset" 2683
"C:/Users/Administrator/Documents/GitHub/hands2/Content/maps/level1/high-gas-stove/Materials/vray_Material__33.uexp" 2684
"C:/Users/Administrator/Documents/GitHub/hands2/Content/maps/level1/high-gas-stove/StaticMeshes/Cylinder021.ubulk" 2685
"C:/Users/Administrator/Documents/GitHub/hands2/Content/maps/level1/high-gas-stove/StaticMeshes/Cylinder021.uasset" 2686
"C:/Users/Administrator/Documents/GitHub/hands2/Content/maps/level1/high-gas-stove/StaticMeshes/Cylinder021.uexp" 2687
"C:/Users/Administrator/Documents/GitHub/hands2/Content/maps/level1/high-gas-stove/StaticMeshes/Cylinder020.ubulk" 2688
"C:/Users/Administrator/Documents/GitHub/hands2/Content/maps/level1/high-gas-stove/StaticMeshes/Cylinder020.uasset" 2689
"C:/Users/Administrator/Documents/GitHub/hands2/Content/maps/level1/high-gas-stove/StaticMeshes/Cylinder020.uexp" 2690
"C:/Users/Administrator/Documents/GitHub/hands2/Content/maps/level1/high-gas-stove/StaticMeshes/Cylinder019.ubulk" 2691
"C:/Users/Administrator/Documents/GitHub/hands2/Content/maps/level1/high-gas-stove/StaticMeshes/Cylinder019.uasset" 2692
"C:/Users/Administrator/Documents/GitHub/hands2/Content/maps/level1/high-gas-stove/StaticMeshes/Cylinder019.uexp" 2693
"C:/Users/Administrator/Documents/GitHub/hands2/Content/maps/level1/high-gas-stove/StaticMeshes/Cylinder018.ubulk" 2694
"C:/Users/Administrator/Documents/GitHub/hands2/Content/maps/level1/high-gas-stove/StaticMeshes/Cylinder018.uasset" 2695
"C:/Users/Administrator/Documents/GitHub/hands2/Content/maps/level1/high-gas-stove/StaticMeshes/Cylinder018.uexp" 2696
"C:/Users/Administrator/Documents/GitHub/hands2/Content/maps/level1/high-gas-stove/Materials/vray_mec_ashk.uasset" 2697
"C:/Users/Administrator/Documents/GitHub/hands2/Content/maps/level1/high-gas-stove/Materials/vray_mec_ashk.uexp" 2698
"C:/Users/Administrator/Documents/GitHub/hands2/Content/maps/level1/high-gas-stove/StaticMeshes/Cylinder007.ubulk" 2699
"C:/Users/Administrator/Documents/GitHub/hands2/Content/maps/level1/high-gas-stove/StaticMeshes/Cylinder007.uasset" 2700
"C:/Users/Administrator/Documents/GitHub/hands2/Content/maps/level1/high-gas-stove/StaticMeshes/Cylinder007.uexp" 2701
"C:/Users/Administrator/Documents/GitHub/hands2/Content/maps/level1/high-gas-stove/StaticMeshes/Cylinder006.ubulk" 2702
"C:/Users/Administrator/Documents/GitHub/hands2/Content/maps/level1/high-gas-stove/StaticMeshes/Cylinder006.uasset" 2703
"C:/Users/Administrator/Documents/GitHub/hands2/Content/maps/level1/high-gas-stove/StaticMeshes/Cylinder006.uexp" 2704
"C:/Users/Administrator/Documents/GitHub/hands2/Content/maps/level1/high-gas-stove/StaticMeshes/Cylinder005.ubulk" 2705
"C:/Users/Administrator/Documents/GitHub/hands2/Content/maps/level1/high-gas-stove/StaticMeshes/Cylinder005.uasset" 2706
"C:/Users/Administrator/Documents/GitHub/hands2/Content/maps/level1/high-gas-stove/StaticMeshes/Cylinder005.uexp" 2707
"C:/Users/Administrator/Documents/GitHub/hands2/Content/maps/level1/high-gas-stove/StaticMeshes/Cylinder004.ubulk" 2708
"C:/Users/Administrator/Documents/GitHub/hands2/Content/maps/level1/high-gas-stove/StaticMeshes/Cylinder004.uasset" 2709
"C:/Users/Administrator/Documents/GitHub/hands2/Content/maps/level1/high-gas-stove/StaticMeshes/Cylinder004.uexp" 2710
"C:/Users/Administrator/Documents/GitHub/hands2/Content/maps/level1/high-gas-stove/StaticMeshes/Cylinder002.ubulk" 2711
"C:/Users/Administrator/Documents/GitHub/hands2/Content/maps/level1/high-gas-stove/StaticMeshes/Cylinder002.uasset" 2712
"C:/Users/Administrator/Documents/GitHub/hands2/Content/maps/level1/high-gas-stove/StaticMeshes/Cylinder002.uexp" 2713
"C:/Users/Administrator/Documents/GitHub/hands2/Content/maps/level1/high-gas-stove/sound/gas-hiss-high-pitch_000205.ubulk" 2714
"C:/Users/Administrator/Documents/GitHub/hands2/Content/maps/level1/high-gas-stove/sound/gas-hiss-high-pitch_000205.uasset" 2715
"C:/Users/Administrator/Documents/GitHub/hands2/Content/maps/level1/high-gas-stove/sound/gas-hiss-high-pitch_000205.uexp" 2716
"C:/Users/Administrator/Documents/GitHub/hands2/Content/maps/level1/high-gas-stove/bluprint/IN_cook.uasset" 2717
"C:/Users/Administrator/Documents/GitHub/hands2/Content/maps/level1/high-gas-stove/bluprint/IN_cook.uexp" 2718
"C:/Users/Administrator/Documents/GitHub/hands2/Content/maps/level1/high-gas-stove/bluprint/ST_Cook.uasset" 2719
"C:/Users/Administrator/Documents/GitHub/hands2/Content/maps/level1/high-gas-stove/bluprint/ST_Cook.uexp" 2720
"C:/Users/Administrator/Documents/GitHub/hands2/Content/maps/level1/high-gas-stove/bluprint/BP_cook.uasset" 2721
"C:/Users/Administrator/Documents/GitHub/hands2/Content/maps/level1/high-gas-stove/bluprint/BP_cook.uexp" 2722
"C:/Users/Administrator/Documents/GitHub/hands2/Content/maps/level1/_GENERATED/User/Combined_52BEDAB6.ubulk" 2723
"C:/Users/Administrator/Documents/GitHub/hands2/Content/maps/level1/_GENERATED/User/Combined_52BEDAB6.uasset" 2724
"C:/Users/Administrator/Documents/GitHub/hands2/Content/maps/level1/_GENERATED/User/Combined_52BEDAB6.uexp" 2725
"C:/Users/Administrator/Documents/GitHub/hands2/Content/maps/level1/_GENERATED/User/ai_village_house_99_27C74F0A.ubulk" 2726
"C:/Users/Administrator/Documents/GitHub/hands2/Content/maps/level1/_GENERATED/User/ai_village_house_99_27C74F0A.uasset" 2727
"C:/Users/Administrator/Documents/GitHub/hands2/Content/maps/level1/_GENERATED/User/ai_village_house_99_27C74F0A.uexp" 2728
"C:/Users/Administrator/Documents/GitHub/hands2/Content/maps/level1/_GENERATED/User/ai_village_house_98_C2B17EF1.ubulk" 2729
"C:/Users/Administrator/Documents/GitHub/hands2/Content/maps/level1/_GENERATED/User/ai_village_house_98_C2B17EF1.uasset" 2730
"C:/Users/Administrator/Documents/GitHub/hands2/Content/maps/level1/_GENERATED/User/ai_village_house_98_C2B17EF1.uexp" 2731
"C:/Users/Administrator/Documents/GitHub/hands2/Content/maps/level1/_GENERATED/User/ai_village_house_97_EFC000B0.ubulk" 2732
"C:/Users/Administrator/Documents/GitHub/hands2/Content/maps/level1/_GENERATED/User/ai_village_house_97_EFC000B0.uasset" 2733
"C:/Users/Administrator/Documents/GitHub/hands2/Content/maps/level1/_GENERATED/User/ai_village_house_97_EFC000B0.uexp" 2734
"C:/Users/Administrator/Documents/GitHub/hands2/Content/maps/level1/_GENERATED/User/ai_village_house_93_EE6554E1.ubulk" 2735
"C:/Users/Administrator/Documents/GitHub/hands2/Content/maps/level1/_GENERATED/User/ai_village_house_93_EE6554E1.uasset" 2736
"C:/Users/Administrator/Documents/GitHub/hands2/Content/maps/level1/_GENERATED/User/ai_village_house_93_EE6554E1.uexp" 2737
"C:/Users/Administrator/Documents/GitHub/hands2/Content/maps/level1/_GENERATED/User/ai_village_house_92_85432A9B.ubulk" 2738
"C:/Users/Administrator/Documents/GitHub/hands2/Content/maps/level1/_GENERATED/User/ai_village_house_92_85432A9B.uasset" 2739
"C:/Users/Administrator/Documents/GitHub/hands2/Content/maps/level1/_GENERATED/User/ai_village_house_92_85432A9B.uexp" 2740
"C:/Users/Administrator/Documents/GitHub/hands2/Content/maps/level1/_GENERATED/User/ai_village_house_91_05DAFCDA.ubulk" 2741
"C:/Users/Administrator/Documents/GitHub/hands2/Content/maps/level1/_GENERATED/User/ai_village_house_91_05DAFCDA.uasset" 2742
"C:/Users/Administrator/Documents/GitHub/hands2/Content/maps/level1/_GENERATED/User/ai_village_house_91_05DAFCDA.uexp" 2743
"C:/Users/Administrator/Documents/GitHub/hands2/Content/maps/level1/_GENERATED/User/ai_village_house_90_B2F34A2F.ubulk" 2744
"C:/Users/Administrator/Documents/GitHub/hands2/Content/maps/level1/_GENERATED/User/ai_village_house_90_B2F34A2F.uasset" 2745
"C:/Users/Administrator/Documents/GitHub/hands2/Content/maps/level1/_GENERATED/User/ai_village_house_90_B2F34A2F.uexp" 2746
"C:/Users/Administrator/Documents/GitHub/hands2/Content/maps/level1/_GENERATED/User/ai_village_house_8_B322B101.ubulk" 2747
"C:/Users/Administrator/Documents/GitHub/hands2/Content/maps/level1/_GENERATED/User/ai_village_house_8_B322B101.uasset" 2748
"C:/Users/Administrator/Documents/GitHub/hands2/Content/maps/level1/_GENERATED/User/ai_village_house_8_B322B101.uexp" 2749
"C:/Users/Administrator/Documents/GitHub/hands2/Content/maps/level1/_GENERATED/User/ai_village_house_89_48D31A8E.ubulk" 2750
"C:/Users/Administrator/Documents/GitHub/hands2/Content/maps/level1/_GENERATED/User/ai_village_house_89_48D31A8E.uasset" 2751
"C:/Users/Administrator/Documents/GitHub/hands2/Content/maps/level1/_GENERATED/User/ai_village_house_89_48D31A8E.uexp" 2752
"C:/Users/Administrator/Documents/GitHub/hands2/Content/maps/level1/_GENERATED/User/ai_village_house_88_74ACCDF4.ubulk" 2753
"C:/Users/Administrator/Documents/GitHub/hands2/Content/maps/level1/_GENERATED/User/ai_village_house_88_74ACCDF4.uasset" 2754
"C:/Users/Administrator/Documents/GitHub/hands2/Content/maps/level1/_GENERATED/User/ai_village_house_88_74ACCDF4.uexp" 2755
"C:/Users/Administrator/Documents/GitHub/hands2/Content/maps/level1/_GENERATED/User/ai_village_house_87_7B35B576.ubulk" 2756
"C:/Users/Administrator/Documents/GitHub/hands2/Content/maps/level1/_GENERATED/User/ai_village_house_87_7B35B576.uasset" 2757
"C:/Users/Administrator/Documents/GitHub/hands2/Content/maps/level1/_GENERATED/User/ai_village_house_87_7B35B576.uexp" 2758
"C:/Users/Administrator/Documents/GitHub/hands2/Content/maps/level1/_GENERATED/User/ai_village_house_86_692EA812.ubulk" 2759
"C:/Users/Administrator/Documents/GitHub/hands2/Content/maps/level1/_GENERATED/User/ai_village_house_86_692EA812.uasset" 2760
"C:/Users/Administrator/Documents/GitHub/hands2/Content/maps/level1/_GENERATED/User/ai_village_house_86_692EA812.uexp" 2761
"C:/Users/Administrator/Documents/GitHub/hands2/Content/maps/level1/_GENERATED/User/ai_village_house_85_FA8EDECE.ubulk" 2762
"C:/Users/Administrator/Documents/GitHub/hands2/Content/maps/level1/_GENERATED/User/ai_village_house_85_FA8EDECE.uasset" 2763
"C:/Users/Administrator/Documents/GitHub/hands2/Content/maps/level1/_GENERATED/User/ai_village_house_85_FA8EDECE.uexp" 2764
"C:/Users/Administrator/Documents/GitHub/hands2/Content/maps/level1/_GENERATED/User/ai_village_house_84_85637C88.ubulk" 2765
"C:/Users/Administrator/Documents/GitHub/hands2/Content/maps/level1/_GENERATED/User/ai_village_house_84_85637C88.uasset" 2766
"C:/Users/Administrator/Documents/GitHub/hands2/Content/maps/level1/_GENERATED/User/ai_village_house_84_85637C88.uexp" 2767
"C:/Users/Administrator/Documents/GitHub/hands2/Content/maps/level1/_GENERATED/User/ai_village_house_83_8F757B8C.ubulk" 2768
"C:/Users/Administrator/Documents/GitHub/hands2/Content/maps/level1/_GENERATED/User/ai_village_house_83_8F757B8C.uasset" 2769
"C:/Users/Administrator/Documents/GitHub/hands2/Content/maps/level1/_GENERATED/User/ai_village_house_83_8F757B8C.uexp" 2770
"C:/Users/Administrator/Documents/GitHub/hands2/Content/maps/level1/_GENERATED/User/ai_village_house_82_4F1C3F44.ubulk" 2771
"C:/Users/Administrator/Documents/GitHub/hands2/Content/maps/level1/_GENERATED/User/ai_village_house_82_4F1C3F44.uasset" 2772
"C:/Users/Administrator/Documents/GitHub/hands2/Content/maps/level1/_GENERATED/User/ai_village_house_82_4F1C3F44.uexp" 2773
"C:/Users/Administrator/Documents/GitHub/hands2/Content/maps/level1/_GENERATED/User/ai_village_house_81_E2B33161.ubulk" 2774
"C:/Users/Administrator/Documents/GitHub/hands2/Content/maps/level1/_GENERATED/User/ai_village_house_81_E2B33161.uasset" 2775
"C:/Users/Administrator/Documents/GitHub/hands2/Content/maps/level1/_GENERATED/User/ai_village_house_81_E2B33161.uexp" 2776
"C:/Users/Administrator/Documents/GitHub/hands2/Content/maps/level1/_GENERATED/User/ai_village_house_80_C21E641D.ubulk" 2777
"C:/Users/Administrator/Documents/GitHub/hands2/Content/maps/level1/_GENERATED/User/ai_village_house_80_C21E641D.uasset" 2778
"C:/Users/Administrator/Documents/GitHub/hands2/Content/maps/level1/_GENERATED/User/ai_village_house_80_C21E641D.uexp" 2779
"C:/Users/Administrator/Documents/GitHub/hands2/Content/maps/level1/_GENERATED/User/ai_village_house_7_6F2425A5.ubulk" 2780
"C:/Users/Administrator/Documents/GitHub/hands2/Content/maps/level1/_GENERATED/User/ai_village_house_7_6F2425A5.uasset" 2781
"C:/Users/Administrator/Documents/GitHub/hands2/Content/maps/level1/_GENERATED/User/ai_village_house_7_6F2425A5.uexp" 2782
"C:/Users/Administrator/Documents/GitHub/hands2/Content/maps/level1/_GENERATED/User/ai_village_house_79_AA27EE31.ubulk" 2783
"C:/Users/Administrator/Documents/GitHub/hands2/Content/maps/level1/_GENERATED/User/ai_village_house_79_AA27EE31.uasset" 2784
"C:/Users/Administrator/Documents/GitHub/hands2/Content/maps/level1/_GENERATED/User/ai_village_house_79_AA27EE31.uexp" 2785
"C:/Users/Administrator/Documents/GitHub/hands2/Content/maps/level1/_GENERATED/User/ai_village_house_78_6C9E21C9.ubulk" 2786
"C:/Users/Administrator/Documents/GitHub/hands2/Content/maps/level1/_GENERATED/User/ai_village_house_78_6C9E21C9.uasset" 2787
"C:/Users/Administrator/Documents/GitHub/hands2/Content/maps/level1/_GENERATED/User/ai_village_house_78_6C9E21C9.uexp" 2788
"C:/Users/Administrator/Documents/GitHub/hands2/Content/maps/level1/_GENERATED/User/ai_village_house_77_F1B459E0.ubulk" 2789
"C:/Users/Administrator/Documents/GitHub/hands2/Content/maps/level1/_GENERATED/User/ai_village_house_77_F1B459E0.uasset" 2790
"C:/Users/Administrator/Documents/GitHub/hands2/Content/maps/level1/_GENERATED/User/ai_village_house_77_F1B459E0.uexp" 2791
"C:/Users/Administrator/Documents/GitHub/hands2/Content/maps/level1/_GENERATED/User/ai_village_house_76_6579399F.ubulk" 2792
"C:/Users/Administrator/Documents/GitHub/hands2/Content/maps/level1/_GENERATED/User/ai_village_house_76_6579399F.uasset" 2793
"C:/Users/Administrator/Documents/GitHub/hands2/Content/maps/level1/_GENERATED/User/ai_village_house_76_6579399F.uexp" 2794
"C:/Users/Administrator/Documents/GitHub/hands2/Content/maps/level1/_GENERATED/User/ai_village_house_75_B3B3798F.ubulk" 2795
"C:/Users/Administrator/Documents/GitHub/hands2/Content/maps/level1/_GENERATED/User/ai_village_house_75_B3B3798F.uasset" 2796
"C:/Users/Administrator/Documents/GitHub/hands2/Content/maps/level1/_GENERATED/User/ai_village_house_75_B3B3798F.uexp" 2797
"C:/Users/Administrator/Documents/GitHub/hands2/Content/maps/level1/_GENERATED/User/ai_village_house_74_1AFA2E41.ubulk" 2798
"C:/Users/Administrator/Documents/GitHub/hands2/Content/maps/level1/_GENERATED/User/ai_village_house_74_1AFA2E41.uasset" 2799
"C:/Users/Administrator/Documents/GitHub/hands2/Content/maps/level1/_GENERATED/User/ai_village_house_74_1AFA2E41.uexp" 2800
"C:/Users/Administrator/Documents/GitHub/hands2/Content/maps/level1/_GENERATED/User/ai_village_house_73_15C7DB43.ubulk" 2801
"C:/Users/Administrator/Documents/GitHub/hands2/Content/maps/level1/_GENERATED/User/ai_village_house_73_15C7DB43.uasset" 2802
"C:/Users/Administrator/Documents/GitHub/hands2/Content/maps/level1/_GENERATED/User/ai_village_house_73_15C7DB43.uexp" 2803
"C:/Users/Administrator/Documents/GitHub/hands2/Content/maps/level1/_GENERATED/User/ai_village_house_72_1602DE2F.ubulk" 2804
"C:/Users/Administrator/Documents/GitHub/hands2/Content/maps/level1/_GENERATED/User/ai_village_house_72_1602DE2F.uasset" 2805
"C:/Users/Administrator/Documents/GitHub/hands2/Content/maps/level1/_GENERATED/User/ai_village_house_72_1602DE2F.uexp" 2806
"C:/Users/Administrator/Documents/GitHub/hands2/Content/maps/level1/_GENERATED/User/ai_village_house_71_559BBF98.ubulk" 2807
"C:/Users/Administrator/Documents/GitHub/hands2/Content/maps/level1/_GENERATED/User/ai_village_house_71_559BBF98.uasset" 2808
"C:/Users/Administrator/Documents/GitHub/hands2/Content/maps/level1/_GENERATED/User/ai_village_house_71_559BBF98.uexp" 2809
"C:/Users/Administrator/Documents/GitHub/hands2/Content/maps/level1/_GENERATED/User/ai_village_house_70_407AAE2D.ubulk" 2810
"C:/Users/Administrator/Documents/GitHub/hands2/Content/maps/level1/_GENERATED/User/ai_village_house_70_407AAE2D.uasset" 2811
"C:/Users/Administrator/Documents/GitHub/hands2/Content/maps/level1/_GENERATED/User/ai_village_house_70_407AAE2D.uexp" 2812
"C:/Users/Administrator/Documents/GitHub/hands2/Content/maps/level1/_GENERATED/User/ai_village_house_6_3919FC55.ubulk" 2813
"C:/Users/Administrator/Documents/GitHub/hands2/Content/maps/level1/_GENERATED/User/ai_village_house_6_3919FC55.uasset" 2814
"C:/Users/Administrator/Documents/GitHub/hands2/Content/maps/level1/_GENERATED/User/ai_village_house_6_3919FC55.uexp" 2815
"C:/Users/Administrator/Documents/GitHub/hands2/Content/maps/level1/_GENERATED/User/ai_village_house_69_E37A6BB6.ubulk" 2816
"C:/Users/Administrator/Documents/GitHub/hands2/Content/maps/level1/_GENERATED/User/ai_village_house_69_E37A6BB6.uasset" 2817
"C:/Users/Administrator/Documents/GitHub/hands2/Content/maps/level1/_GENERATED/User/ai_village_house_69_E37A6BB6.uexp" 2818
"C:/Users/Administrator/Documents/GitHub/hands2/Content/maps/level1/_GENERATED/User/ai_village_house_68_21F3DFF6.ubulk" 2819
"C:/Users/Administrator/Documents/GitHub/hands2/Content/maps/level1/_GENERATED/User/ai_village_house_68_21F3DFF6.uasset" 2820
"C:/Users/Administrator/Documents/GitHub/hands2/Content/maps/level1/_GENERATED/User/ai_village_house_68_21F3DFF6.uexp" 2821
"C:/Users/Administrator/Documents/GitHub/hands2/Content/maps/level1/_GENERATED/User/ai_village_house_67_1F6A6316.ubulk" 2822
"C:/Users/Administrator/Documents/GitHub/hands2/Content/maps/level1/_GENERATED/User/ai_village_house_67_1F6A6316.uasset" 2823
"C:/Users/Administrator/Documents/GitHub/hands2/Content/maps/level1/_GENERATED/User/ai_village_house_67_1F6A6316.uexp" 2824
"C:/Users/Administrator/Documents/GitHub/hands2/Content/maps/level1/_GENERATED/User/ai_village_house_66_1F85155F.ubulk" 2825
"C:/Users/Administrator/Documents/GitHub/hands2/Content/maps/level1/_GENERATED/User/ai_village_house_66_1F85155F.uasset" 2826
"C:/Users/Administrator/Documents/GitHub/hands2/Content/maps/level1/_GENERATED/User/ai_village_house_66_1F85155F.uexp" 2827
"C:/Users/Administrator/Documents/GitHub/hands2/Content/maps/level1/_GENERATED/User/ai_village_house_65_66ABA1C6.ubulk" 2828
"C:/Users/Administrator/Documents/GitHub/hands2/Content/maps/level1/_GENERATED/User/ai_village_house_65_66ABA1C6.uasset" 2829
"C:/Users/Administrator/Documents/GitHub/hands2/Content/maps/level1/_GENERATED/User/ai_village_house_65_66ABA1C6.uexp" 2830
"C:/Users/Administrator/Documents/GitHub/hands2/Content/maps/level1/_GENERATED/User/ai_village_house_64_6DBB87BF.ubulk" 2831
"C:/Users/Administrator/Documents/GitHub/hands2/Content/maps/level1/_GENERATED/User/ai_village_house_64_6DBB87BF.uasset" 2832
"C:/Users/Administrator/Documents/GitHub/hands2/Content/maps/level1/_GENERATED/User/ai_village_house_64_6DBB87BF.uexp" 2833
"C:/Users/Administrator/Documents/GitHub/hands2/Content/maps/level1/_GENERATED/User/ai_village_house_63_493E1C08.ubulk" 2834
"C:/Users/Administrator/Documents/GitHub/hands2/Content/maps/level1/_GENERATED/User/ai_village_house_63_493E1C08.uasset" 2835
"C:/Users/Administrator/Documents/GitHub/hands2/Content/maps/level1/_GENERATED/User/ai_village_house_63_493E1C08.uexp" 2836
"C:/Users/Administrator/Documents/GitHub/hands2/Content/maps/level1/_GENERATED/User/ai_village_house_62_4E0E1D0C.ubulk" 2837
"C:/Users/Administrator/Documents/GitHub/hands2/Content/maps/level1/_GENERATED/User/ai_village_house_62_4E0E1D0C.uasset" 2838
"C:/Users/Administrator/Documents/GitHub/hands2/Content/maps/level1/_GENERATED/User/ai_village_house_62_4E0E1D0C.uexp" 2839
"C:/Users/Administrator/Documents/GitHub/hands2/Content/maps/level1/_GENERATED/User/ai_village_house_61_98341FC8.ubulk" 2840
"C:/Users/Administrator/Documents/GitHub/hands2/Content/maps/level1/_GENERATED/User/ai_village_house_61_98341FC8.uasset" 2841
"C:/Users/Administrator/Documents/GitHub/hands2/Content/maps/level1/_GENERATED/User/ai_village_house_61_98341FC8.uexp" 2842
"C:/Users/Administrator/Documents/GitHub/hands2/Content/maps/level1/_GENERATED/User/ai_village_house_60_90CFADF6.ubulk" 2843
"C:/Users/Administrator/Documents/GitHub/hands2/Content/maps/level1/_GENERATED/User/ai_village_house_60_90CFADF6.uasset" 2844
"C:/Users/Administrator/Documents/GitHub/hands2/Content/maps/level1/_GENERATED/User/ai_village_house_60_90CFADF6.uexp" 2845
"C:/Users/Administrator/Documents/GitHub/hands2/Content/maps/level1/_GENERATED/User/ai_village_house_5_60D05F15.ubulk" 2846
"C:/Users/Administrator/Documents/GitHub/hands2/Content/maps/level1/_GENERATED/User/ai_village_house_5_60D05F15.uasset" 2847
"C:/Users/Administrator/Documents/GitHub/hands2/Content/maps/level1/_GENERATED/User/ai_village_house_5_60D05F15.uexp" 2848
"C:/Users/Administrator/Documents/GitHub/hands2/Content/maps/level1/_GENERATED/User/ai_village_house_59_30E11A8D.ubulk" 2849
"C:/Users/Administrator/Documents/GitHub/hands2/Content/maps/level1/_GENERATED/User/ai_village_house_59_30E11A8D.uasset" 2850
"C:/Users/Administrator/Documents/GitHub/hands2/Content/maps/level1/_GENERATED/User/ai_village_house_59_30E11A8D.uexp" 2851
"C:/Users/Administrator/Documents/GitHub/hands2/Content/maps/level1/_GENERATED/User/ai_village_house_58_0E9C5108.ubulk" 2852
"C:/Users/Administrator/Documents/GitHub/hands2/Content/maps/level1/_GENERATED/User/ai_village_house_58_0E9C5108.uasset" 2853
"C:/Users/Administrator/Documents/GitHub/hands2/Content/maps/level1/_GENERATED/User/ai_village_house_58_0E9C5108.uexp" 2854
"C:/Users/Administrator/Documents/GitHub/hands2/Content/maps/level1/_GENERATED/User/ai_village_house_57_B77DCA78.ubulk" 2855
"C:/Users/Administrator/Documents/GitHub/hands2/Content/maps/level1/_GENERATED/User/ai_village_house_57_B77DCA78.uasset" 2856
"C:/Users/Administrator/Documents/GitHub/hands2/Content/maps/level1/_GENERATED/User/ai_village_house_57_B77DCA78.uexp" 2857
"C:/Users/Administrator/Documents/GitHub/hands2/Content/maps/level1/_GENERATED/User/ai_village_house_56_F5F3A0B2.ubulk" 2858
"C:/Users/Administrator/Documents/GitHub/hands2/Content/maps/level1/_GENERATED/User/ai_village_house_56_F5F3A0B2.uasset" 2859
"C:/Users/Administrator/Documents/GitHub/hands2/Content/maps/level1/_GENERATED/User/ai_village_house_56_F5F3A0B2.uexp" 2860
"C:/Users/Administrator/Documents/GitHub/hands2/Content/maps/level1/_GENERATED/User/ai_village_house_55_43FB7AB3.ubulk" 2861
"C:/Users/Administrator/Documents/GitHub/hands2/Content/maps/level1/_GENERATED/User/ai_village_house_55_43FB7AB3.uasset" 2862
"C:/Users/Administrator/Documents/GitHub/hands2/Content/maps/level1/_GENERATED/User/ai_village_house_55_43FB7AB3.uexp" 2863
"C:/Users/Administrator/Documents/GitHub/hands2/Content/maps/level1/_GENERATED/User/ai_village_house_54_2F5ACC7E.ubulk" 2864
"C:/Users/Administrator/Documents/GitHub/hands2/Content/maps/level1/_GENERATED/User/ai_village_house_54_2F5ACC7E.uasset" 2865
"C:/Users/Administrator/Documents/GitHub/hands2/Content/maps/level1/_GENERATED/User/ai_village_house_54_2F5ACC7E.uexp" 2866
"C:/Users/Administrator/Documents/GitHub/hands2/Content/maps/level1/_GENERATED/User/ai_village_house_53_CF5BCFFF.ubulk" 2867
"C:/Users/Administrator/Documents/GitHub/hands2/Content/maps/level1/_GENERATED/User/ai_village_house_53_CF5BCFFF.uasset" 2868
"C:/Users/Administrator/Documents/GitHub/hands2/Content/maps/level1/_GENERATED/User/ai_village_house_53_CF5BCFFF.uexp" 2869
"C:/Users/Administrator/Documents/GitHub/hands2/Content/maps/level1/_GENERATED/User/ai_village_house_52_6FD85F02.ubulk" 2870
"C:/Users/Administrator/Documents/GitHub/hands2/Content/maps/level1/_GENERATED/User/ai_village_house_52_6FD85F02.uasset" 2871
"C:/Users/Administrator/Documents/GitHub/hands2/Content/maps/level1/_GENERATED/User/ai_village_house_52_6FD85F02.uexp" 2872
"C:/Users/Administrator/Documents/GitHub/hands2/Content/maps/level1/_GENERATED/User/ai_village_house_51_823D5FED.ubulk" 2873
"C:/Users/Administrator/Documents/GitHub/hands2/Content/maps/level1/_GENERATED/User/ai_village_house_51_823D5FED.uasset" 2874
"C:/Users/Administrator/Documents/GitHub/hands2/Content/maps/level1/_GENERATED/User/ai_village_house_51_823D5FED.uexp" 2875
"C:/Users/Administrator/Documents/GitHub/hands2/Content/maps/level1/_GENERATED/User/ai_village_house_50_D3BB5C62.ubulk" 2876
"C:/Users/Administrator/Documents/GitHub/hands2/Content/maps/level1/_GENERATED/User/ai_village_house_50_D3BB5C62.uasset" 2877
"C:/Users/Administrator/Documents/GitHub/hands2/Content/maps/level1/_GENERATED/User/ai_village_house_50_D3BB5C62.uexp" 2878
"C:/Users/Administrator/Documents/GitHub/hands2/Content/maps/level1/_GENERATED/User/ai_village_house_4_DE8937C6.ubulk" 2879
"C:/Users/Administrator/Documents/GitHub/hands2/Content/maps/level1/_GENERATED/User/ai_village_house_4_DE8937C6.uasset" 2880
"C:/Users/Administrator/Documents/GitHub/hands2/Content/maps/level1/_GENERATED/User/ai_village_house_4_DE8937C6.uexp" 2881
"C:/Users/Administrator/Documents/GitHub/hands2/Content/maps/level1/_GENERATED/User/ai_village_house_49_B0FEF892.ubulk" 2882
"C:/Users/Administrator/Documents/GitHub/hands2/Content/maps/level1/_GENERATED/User/ai_village_house_49_B0FEF892.uasset" 2883
"C:/Users/Administrator/Documents/GitHub/hands2/Content/maps/level1/_GENERATED/User/ai_village_house_49_B0FEF892.uexp" 2884
"C:/Users/Administrator/Documents/GitHub/hands2/Content/maps/level1/_GENERATED/User/ai_village_house_48_9CF70015.ubulk" 2885
"C:/Users/Administrator/Documents/GitHub/hands2/Content/maps/level1/_GENERATED/User/ai_village_house_48_9CF70015.uasset" 2886
"C:/Users/Administrator/Documents/GitHub/hands2/Content/maps/level1/_GENERATED/User/ai_village_house_48_9CF70015.uexp" 2887
"C:/Users/Administrator/Documents/GitHub/hands2/Content/maps/level1/_GENERATED/User/ai_village_house_47_F4E962E7.ubulk" 2888
"C:/Users/Administrator/Documents/GitHub/hands2/Content/maps/level1/_GENERATED/User/ai_village_house_47_F4E962E7.uasset" 2889
"C:/Users/Administrator/Documents/GitHub/hands2/Content/maps/level1/_GENERATED/User/ai_village_house_47_F4E962E7.uexp" 2890
"C:/Users/Administrator/Documents/GitHub/hands2/Content/maps/level1/_GENERATED/User/ai_village_house_46_6C1C9EA4.ubulk" 2891
"C:/Users/Administrator/Documents/GitHub/hands2/Content/maps/level1/_GENERATED/User/ai_village_house_46_6C1C9EA4.uasset" 2892
"C:/Users/Administrator/Documents/GitHub/hands2/Content/maps/level1/_GENERATED/User/ai_village_house_46_6C1C9EA4.uexp" 2893
"C:/Users/Administrator/Documents/GitHub/hands2/Content/maps/level1/_GENERATED/User/ai_village_house_45_6145E01E.ubulk" 2894
"C:/Users/Administrator/Documents/GitHub/hands2/Content/maps/level1/_GENERATED/User/ai_village_house_45_6145E01E.uasset" 2895
"C:/Users/Administrator/Documents/GitHub/hands2/Content/maps/level1/_GENERATED/User/ai_village_house_45_6145E01E.uexp" 2896
"C:/Users/Administrator/Documents/GitHub/hands2/Content/maps/level1/_GENERATED/User/ai_village_house_44_F7C517B6.ubulk" 2897
"C:/Users/Administrator/Documents/GitHub/hands2/Content/maps/level1/_GENERATED/User/ai_village_house_44_F7C517B6.uasset" 2898
"C:/Users/Administrator/Documents/GitHub/hands2/Content/maps/level1/_GENERATED/User/ai_village_house_44_F7C517B6.uexp" 2899
"C:/Users/Administrator/Documents/GitHub/hands2/Content/maps/level1/_GENERATED/User/ai_village_house_43_C44DB3A0.ubulk" 2900
"C:/Users/Administrator/Documents/GitHub/hands2/Content/maps/level1/_GENERATED/User/ai_village_house_43_C44DB3A0.uasset" 2901
"C:/Users/Administrator/Documents/GitHub/hands2/Content/maps/level1/_GENERATED/User/ai_village_house_43_C44DB3A0.uexp" 2902
"C:/Users/Administrator/Documents/GitHub/hands2/Content/maps/level1/_GENERATED/User/ai_village_house_42_322E6FD7.ubulk" 2903
"C:/Users/Administrator/Documents/GitHub/hands2/Content/maps/level1/_GENERATED/User/ai_village_house_42_322E6FD7.uasset" 2904
"C:/Users/Administrator/Documents/GitHub/hands2/Content/maps/level1/_GENERATED/User/ai_village_house_42_322E6FD7.uexp" 2905
"C:/Users/Administrator/Documents/GitHub/hands2/Content/maps/level1/_GENERATED/User/ai_village_house_41_7AA99BAE.ubulk" 2906
"C:/Users/Administrator/Documents/GitHub/hands2/Content/maps/level1/_GENERATED/User/ai_village_house_41_7AA99BAE.uasset" 2907
"C:/Users/Administrator/Documents/GitHub/hands2/Content/maps/level1/_GENERATED/User/ai_village_house_41_7AA99BAE.uexp" 2908
"C:/Users/Administrator/Documents/GitHub/hands2/Content/maps/level1/_GENERATED/User/ai_village_house_40_8C6ADD22.ubulk" 2909
"C:/Users/Administrator/Documents/GitHub/hands2/Content/maps/level1/_GENERATED/User/ai_village_house_40_8C6ADD22.uasset" 2910
"C:/Users/Administrator/Documents/GitHub/hands2/Content/maps/level1/_GENERATED/User/ai_village_house_40_8C6ADD22.uexp" 2911
"C:/Users/Administrator/Documents/GitHub/hands2/Content/maps/level1/_GENERATED/User/ai_village_house_3_9485DDC2.ubulk" 2912
"C:/Users/Administrator/Documents/GitHub/hands2/Content/maps/level1/_GENERATED/User/ai_village_house_3_9485DDC2.uasset" 2913
"C:/Users/Administrator/Documents/GitHub/hands2/Content/maps/level1/_GENERATED/User/ai_village_house_3_9485DDC2.uexp" 2914
"C:/Users/Administrator/Documents/GitHub/hands2/Content/maps/level1/_GENERATED/User/ai_village_house_39_C6684DCB.ubulk" 2915
"C:/Users/Administrator/Documents/GitHub/hands2/Content/maps/level1/_GENERATED/User/ai_village_house_39_C6684DCB.uasset" 2916
"C:/Users/Administrator/Documents/GitHub/hands2/Content/maps/level1/_GENERATED/User/ai_village_house_39_C6684DCB.uexp" 2917
"C:/Users/Administrator/Documents/GitHub/hands2/Content/maps/level1/_GENERATED/User/ai_village_house_38_B1E3B0C4.ubulk" 2918
"C:/Users/Administrator/Documents/GitHub/hands2/Content/maps/level1/_GENERATED/User/ai_village_house_38_B1E3B0C4.uasset" 2919
"C:/Users/Administrator/Documents/GitHub/hands2/Content/maps/level1/_GENERATED/User/ai_village_house_38_B1E3B0C4.uexp" 2920
"C:/Users/Administrator/Documents/GitHub/hands2/Content/maps/level1/_GENERATED/User/ai_village_house_37_42EBEBD3.ubulk" 2921
"C:/Users/Administrator/Documents/GitHub/hands2/Content/maps/level1/_GENERATED/User/ai_village_house_37_42EBEBD3.uasset" 2922
"C:/Users/Administrator/Documents/GitHub/hands2/Content/maps/level1/_GENERATED/User/ai_village_house_37_42EBEBD3.uexp" 2923
"C:/Users/Administrator/Documents/GitHub/hands2/Content/maps/level1/_GENERATED/User/ai_village_house_36_201F76A2.ubulk" 2924
"C:/Users/Administrator/Documents/GitHub/hands2/Content/maps/level1/_GENERATED/User/ai_village_house_36_201F76A2.uasset" 2925
"C:/Users/Administrator/Documents/GitHub/hands2/Content/maps/level1/_GENERATED/User/ai_village_house_36_201F76A2.uexp" 2926
"C:/Users/Administrator/Documents/GitHub/hands2/Content/maps/level1/_GENERATED/User/ai_village_house_35_258BE019.ubulk" 2927
"C:/Users/Administrator/Documents/GitHub/hands2/Content/maps/level1/_GENERATED/User/ai_village_house_35_258BE019.uasset" 2928
"C:/Users/Administrator/Documents/GitHub/hands2/Content/maps/level1/_GENERATED/User/ai_village_house_35_258BE019.uexp" 2929
"C:/Users/Administrator/Documents/GitHub/hands2/Content/maps/level1/_GENERATED/User/ai_village_house_34_3C03E498.ubulk" 2930
"C:/Users/Administrator/Documents/GitHub/hands2/Content/maps/level1/_GENERATED/User/ai_village_house_34_3C03E498.uasset" 2931
"C:/Users/Administrator/Documents/GitHub/hands2/Content/maps/level1/_GENERATED/User/ai_village_house_34_3C03E498.uexp" 2932
"C:/Users/Administrator/Documents/GitHub/hands2/Content/maps/level1/_GENERATED/User/ai_village_house_33_F4315BC2.ubulk" 2933
"C:/Users/Administrator/Documents/GitHub/hands2/Content/maps/level1/_GENERATED/User/ai_village_house_33_F4315BC2.uasset" 2934
"C:/Users/Administrator/Documents/GitHub/hands2/Content/maps/level1/_GENERATED/User/ai_village_house_33_F4315BC2.uexp" 2935
"C:/Users/Administrator/Documents/GitHub/hands2/Content/maps/level1/_GENERATED/User/ai_village_house_32_8A6A4AA2.ubulk" 2936
"C:/Users/Administrator/Documents/GitHub/hands2/Content/maps/level1/_GENERATED/User/ai_village_house_32_8A6A4AA2.uasset" 2937
"C:/Users/Administrator/Documents/GitHub/hands2/Content/maps/level1/_GENERATED/User/ai_village_house_32_8A6A4AA2.uexp" 2938
"C:/Users/Administrator/Documents/GitHub/hands2/Content/maps/level1/_GENERATED/User/ai_village_house_31_EB318EBF.ubulk" 2939
"C:/Users/Administrator/Documents/GitHub/hands2/Content/maps/level1/_GENERATED/User/ai_village_house_31_EB318EBF.uasset" 2940
"C:/Users/Administrator/Documents/GitHub/hands2/Content/maps/level1/_GENERATED/User/ai_village_house_31_EB318EBF.uexp" 2941
"C:/Users/Administrator/Documents/GitHub/hands2/Content/maps/level1/_GENERATED/User/ai_village_house_30_046B3E9A.ubulk" 2942
"C:/Users/Administrator/Documents/GitHub/hands2/Content/maps/level1/_GENERATED/User/ai_village_house_30_046B3E9A.uasset" 2943
"C:/Users/Administrator/Documents/GitHub/hands2/Content/maps/level1/_GENERATED/User/ai_village_house_30_046B3E9A.uexp" 2944
"C:/Users/Administrator/Documents/GitHub/hands2/Content/maps/level1/_GENERATED/User/ai_village_house_2_F628AD0E.ubulk" 2945
"C:/Users/Administrator/Documents/GitHub/hands2/Content/maps/level1/_GENERATED/User/ai_village_house_2_F628AD0E.uasset" 2946
"C:/Users/Administrator/Documents/GitHub/hands2/Content/maps/level1/_GENERATED/User/ai_village_house_2_F628AD0E.uexp" 2947
"C:/Users/Administrator/Documents/GitHub/hands2/Content/maps/level1/_GENERATED/User/ai_village_house_29_E8D06462.ubulk" 2948
"C:/Users/Administrator/Documents/GitHub/hands2/Content/maps/level1/_GENERATED/User/ai_village_house_29_E8D06462.uasset" 2949
"C:/Users/Administrator/Documents/GitHub/hands2/Content/maps/level1/_GENERATED/User/ai_village_house_29_E8D06462.uexp" 2950
"C:/Users/Administrator/Documents/GitHub/hands2/Content/maps/level1/_GENERATED/User/ai_village_house_28_04593FAF.ubulk" 2951
"C:/Users/Administrator/Documents/GitHub/hands2/Content/maps/level1/_GENERATED/User/ai_village_house_28_04593FAF.uasset" 2952
"C:/Users/Administrator/Documents/GitHub/hands2/Content/maps/level1/_GENERATED/User/ai_village_house_28_04593FAF.uexp" 2953
"C:/Users/Administrator/Documents/GitHub/hands2/Content/maps/level1/_GENERATED/User/ai_village_house_27_A43D1B0A.ubulk" 2954
"C:/Users/Administrator/Documents/GitHub/hands2/Content/maps/level1/_GENERATED/User/ai_village_house_27_A43D1B0A.uasset" 2955
"C:/Users/Administrator/Documents/GitHub/hands2/Content/maps/level1/_GENERATED/User/ai_village_house_27_A43D1B0A.uexp" 2956
"C:/Users/Administrator/Documents/GitHub/hands2/Content/maps/level1/_GENERATED/User/ai_village_house_26_BC4F2964.ubulk" 2957
"C:/Users/Administrator/Documents/GitHub/hands2/Content/maps/level1/_GENERATED/User/ai_village_house_26_BC4F2964.uasset" 2958
"C:/Users/Administrator/Documents/GitHub/hands2/Content/maps/level1/_GENERATED/User/ai_village_house_26_BC4F2964.uexp" 2959
"C:/Users/Administrator/Documents/GitHub/hands2/Content/maps/level1/_GENERATED/User/ai_village_house_25_7B2B4ABB.ubulk" 2960
"C:/Users/Administrator/Documents/GitHub/hands2/Content/maps/level1/_GENERATED/User/ai_village_house_25_7B2B4ABB.uasset" 2961
"C:/Users/Administrator/Documents/GitHub/hands2/Content/maps/level1/_GENERATED/User/ai_village_house_25_7B2B4ABB.uexp" 2962
"C:/Users/Administrator/Documents/GitHub/hands2/Content/maps/level1/_GENERATED/User/ai_village_house_24_1177C50A.ubulk" 2963
"C:/Users/Administrator/Documents/GitHub/hands2/Content/maps/level1/_GENERATED/User/ai_village_house_24_1177C50A.uasset" 2964
"C:/Users/Administrator/Documents/GitHub/hands2/Content/maps/level1/_GENERATED/User/ai_village_house_24_1177C50A.uexp" 2965
"C:/Users/Administrator/Documents/GitHub/hands2/Content/maps/level1/_GENERATED/User/ai_village_house_23_5B9C095E.ubulk" 2966
"C:/Users/Administrator/Documents/GitHub/hands2/Content/maps/level1/_GENERATED/User/ai_village_house_23_5B9C095E.uasset" 2967
"C:/Users/Administrator/Documents/GitHub/hands2/Content/maps/level1/_GENERATED/User/ai_village_house_23_5B9C095E.uexp" 2968
"C:/Users/Administrator/Documents/GitHub/hands2/Content/maps/level1/_GENERATED/User/ai_village_house_234_BE893564.ubulk" 2969
"C:/Users/Administrator/Documents/GitHub/hands2/Content/maps/level1/_GENERATED/User/ai_village_house_234_BE893564.uasset" 2970
"C:/Users/Administrator/Documents/GitHub/hands2/Content/maps/level1/_GENERATED/User/ai_village_house_234_BE893564.uexp" 2971
"C:/Users/Administrator/Documents/GitHub/hands2/Content/maps/level1/_GENERATED/User/ai_village_house_233_FB396A4D.ubulk" 2972
"C:/Users/Administrator/Documents/GitHub/hands2/Content/maps/level1/_GENERATED/User/ai_village_house_233_FB396A4D.uasset" 2973
"C:/Users/Administrator/Documents/GitHub/hands2/Content/maps/level1/_GENERATED/User/ai_village_house_233_FB396A4D.uexp" 2974
"C:/Users/Administrator/Documents/GitHub/hands2/Content/maps/level1/_GENERATED/User/ai_village_house_232_C7865BB9.ubulk" 2975
"C:/Users/Administrator/Documents/GitHub/hands2/Content/maps/level1/_GENERATED/User/ai_village_house_232_C7865BB9.uasset" 2976
"C:/Users/Administrator/Documents/GitHub/hands2/Content/maps/level1/_GENERATED/User/ai_village_house_232_C7865BB9.uexp" 2977
"C:/Users/Administrator/Documents/GitHub/hands2/Content/maps/level1/_GENERATED/User/ai_village_house_231_DFED67E5.ubulk" 2978
"C:/Users/Administrator/Documents/GitHub/hands2/Content/maps/level1/_GENERATED/User/ai_village_house_231_DFED67E5.uasset" 2979
"C:/Users/Administrator/Documents/GitHub/hands2/Content/maps/level1/_GENERATED/User/ai_village_house_231_DFED67E5.uexp" 2980
"C:/Users/Administrator/Documents/GitHub/hands2/Content/maps/level1/_GENERATED/User/ai_village_house_230_D3E509B8.ubulk" 2981
"C:/Users/Administrator/Documents/GitHub/hands2/Content/maps/level1/_GENERATED/User/ai_village_house_230_D3E509B8.uasset" 2982
"C:/Users/Administrator/Documents/GitHub/hands2/Content/maps/level1/_GENERATED/User/ai_village_house_230_D3E509B8.uexp" 2983
"C:/Users/Administrator/Documents/GitHub/hands2/Content/maps/level1/_GENERATED/User/ai_village_house_22_4113B66E.ubulk" 2984
"C:/Users/Administrator/Documents/GitHub/hands2/Content/maps/level1/_GENERATED/User/ai_village_house_22_4113B66E.uasset" 2985
"C:/Users/Administrator/Documents/GitHub/hands2/Content/maps/level1/_GENERATED/User/ai_village_house_22_4113B66E.uexp" 2986
"C:/Users/Administrator/Documents/GitHub/hands2/Content/maps/level1/_GENERATED/User/ai_village_house_229_2D83C744.ubulk" 2987
"C:/Users/Administrator/Documents/GitHub/hands2/Content/maps/level1/_GENERATED/User/ai_village_house_229_2D83C744.uasset" 2988
"C:/Users/Administrator/Documents/GitHub/hands2/Content/maps/level1/_GENERATED/User/ai_village_house_229_2D83C744.uexp" 2989
"C:/Users/Administrator/Documents/GitHub/hands2/Content/maps/level1/_GENERATED/User/ai_village_house_228_9D32B6CC.ubulk" 2990
"C:/Users/Administrator/Documents/GitHub/hands2/Content/maps/level1/_GENERATED/User/ai_village_house_228_9D32B6CC.uasset" 2991
"C:/Users/Administrator/Documents/GitHub/hands2/Content/maps/level1/_GENERATED/User/ai_village_house_228_9D32B6CC.uexp" 2992
"C:/Users/Administrator/Documents/GitHub/hands2/Content/maps/level1/_GENERATED/User/ai_village_house_226_AA4F3920.ubulk" 2993
"C:/Users/Administrator/Documents/GitHub/hands2/Content/maps/level1/_GENERATED/User/ai_village_house_226_AA4F3920.uasset" 2994
"C:/Users/Administrator/Documents/GitHub/hands2/Content/maps/level1/_GENERATED/User/ai_village_house_226_AA4F3920.uexp" 2995
"C:/Users/Administrator/Documents/GitHub/hands2/Content/maps/level1/_GENERATED/User/ai_village_house_224_811848D7.ubulk" 2996
"C:/Users/Administrator/Documents/GitHub/hands2/Content/maps/level1/_GENERATED/User/ai_village_house_224_811848D7.uasset" 2997
"C:/Users/Administrator/Documents/GitHub/hands2/Content/maps/level1/_GENERATED/User/ai_village_house_224_811848D7.uexp" 2998
"C:/Users/Administrator/Documents/GitHub/hands2/Content/maps/level1/_GENERATED/User/ai_village_house_223_A8D650B4.ubulk" 2999
"C:/Users/Administrator/Documents/GitHub/hands2/Content/maps/level1/_GENERATED/User/ai_village_house_223_A8D650B4.uasset" 3000
"C:/Users/Administrator/Documents/GitHub/hands2/Content/maps/level1/_GENERATED/User/ai_village_house_223_A8D650B4.uexp" 3001
"C:/Users/Administrator/Documents/GitHub/hands2/Content/maps/level1/_GENERATED/User/ai_village_house_222_CAAC357F.ubulk" 3002
"C:/Users/Administrator/Documents/GitHub/hands2/Content/maps/level1/_GENERATED/User/ai_village_house_222_CAAC357F.uasset" 3003
"C:/Users/Administrator/Documents/GitHub/hands2/Content/maps/level1/_GENERATED/User/ai_village_house_222_CAAC357F.uexp" 3004
"C:/Users/Administrator/Documents/GitHub/hands2/Content/maps/level1/_GENERATED/User/ai_village_house_221_8FB055F7.ubulk" 3005
"C:/Users/Administrator/Documents/GitHub/hands2/Content/maps/level1/_GENERATED/User/ai_village_house_221_8FB055F7.uasset" 3006
"C:/Users/Administrator/Documents/GitHub/hands2/Content/maps/level1/_GENERATED/User/ai_village_house_221_8FB055F7.uexp" 3007
"C:/Users/Administrator/Documents/GitHub/hands2/Content/maps/level1/_GENERATED/User/ai_village_house_220_08668BD1.ubulk" 3008
"C:/Users/Administrator/Documents/GitHub/hands2/Content/maps/level1/_GENERATED/User/ai_village_house_220_08668BD1.uasset" 3009
"C:/Users/Administrator/Documents/GitHub/hands2/Content/maps/level1/_GENERATED/User/ai_village_house_220_08668BD1.uexp" 3010
"C:/Users/Administrator/Documents/GitHub/hands2/Content/maps/level1/_GENERATED/User/ai_village_house_21_94BEE9E8.ubulk" 3011
"C:/Users/Administrator/Documents/GitHub/hands2/Content/maps/level1/_GENERATED/User/ai_village_house_21_94BEE9E8.uasset" 3012
"C:/Users/Administrator/Documents/GitHub/hands2/Content/maps/level1/_GENERATED/User/ai_village_house_21_94BEE9E8.uexp" 3013
"C:/Users/Administrator/Documents/GitHub/hands2/Content/maps/level1/_GENERATED/User/ai_village_house_219_D6E0E0F5.ubulk" 3014
"C:/Users/Administrator/Documents/GitHub/hands2/Content/maps/level1/_GENERATED/User/ai_village_house_219_D6E0E0F5.uasset" 3015
"C:/Users/Administrator/Documents/GitHub/hands2/Content/maps/level1/_GENERATED/User/ai_village_house_219_D6E0E0F5.uexp" 3016
"C:/Users/Administrator/Documents/GitHub/hands2/Content/maps/level1/_GENERATED/User/ai_village_house_218_3E13D50D.ubulk" 3017
"C:/Users/Administrator/Documents/GitHub/hands2/Content/maps/level1/_GENERATED/User/ai_village_house_218_3E13D50D.uasset" 3018
"C:/Users/Administrator/Documents/GitHub/hands2/Content/maps/level1/_GENERATED/User/ai_village_house_218_3E13D50D.uexp" 3019
"C:/Users/Administrator/Documents/GitHub/hands2/Content/maps/level1/_GENERATED/User/ai_village_house_217_511A4EAD.ubulk" 3020
"C:/Users/Administrator/Documents/GitHub/hands2/Content/maps/level1/_GENERATED/User/ai_village_house_217_511A4EAD.uasset" 3021
"C:/Users/Administrator/Documents/GitHub/hands2/Content/maps/level1/_GENERATED/User/ai_village_house_217_511A4EAD.uexp" 3022
"C:/Users/Administrator/Documents/GitHub/hands2/Content/maps/level1/_GENERATED/User/ai_village_house_216_2622C317.ubulk" 3023
"C:/Users/Administrator/Documents/GitHub/hands2/Content/maps/level1/_GENERATED/User/ai_village_house_216_2622C317.uasset" 3024
"C:/Users/Administrator/Documents/GitHub/hands2/Content/maps/level1/_GENERATED/User/ai_village_house_216_2622C317.uexp" 3025
"C:/Users/Administrator/Documents/GitHub/hands2/Content/maps/level1/_GENERATED/User/ai_village_house_215_B2D92F4E.ubulk" 3026
"C:/Users/Administrator/Documents/GitHub/hands2/Content/maps/level1/_GENERATED/User/ai_village_house_215_B2D92F4E.uasset" 3027
"C:/Users/Administrator/Documents/GitHub/hands2/Content/maps/level1/_GENERATED/User/ai_village_house_215_B2D92F4E.uexp" 3028
"C:/Users/Administrator/Documents/GitHub/hands2/Content/maps/level1/_GENERATED/User/ai_village_house_214_8D6CC73C.ubulk" 3029
"C:/Users/Administrator/Documents/GitHub/hands2/Content/maps/level1/_GENERATED/User/ai_village_house_214_8D6CC73C.uasset" 3030
"C:/Users/Administrator/Documents/GitHub/hands2/Content/maps/level1/_GENERATED/User/ai_village_house_214_8D6CC73C.uexp" 3031
"C:/Users/Administrator/Documents/GitHub/hands2/Content/maps/level1/_GENERATED/User/ai_village_house_213_31233D8C.ubulk" 3032
"C:/Users/Administrator/Documents/GitHub/hands2/Content/maps/level1/_GENERATED/User/ai_village_house_213_31233D8C.uasset" 3033
"C:/Users/Administrator/Documents/GitHub/hands2/Content/maps/level1/_GENERATED/User/ai_village_house_213_31233D8C.uexp" 3034
"C:/Users/Administrator/Documents/GitHub/hands2/Content/maps/level1/_GENERATED/User/ai_village_house_212_001BB171.ubulk" 3035
"C:/Users/Administrator/Documents/GitHub/hands2/Content/maps/level1/_GENERATED/User/ai_village_house_212_001BB171.uasset" 3036
"C:/Users/Administrator/Documents/GitHub/hands2/Content/maps/level1/_GENERATED/User/ai_village_house_212_001BB171.uexp" 3037
"C:/Users/Administrator/Documents/GitHub/hands2/Content/maps/level1/_GENERATED/User/ai_village_house_20_337BC21B.ubulk" 3038
"C:/Users/Administrator/Documents/GitHub/hands2/Content/maps/level1/_GENERATED/User/ai_village_house_20_337BC21B.uasset" 3039
"C:/Users/Administrator/Documents/GitHub/hands2/Content/maps/level1/_GENERATED/User/ai_village_house_20_337BC21B.uexp" 3040
"C:/Users/Administrator/Documents/GitHub/hands2/Content/maps/level1/_GENERATED/User/ai_village_house_208_C0B1236A.ubulk" 3041
"C:/Users/Administrator/Documents/GitHub/hands2/Content/maps/level1/_GENERATED/User/ai_village_house_208_C0B1236A.uasset" 3042
"C:/Users/Administrator/Documents/GitHub/hands2/Content/maps/level1/_GENERATED/User/ai_village_house_208_C0B1236A.uexp" 3043
"C:/Users/Administrator/Documents/GitHub/hands2/Content/maps/level1/_GENERATED/User/ai_village_house_207_BCED4CB4.ubulk" 3044
"C:/Users/Administrator/Documents/GitHub/hands2/Content/maps/level1/_GENERATED/User/ai_village_house_207_BCED4CB4.uasset" 3045
"C:/Users/Administrator/Documents/GitHub/hands2/Content/maps/level1/_GENERATED/User/ai_village_house_207_BCED4CB4.uexp" 3046
"C:/Users/Administrator/Documents/GitHub/hands2/Content/maps/level1/_GENERATED/User/ai_village_house_206_EFE7864F.ubulk" 3047
"C:/Users/Administrator/Documents/GitHub/hands2/Content/maps/level1/_GENERATED/User/ai_village_house_206_EFE7864F.uasset" 3048
"C:/Users/Administrator/Documents/GitHub/hands2/Content/maps/level1/_GENERATED/User/ai_village_house_206_EFE7864F.uexp" 3049
"C:/Users/Administrator/Documents/GitHub/hands2/Content/maps/level1/_GENERATED/User/ai_village_house_205_699C1E4D.ubulk" 3050
"C:/Users/Administrator/Documents/GitHub/hands2/Content/maps/level1/_GENERATED/User/ai_village_house_205_699C1E4D.uasset" 3051
"C:/Users/Administrator/Documents/GitHub/hands2/Content/maps/level1/_GENERATED/User/ai_village_house_205_699C1E4D.uexp" 3052
"C:/Users/Administrator/Documents/GitHub/hands2/Content/maps/level1/_GENERATED/User/ai_village_house_203_6ED11661.ubulk" 3053
"C:/Users/Administrator/Documents/GitHub/hands2/Content/maps/level1/_GENERATED/User/ai_village_house_203_6ED11661.uasset" 3054
"C:/Users/Administrator/Documents/GitHub/hands2/Content/maps/level1/_GENERATED/User/ai_village_house_203_6ED11661.uexp" 3055
"C:/Users/Administrator/Documents/GitHub/hands2/Content/maps/level1/_GENERATED/User/ai_village_house_202_AAF8AEA2.ubulk" 3056
"C:/Users/Administrator/Documents/GitHub/hands2/Content/maps/level1/_GENERATED/User/ai_village_house_202_AAF8AEA2.uasset" 3057
"C:/Users/Administrator/Documents/GitHub/hands2/Content/maps/level1/_GENERATED/User/ai_village_house_202_AAF8AEA2.uexp" 3058
"C:/Users/Administrator/Documents/GitHub/hands2/Content/maps/level1/_GENERATED/User/ai_village_house_201_B62AE5D1.ubulk" 3059
"C:/Users/Administrator/Documents/GitHub/hands2/Content/maps/level1/_GENERATED/User/ai_village_house_201_B62AE5D1.uasset" 3060
"C:/Users/Administrator/Documents/GitHub/hands2/Content/maps/level1/_GENERATED/User/ai_village_house_201_B62AE5D1.uexp" 3061
"C:/Users/Administrator/Documents/GitHub/hands2/Content/maps/level1/_GENERATED/User/ai_village_house_200_C4F1B9F6.ubulk" 3062
"C:/Users/Administrator/Documents/GitHub/hands2/Content/maps/level1/_GENERATED/User/ai_village_house_200_C4F1B9F6.uasset" 3063
"C:/Users/Administrator/Documents/GitHub/hands2/Content/maps/level1/_GENERATED/User/ai_village_house_200_C4F1B9F6.uexp" 3064
"C:/Users/Administrator/Documents/GitHub/hands2/Content/maps/level1/_GENERATED/User/ai_village_house_1_C30C8001.ubulk" 3065
"C:/Users/Administrator/Documents/GitHub/hands2/Content/maps/level1/_GENERATED/User/ai_village_house_1_C30C8001.uasset" 3066
"C:/Users/Administrator/Documents/GitHub/hands2/Content/maps/level1/_GENERATED/User/ai_village_house_1_C30C8001.uexp" 3067
"C:/Users/Administrator/Documents/GitHub/hands2/Content/maps/level1/_GENERATED/User/ai_village_house_19_1849CD85.ubulk" 3068
"C:/Users/Administrator/Documents/GitHub/hands2/Content/maps/level1/_GENERATED/User/ai_village_house_19_1849CD85.uasset" 3069
"C:/Users/Administrator/Documents/GitHub/hands2/Content/maps/level1/_GENERATED/User/ai_village_house_19_1849CD85.uexp" 3070
"C:/Users/Administrator/Documents/GitHub/hands2/Content/maps/level1/_GENERATED/User/ai_village_house_199_46C52BC2.ubulk" 3071
"C:/Users/Administrator/Documents/GitHub/hands2/Content/maps/level1/_GENERATED/User/ai_village_house_199_46C52BC2.uasset" 3072
"C:/Users/Administrator/Documents/GitHub/hands2/Content/maps/level1/_GENERATED/User/ai_village_house_199_46C52BC2.uexp" 3073
"C:/Users/Administrator/Documents/GitHub/hands2/Content/maps/level1/_GENERATED/User/ai_village_house_198_BE465EE3.ubulk" 3074
"C:/Users/Administrator/Documents/GitHub/hands2/Content/maps/level1/_GENERATED/User/ai_village_house_198_BE465EE3.uasset" 3075
"C:/Users/Administrator/Documents/GitHub/hands2/Content/maps/level1/_GENERATED/User/ai_village_house_198_BE465EE3.uexp" 3076
"C:/Users/Administrator/Documents/GitHub/hands2/Content/maps/level1/_GENERATED/User/ai_village_house_197_756835A7.ubulk" 3077
"C:/Users/Administrator/Documents/GitHub/hands2/Content/maps/level1/_GENERATED/User/ai_village_house_197_756835A7.uasset" 3078
"C:/Users/Administrator/Documents/GitHub/hands2/Content/maps/level1/_GENERATED/User/ai_village_house_197_756835A7.uexp" 3079
"C:/Users/Administrator/Documents/GitHub/hands2/Content/maps/level1/_GENERATED/User/ai_village_house_196_CB4C3045.ubulk" 3080
"C:/Users/Administrator/Documents/GitHub/hands2/Content/maps/level1/_GENERATED/User/ai_village_house_196_CB4C3045.uasset" 3081
"C:/Users/Administrator/Documents/GitHub/hands2/Content/maps/level1/_GENERATED/User/ai_village_house_196_CB4C3045.uexp" 3082
"C:/Users/Administrator/Documents/GitHub/hands2/Content/maps/level1/_GENERATED/User/ai_village_house_195_29DEDBA5.ubulk" 3083
"C:/Users/Administrator/Documents/GitHub/hands2/Content/maps/level1/_GENERATED/User/ai_village_house_195_29DEDBA5.uasset" 3084
"C:/Users/Administrator/Documents/GitHub/hands2/Content/maps/level1/_GENERATED/User/ai_village_house_195_29DEDBA5.uexp" 3085
"C:/Users/Administrator/Documents/GitHub/hands2/Content/maps/level1/_GENERATED/User/ai_village_house_194_E5694876.ubulk" 3086
"C:/Users/Administrator/Documents/GitHub/hands2/Content/maps/level1/_GENERATED/User/ai_village_house_194_E5694876.uasset" 3087
"C:/Users/Administrator/Documents/GitHub/hands2/Content/maps/level1/_GENERATED/User/ai_village_house_194_E5694876.uexp" 3088
"C:/Users/Administrator/Documents/GitHub/hands2/Content/maps/level1/_GENERATED/User/ai_village_house_193_3EF56D16.ubulk" 3089
"C:/Users/Administrator/Documents/GitHub/hands2/Content/maps/level1/_GENERATED/User/ai_village_house_193_3EF56D16.uasset" 3090
"C:/Users/Administrator/Documents/GitHub/hands2/Content/maps/level1/_GENERATED/User/ai_village_house_193_3EF56D16.uexp" 3091
"C:/Users/Administrator/Documents/GitHub/hands2/Content/maps/level1/_GENERATED/User/ai_village_house_192_7D27E47B.ubulk" 3092
"C:/Users/Administrator/Documents/GitHub/hands2/Content/maps/level1/_GENERATED/User/ai_village_house_192_7D27E47B.uasset" 3093
"C:/Users/Administrator/Documents/GitHub/hands2/Content/maps/level1/_GENERATED/User/ai_village_house_192_7D27E47B.uexp" 3094
"C:/Users/Administrator/Documents/GitHub/hands2/Content/maps/level1/_GENERATED/User/ai_village_house_191_CC05580B.ubulk" 3095
"C:/Users/Administrator/Documents/GitHub/hands2/Content/maps/level1/_GENERATED/User/ai_village_house_191_CC05580B.uasset" 3096
"C:/Users/Administrator/Documents/GitHub/hands2/Content/maps/level1/_GENERATED/User/ai_village_house_191_CC05580B.uexp" 3097
"C:/Users/Administrator/Documents/GitHub/hands2/Content/maps/level1/_GENERATED/User/ai_village_house_190_CC154537.ubulk" 3098
"C:/Users/Administrator/Documents/GitHub/hands2/Content/maps/level1/_GENERATED/User/ai_village_house_190_CC154537.uasset" 3099
"C:/Users/Administrator/Documents/GitHub/hands2/Content/maps/level1/_GENERATED/User/ai_village_house_190_CC154537.uexp" 3100
"C:/Users/Administrator/Documents/GitHub/hands2/Content/maps/level1/_GENERATED/User/ai_village_house_18_587A567C.ubulk" 3101
"C:/Users/Administrator/Documents/GitHub/hands2/Content/maps/level1/_GENERATED/User/ai_village_house_18_587A567C.uasset" 3102
"C:/Users/Administrator/Documents/GitHub/hands2/Content/maps/level1/_GENERATED/User/ai_village_house_18_587A567C.uexp" 3103
"C:/Users/Administrator/Documents/GitHub/hands2/Content/maps/level1/_GENERATED/User/ai_village_house_189_F4A814F6.ubulk" 3104
"C:/Users/Administrator/Documents/GitHub/hands2/Content/maps/level1/_GENERATED/User/ai_village_house_189_F4A814F6.uasset" 3105
"C:/Users/Administrator/Documents/GitHub/hands2/Content/maps/level1/_GENERATED/User/ai_village_house_189_F4A814F6.uexp" 3106
"C:/Users/Administrator/Documents/GitHub/hands2/Content/maps/level1/_GENERATED/User/ai_village_house_188_43E03BA2.ubulk" 3107
"C:/Users/Administrator/Documents/GitHub/hands2/Content/maps/level1/_GENERATED/User/ai_village_house_188_43E03BA2.uasset" 3108
"C:/Users/Administrator/Documents/GitHub/hands2/Content/maps/level1/_GENERATED/User/ai_village_house_188_43E03BA2.uexp" 3109
"C:/Users/Administrator/Documents/GitHub/hands2/Content/maps/level1/_GENERATED/User/ai_village_house_187_2A37E0EC.ubulk" 3110
"C:/Users/Administrator/Documents/GitHub/hands2/Content/maps/level1/_GENERATED/User/ai_village_house_187_2A37E0EC.uasset" 3111
"C:/Users/Administrator/Documents/GitHub/hands2/Content/maps/level1/_GENERATED/User/ai_village_house_187_2A37E0EC.uexp" 3112
"C:/Users/Administrator/Documents/GitHub/hands2/Content/maps/level1/_GENERATED/User/ai_village_house_186_8FA9F9EB.ubulk" 3113
"C:/Users/Administrator/Documents/GitHub/hands2/Content/maps/level1/_GENERATED/User/ai_village_house_186_8FA9F9EB.uasset" 3114
"C:/Users/Administrator/Documents/GitHub/hands2/Content/maps/level1/_GENERATED/User/ai_village_house_186_8FA9F9EB.uexp" 3115
"C:/Users/Administrator/Documents/GitHub/hands2/Content/maps/level1/_GENERATED/User/ai_village_house_185_4CB711E3.ubulk" 3116
"C:/Users/Administrator/Documents/GitHub/hands2/Content/maps/level1/_GENERATED/User/ai_village_house_185_4CB711E3.uasset" 3117
"C:/Users/Administrator/Documents/GitHub/hands2/Content/maps/level1/_GENERATED/User/ai_village_house_185_4CB711E3.uexp" 3118
"C:/Users/Administrator/Documents/GitHub/hands2/Content/maps/level1/_GENERATED/User/ai_village_house_184_0F91D56E.ubulk" 3119
"C:/Users/Administrator/Documents/GitHub/hands2/Content/maps/level1/_GENERATED/User/ai_village_house_184_0F91D56E.uasset" 3120
"C:/Users/Administrator/Documents/GitHub/hands2/Content/maps/level1/_GENERATED/User/ai_village_house_184_0F91D56E.uexp" 3121
"C:/Users/Administrator/Documents/GitHub/hands2/Content/maps/level1/_GENERATED/User/ai_village_house_183_8F463962.ubulk" 3122
"C:/Users/Administrator/Documents/GitHub/hands2/Content/maps/level1/_GENERATED/User/ai_village_house_183_8F463962.uasset" 3123
"C:/Users/Administrator/Documents/GitHub/hands2/Content/maps/level1/_GENERATED/User/ai_village_house_183_8F463962.uexp" 3124
"C:/Users/Administrator/Documents/GitHub/hands2/Content/maps/level1/_GENERATED/User/ai_village_house_182_99F71CF2.ubulk" 3125
"C:/Users/Administrator/Documents/GitHub/hands2/Content/maps/level1/_GENERATED/User/ai_village_house_182_99F71CF2.uasset" 3126
"C:/Users/Administrator/Documents/GitHub/hands2/Content/maps/level1/_GENERATED/User/ai_village_house_182_99F71CF2.uexp" 3127
"C:/Users/Administrator/Documents/GitHub/hands2/Content/maps/level1/_GENERATED/User/ai_village_house_181_56D0598A.ubulk" 3128
"C:/Users/Administrator/Documents/GitHub/hands2/Content/maps/level1/_GENERATED/User/ai_village_house_181_56D0598A.uasset" 3129
"C:/Users/Administrator/Documents/GitHub/hands2/Content/maps/level1/_GENERATED/User/ai_village_house_181_56D0598A.uexp" 3130
"C:/Users/Administrator/Documents/GitHub/hands2/Content/maps/level1/_GENERATED/User/ai_village_house_180_3FAED1C5.ubulk" 3131
"C:/Users/Administrator/Documents/GitHub/hands2/Content/maps/level1/_GENERATED/User/ai_village_house_180_3FAED1C5.uasset" 3132
"C:/Users/Administrator/Documents/GitHub/hands2/Content/maps/level1/_GENERATED/User/ai_village_house_180_3FAED1C5.uexp" 3133
"C:/Users/Administrator/Documents/GitHub/hands2/Content/maps/level1/_GENERATED/User/ai_village_house_17_F722F6E9.ubulk" 3134
"C:/Users/Administrator/Documents/GitHub/hands2/Content/maps/level1/_GENERATED/User/ai_village_house_17_F722F6E9.uasset" 3135
"C:/Users/Administrator/Documents/GitHub/hands2/Content/maps/level1/_GENERATED/User/ai_village_house_17_F722F6E9.uexp" 3136
"C:/Users/Administrator/Documents/GitHub/hands2/Content/maps/level1/_GENERATED/User/ai_village_house_179_3D549469.ubulk" 3137
"C:/Users/Administrator/Documents/GitHub/hands2/Content/maps/level1/_GENERATED/User/ai_village_house_179_3D549469.uasset" 3138
"C:/Users/Administrator/Documents/GitHub/hands2/Content/maps/level1/_GENERATED/User/ai_village_house_179_3D549469.uexp" 3139
"C:/Users/Administrator/Documents/GitHub/hands2/Content/maps/level1/_GENERATED/User/ai_village_house_178_ED951FCA.ubulk" 3140
"C:/Users/Administrator/Documents/GitHub/hands2/Content/maps/level1/_GENERATED/User/ai_village_house_178_ED951FCA.uasset" 3141
"C:/Users/Administrator/Documents/GitHub/hands2/Content/maps/level1/_GENERATED/User/ai_village_house_178_ED951FCA.uexp" 3142
"C:/Users/Administrator/Documents/GitHub/hands2/Content/maps/level1/_GENERATED/User/ai_village_house_177_C8814A6D.ubulk" 3143
"C:/Users/Administrator/Documents/GitHub/hands2/Content/maps/level1/_GENERATED/User/ai_village_house_177_C8814A6D.uasset" 3144
"C:/Users/Administrator/Documents/GitHub/hands2/Content/maps/level1/_GENERATED/User/ai_village_house_177_C8814A6D.uexp" 3145
"C:/Users/Administrator/Documents/GitHub/hands2/Content/maps/level1/_GENERATED/User/ai_village_house_176_8BE0771B.ubulk" 3146
"C:/Users/Administrator/Documents/GitHub/hands2/Content/maps/level1/_GENERATED/User/ai_village_house_176_8BE0771B.uasset" 3147
"C:/Users/Administrator/Documents/GitHub/hands2/Content/maps/level1/_GENERATED/User/ai_village_house_176_8BE0771B.uexp" 3148
"C:/Users/Administrator/Documents/GitHub/hands2/Content/maps/level1/_GENERATED/User/ai_village_house_175_850FE664.ubulk" 3149
"C:/Users/Administrator/Documents/GitHub/hands2/Content/maps/level1/_GENERATED/User/ai_village_house_175_850FE664.uasset" 3150
"C:/Users/Administrator/Documents/GitHub/hands2/Content/maps/level1/_GENERATED/User/ai_village_house_175_850FE664.uexp" 3151
"C:/Users/Administrator/Documents/GitHub/hands2/Content/maps/level1/_GENERATED/User/ai_village_house_174_2785A94A.ubulk" 3152
"C:/Users/Administrator/Documents/GitHub/hands2/Content/maps/level1/_GENERATED/User/ai_village_house_174_2785A94A.uasset" 3153
"C:/Users/Administrator/Documents/GitHub/hands2/Content/maps/level1/_GENERATED/User/ai_village_house_174_2785A94A.uexp" 3154
"C:/Users/Administrator/Documents/GitHub/hands2/Content/maps/level1/_GENERATED/User/ai_village_house_173_D5573612.ubulk" 3155
"C:/Users/Administrator/Documents/GitHub/hands2/Content/maps/level1/_GENERATED/User/ai_village_house_173_D5573612.uasset" 3156
"C:/Users/Administrator/Documents/GitHub/hands2/Content/maps/level1/_GENERATED/User/ai_village_house_173_D5573612.uexp" 3157
"C:/Users/Administrator/Documents/GitHub/hands2/Content/maps/level1/_GENERATED/User/ai_village_house_172_AEEB4E7A.ubulk" 3158
"C:/Users/Administrator/Documents/GitHub/hands2/Content/maps/level1/_GENERATED/User/ai_village_house_172_AEEB4E7A.uasset" 3159
"C:/Users/Administrator/Documents/GitHub/hands2/Content/maps/level1/_GENERATED/User/ai_village_house_172_AEEB4E7A.uexp" 3160
"C:/Users/Administrator/Documents/GitHub/hands2/Content/maps/level1/_GENERATED/User/ai_village_house_171_4EE31FB3.ubulk" 3161
"C:/Users/Administrator/Documents/GitHub/hands2/Content/maps/level1/_GENERATED/User/ai_village_house_171_4EE31FB3.uasset" 3162
"C:/Users/Administrator/Documents/GitHub/hands2/Content/maps/level1/_GENERATED/User/ai_village_house_171_4EE31FB3.uexp" 3163
"C:/Users/Administrator/Documents/GitHub/hands2/Content/maps/level1/_GENERATED/User/ai_village_house_170_CF379F11.ubulk" 3164
"C:/Users/Administrator/Documents/GitHub/hands2/Content/maps/level1/_GENERATED/User/ai_village_house_170_CF379F11.uasset" 3165
"C:/Users/Administrator/Documents/GitHub/hands2/Content/maps/level1/_GENERATED/User/ai_village_house_170_CF379F11.uexp" 3166
"C:/Users/Administrator/Documents/GitHub/hands2/Content/maps/level1/_GENERATED/User/ai_village_house_16_F82F4B28.ubulk" 3167
"C:/Users/Administrator/Documents/GitHub/hands2/Content/maps/level1/_GENERATED/User/ai_village_house_16_F82F4B28.uasset" 3168
"C:/Users/Administrator/Documents/GitHub/hands2/Content/maps/level1/_GENERATED/User/ai_village_house_16_F82F4B28.uexp" 3169
"C:/Users/Administrator/Documents/GitHub/hands2/Content/maps/level1/_GENERATED/User/ai_village_house_169_5D1ACF71.ubulk" 3170
"C:/Users/Administrator/Documents/GitHub/hands2/Content/maps/level1/_GENERATED/User/ai_village_house_169_5D1ACF71.uasset" 3171
"C:/Users/Administrator/Documents/GitHub/hands2/Content/maps/level1/_GENERATED/User/ai_village_house_169_5D1ACF71.uexp" 3172
"C:/Users/Administrator/Documents/GitHub/hands2/Content/maps/level1/_GENERATED/User/ai_village_house_168_F1B610FB.ubulk" 3173
"C:/Users/Administrator/Documents/GitHub/hands2/Content/maps/level1/_GENERATED/User/ai_village_house_168_F1B610FB.uasset" 3174
"C:/Users/Administrator/Documents/GitHub/hands2/Content/maps/level1/_GENERATED/User/ai_village_house_168_F1B610FB.uexp" 3175
"C:/Users/Administrator/Documents/GitHub/hands2/Content/maps/level1/_GENERATED/User/ai_village_house_167_7CB762F9.ubulk" 3176
"C:/Users/Administrator/Documents/GitHub/hands2/Content/maps/level1/_GENERATED/User/ai_village_house_167_7CB762F9.uasset" 3177
"C:/Users/Administrator/Documents/GitHub/hands2/Content/maps/level1/_GENERATED/User/ai_village_house_167_7CB762F9.uexp" 3178
"C:/Users/Administrator/Documents/GitHub/hands2/Content/maps/level1/_GENERATED/User/ai_village_house_166_83648C8E.ubulk" 3179
"C:/Users/Administrator/Documents/GitHub/hands2/Content/maps/level1/_GENERATED/User/ai_village_house_166_83648C8E.uasset" 3180
"C:/Users/Administrator/Documents/GitHub/hands2/Content/maps/level1/_GENERATED/User/ai_village_house_166_83648C8E.uexp" 3181
"C:/Users/Administrator/Documents/GitHub/hands2/Content/maps/level1/_GENERATED/User/ai_village_house_165_3FD68DAC.ubulk" 3182
"C:/Users/Administrator/Documents/GitHub/hands2/Content/maps/level1/_GENERATED/User/ai_village_house_165_3FD68DAC.uasset" 3183
"C:/Users/Administrator/Documents/GitHub/hands2/Content/maps/level1/_GENERATED/User/ai_village_house_165_3FD68DAC.uexp" 3184
"C:/Users/Administrator/Documents/GitHub/hands2/Content/maps/level1/_GENERATED/User/ai_village_house_164_BA3752EC.ubulk" 3185
"C:/Users/Administrator/Documents/GitHub/hands2/Content/maps/level1/_GENERATED/User/ai_village_house_164_BA3752EC.uasset" 3186
"C:/Users/Administrator/Documents/GitHub/hands2/Content/maps/level1/_GENERATED/User/ai_village_house_164_BA3752EC.uexp" 3187
"C:/Users/Administrator/Documents/GitHub/hands2/Content/maps/level1/_GENERATED/User/ai_village_house_163_652F843F.ubulk" 3188
"C:/Users/Administrator/Documents/GitHub/hands2/Content/maps/level1/_GENERATED/User/ai_village_house_163_652F843F.uasset" 3189
"C:/Users/Administrator/Documents/GitHub/hands2/Content/maps/level1/_GENERATED/User/ai_village_house_163_652F843F.uexp" 3190
"C:/Users/Administrator/Documents/GitHub/hands2/Content/maps/level1/_GENERATED/User/ai_village_house_162_007DB8B2.ubulk" 3191
"C:/Users/Administrator/Documents/GitHub/hands2/Content/maps/level1/_GENERATED/User/ai_village_house_162_007DB8B2.uasset" 3192
"C:/Users/Administrator/Documents/GitHub/hands2/Content/maps/level1/_GENERATED/User/ai_village_house_162_007DB8B2.uexp" 3193
"C:/Users/Administrator/Documents/GitHub/hands2/Content/maps/level1/_GENERATED/User/ai_village_house_161_7AE8BFA2.ubulk" 3194
"C:/Users/Administrator/Documents/GitHub/hands2/Content/maps/level1/_GENERATED/User/ai_village_house_161_7AE8BFA2.uasset" 3195
"C:/Users/Administrator/Documents/GitHub/hands2/Content/maps/level1/_GENERATED/User/ai_village_house_161_7AE8BFA2.uexp" 3196
"C:/Users/Administrator/Documents/GitHub/hands2/Content/maps/level1/_GENERATED/User/ai_village_house_160_3A1B07CA.ubulk" 3197
"C:/Users/Administrator/Documents/GitHub/hands2/Content/maps/level1/_GENERATED/User/ai_village_house_160_3A1B07CA.uasset" 3198
"C:/Users/Administrator/Documents/GitHub/hands2/Content/maps/level1/_GENERATED/User/ai_village_house_160_3A1B07CA.uexp" 3199
"C:/Users/Administrator/Documents/GitHub/hands2/Content/maps/level1/_GENERATED/User/ai_village_house_15_5DF5B7F3.ubulk" 3200
"C:/Users/Administrator/Documents/GitHub/hands2/Content/maps/level1/_GENERATED/User/ai_village_house_15_5DF5B7F3.uasset" 3201
"C:/Users/Administrator/Documents/GitHub/hands2/Content/maps/level1/_GENERATED/User/ai_village_house_15_5DF5B7F3.uexp" 3202
"C:/Users/Administrator/Documents/GitHub/hands2/Content/maps/level1/_GENERATED/User/ai_village_house_159_2CD0A050.ubulk" 3203
"C:/Users/Administrator/Documents/GitHub/hands2/Content/maps/level1/_GENERATED/User/ai_village_house_159_2CD0A050.uasset" 3204
"C:/Users/Administrator/Documents/GitHub/hands2/Content/maps/level1/_GENERATED/User/ai_village_house_159_2CD0A050.uexp" 3205
"C:/Users/Administrator/Documents/GitHub/hands2/Content/maps/level1/_GENERATED/User/ai_village_house_158_BFB7E85F.ubulk" 3206
"C:/Users/Administrator/Documents/GitHub/hands2/Content/maps/level1/_GENERATED/User/ai_village_house_158_BFB7E85F.uasset" 3207
"C:/Users/Administrator/Documents/GitHub/hands2/Content/maps/level1/_GENERATED/User/ai_village_house_158_BFB7E85F.uexp" 3208
"C:/Users/Administrator/Documents/GitHub/hands2/Content/maps/level1/_GENERATED/User/ai_village_house_157_AF10CE87.ubulk" 3209
"C:/Users/Administrator/Documents/GitHub/hands2/Content/maps/level1/_GENERATED/User/ai_village_house_157_AF10CE87.uasset" 3210
"C:/Users/Administrator/Documents/GitHub/hands2/Content/maps/level1/_GENERATED/User/ai_village_house_157_AF10CE87.uexp" 3211
"C:/Users/Administrator/Documents/GitHub/hands2/Content/maps/level1/_GENERATED/User/ai_village_house_156_30EF4E4B.ubulk" 3212
"C:/Users/Administrator/Documents/GitHub/hands2/Content/maps/level1/_GENERATED/User/ai_village_house_156_30EF4E4B.uasset" 3213
"C:/Users/Administrator/Documents/GitHub/hands2/Content/maps/level1/_GENERATED/User/ai_village_house_156_30EF4E4B.uexp" 3214
"C:/Users/Administrator/Documents/GitHub/hands2/Content/maps/level1/_GENERATED/User/ai_village_house_155_1328C44F.ubulk" 3215
"C:/Users/Administrator/Documents/GitHub/hands2/Content/maps/level1/_GENERATED/User/ai_village_house_155_1328C44F.uasset" 3216
"C:/Users/Administrator/Documents/GitHub/hands2/Content/maps/level1/_GENERATED/User/ai_village_house_155_1328C44F.uexp" 3217
"C:/Users/Administrator/Documents/GitHub/hands2/Content/maps/level1/_GENERATED/User/ai_village_house_154_A168FBF2.ubulk" 3218
"C:/Users/Administrator/Documents/GitHub/hands2/Content/maps/level1/_GENERATED/User/ai_village_house_154_A168FBF2.uasset" 3219
"C:/Users/Administrator/Documents/GitHub/hands2/Content/maps/level1/_GENERATED/User/ai_village_house_154_A168FBF2.uexp" 3220
"C:/Users/Administrator/Documents/GitHub/hands2/Content/maps/level1/_GENERATED/User/ai_village_house_153_BB7FBACC.ubulk" 3221
"C:/Users/Administrator/Documents/GitHub/hands2/Content/maps/level1/_GENERATED/User/ai_village_house_153_BB7FBACC.uasset" 3222
"C:/Users/Administrator/Documents/GitHub/hands2/Content/maps/level1/_GENERATED/User/ai_village_house_153_BB7FBACC.uexp" 3223
"C:/Users/Administrator/Documents/GitHub/hands2/Content/maps/level1/_GENERATED/User/ai_village_house_152_8D6F29E5.ubulk" 3224
"C:/Users/Administrator/Documents/GitHub/hands2/Content/maps/level1/_GENERATED/User/ai_village_house_152_8D6F29E5.uasset" 3225
"C:/Users/Administrator/Documents/GitHub/hands2/Content/maps/level1/_GENERATED/User/ai_village_house_152_8D6F29E5.uexp" 3226
"C:/Users/Administrator/Documents/GitHub/hands2/Content/maps/level1/_GENERATED/User/ai_village_house_151_0BBE4D40.ubulk" 3227
"C:/Users/Administrator/Documents/GitHub/hands2/Content/maps/level1/_GENERATED/User/ai_village_house_151_0BBE4D40.uasset" 3228
"C:/Users/Administrator/Documents/GitHub/hands2/Content/maps/level1/_GENERATED/User/ai_village_house_151_0BBE4D40.uexp" 3229
"C:/Users/Administrator/Documents/GitHub/hands2/Content/maps/level1/_GENERATED/User/ai_village_house_150_5965DB63.ubulk" 3230
"C:/Users/Administrator/Documents/GitHub/hands2/Content/maps/level1/_GENERATED/User/ai_village_house_150_5965DB63.uasset" 3231
"C:/Users/Administrator/Documents/GitHub/hands2/Content/maps/level1/_GENERATED/User/ai_village_house_150_5965DB63.uexp" 3232
"C:/Users/Administrator/Documents/GitHub/hands2/Content/maps/level1/_GENERATED/User/ai_village_house_14_E694B77C.ubulk" 3233
"C:/Users/Administrator/Documents/GitHub/hands2/Content/maps/level1/_GENERATED/User/ai_village_house_14_E694B77C.uasset" 3234
"C:/Users/Administrator/Documents/GitHub/hands2/Content/maps/level1/_GENERATED/User/ai_village_house_14_E694B77C.uexp" 3235
"C:/Users/Administrator/Documents/GitHub/hands2/Content/maps/level1/_GENERATED/User/ai_village_house_149_BAA58101.ubulk" 3236
"C:/Users/Administrator/Documents/GitHub/hands2/Content/maps/level1/_GENERATED/User/ai_village_house_149_BAA58101.uasset" 3237
"C:/Users/Administrator/Documents/GitHub/hands2/Content/maps/level1/_GENERATED/User/ai_village_house_149_BAA58101.uexp" 3238
"C:/Users/Administrator/Documents/GitHub/hands2/Content/maps/level1/_GENERATED/User/ai_village_house_148_47A32C74.ubulk" 3239
"C:/Users/Administrator/Documents/GitHub/hands2/Content/maps/level1/_GENERATED/User/ai_village_house_148_47A32C74.uasset" 3240
"C:/Users/Administrator/Documents/GitHub/hands2/Content/maps/level1/_GENERATED/User/ai_village_house_148_47A32C74.uexp" 3241
"C:/Users/Administrator/Documents/GitHub/hands2/Content/maps/level1/_GENERATED/User/ai_village_house_147_88794AC4.ubulk" 3242
"C:/Users/Administrator/Documents/GitHub/hands2/Content/maps/level1/_GENERATED/User/ai_village_house_147_88794AC4.uasset" 3243
"C:/Users/Administrator/Documents/GitHub/hands2/Content/maps/level1/_GENERATED/User/ai_village_house_147_88794AC4.uexp" 3244
"C:/Users/Administrator/Documents/GitHub/hands2/Content/maps/level1/_GENERATED/User/ai_village_house_146_C544A748.ubulk" 3245
"C:/Users/Administrator/Documents/GitHub/hands2/Content/maps/level1/_GENERATED/User/ai_village_house_146_C544A748.uasset" 3246
"C:/Users/Administrator/Documents/GitHub/hands2/Content/maps/level1/_GENERATED/User/ai_village_house_146_C544A748.uexp" 3247
"C:/Users/Administrator/Documents/GitHub/hands2/Content/maps/level1/_GENERATED/User/ai_village_house_145_F95E3EDD.ubulk" 3248
"C:/Users/Administrator/Documents/GitHub/hands2/Content/maps/level1/_GENERATED/User/ai_village_house_145_F95E3EDD.uasset" 3249
"C:/Users/Administrator/Documents/GitHub/hands2/Content/maps/level1/_GENERATED/User/ai_village_house_145_F95E3EDD.uexp" 3250
"C:/Users/Administrator/Documents/GitHub/hands2/Content/maps/level1/_GENERATED/User/ai_village_house_144_50621EE7.ubulk" 3251
"C:/Users/Administrator/Documents/GitHub/hands2/Content/maps/level1/_GENERATED/User/ai_village_house_144_50621EE7.uasset" 3252
"C:/Users/Administrator/Documents/GitHub/hands2/Content/maps/level1/_GENERATED/User/ai_village_house_144_50621EE7.uexp" 3253
"C:/Users/Administrator/Documents/GitHub/hands2/Content/maps/level1/_GENERATED/User/ai_village_house_143_BA89808F.ubulk" 3254
"C:/Users/Administrator/Documents/GitHub/hands2/Content/maps/level1/_GENERATED/User/ai_village_house_143_BA89808F.uasset" 3255
"C:/Users/Administrator/Documents/GitHub/hands2/Content/maps/level1/_GENERATED/User/ai_village_house_143_BA89808F.uexp" 3256
"C:/Users/Administrator/Documents/GitHub/hands2/Content/maps/level1/_GENERATED/User/ai_village_house_142_CA93217E.ubulk" 3257
"C:/Users/Administrator/Documents/GitHub/hands2/Content/maps/level1/_GENERATED/User/ai_village_house_142_CA93217E.uasset" 3258
"C:/Users/Administrator/Documents/GitHub/hands2/Content/maps/level1/_GENERATED/User/ai_village_house_142_CA93217E.uexp" 3259
"C:/Users/Administrator/Documents/GitHub/hands2/Content/maps/level1/_GENERATED/User/ai_village_house_141_EB6D83F1.ubulk" 3260
"C:/Users/Administrator/Documents/GitHub/hands2/Content/maps/level1/_GENERATED/User/ai_village_house_141_EB6D83F1.uasset" 3261
"C:/Users/Administrator/Documents/GitHub/hands2/Content/maps/level1/_GENERATED/User/ai_village_house_141_EB6D83F1.uexp" 3262
"C:/Users/Administrator/Documents/GitHub/hands2/Content/maps/level1/_GENERATED/User/ai_village_house_140_76EFC4F6.ubulk" 3263
"C:/Users/Administrator/Documents/GitHub/hands2/Content/maps/level1/_GENERATED/User/ai_village_house_140_76EFC4F6.uasset" 3264
"C:/Users/Administrator/Documents/GitHub/hands2/Content/maps/level1/_GENERATED/User/ai_village_house_140_76EFC4F6.uexp" 3265
"C:/Users/Administrator/Documents/GitHub/hands2/Content/maps/level1/_GENERATED/User/ai_village_house_13_18D8FA09.ubulk" 3266
"C:/Users/Administrator/Documents/GitHub/hands2/Content/maps/level1/_GENERATED/User/ai_village_house_13_18D8FA09.uasset" 3267
"C:/Users/Administrator/Documents/GitHub/hands2/Content/maps/level1/_GENERATED/User/ai_village_house_13_18D8FA09.uexp" 3268
"C:/Users/Administrator/Documents/GitHub/hands2/Content/maps/level1/_GENERATED/User/ai_village_house_139_4F8EE6C3.ubulk" 3269
"C:/Users/Administrator/Documents/GitHub/hands2/Content/maps/level1/_GENERATED/User/ai_village_house_139_4F8EE6C3.uasset" 3270
"C:/Users/Administrator/Documents/GitHub/hands2/Content/maps/level1/_GENERATED/User/ai_village_house_139_4F8EE6C3.uexp" 3271
"C:/Users/Administrator/Documents/GitHub/hands2/Content/maps/level1/_GENERATED/User/ai_village_house_138_500292E0.ubulk" 3272
"C:/Users/Administrator/Documents/GitHub/hands2/Content/maps/level1/_GENERATED/User/ai_village_house_138_500292E0.uasset" 3273
"C:/Users/Administrator/Documents/GitHub/hands2/Content/maps/level1/_GENERATED/User/ai_village_house_138_500292E0.uexp" 3274
"C:/Users/Administrator/Documents/GitHub/hands2/Content/maps/level1/_GENERATED/User/ai_village_house_137_432F675C.ubulk" 3275
"C:/Users/Administrator/Documents/GitHub/hands2/Content/maps/level1/_GENERATED/User/ai_village_house_137_432F675C.uasset" 3276
"C:/Users/Administrator/Documents/GitHub/hands2/Content/maps/level1/_GENERATED/User/ai_village_house_137_432F675C.uexp" 3277
"C:/Users/Administrator/Documents/GitHub/hands2/Content/maps/level1/_GENERATED/User/ai_village_house_136_5C1A5B35.ubulk" 3278
"C:/Users/Administrator/Documents/GitHub/hands2/Content/maps/level1/_GENERATED/User/ai_village_house_136_5C1A5B35.uasset" 3279
"C:/Users/Administrator/Documents/GitHub/hands2/Content/maps/level1/_GENERATED/User/ai_village_house_136_5C1A5B35.uexp" 3280
"C:/Users/Administrator/Documents/GitHub/hands2/Content/maps/level1/_GENERATED/User/ai_village_house_135_BE689DF7.ubulk" 3281
"C:/Users/Administrator/Documents/GitHub/hands2/Content/maps/level1/_GENERATED/User/ai_village_house_135_BE689DF7.uasset" 3282
"C:/Users/Administrator/Documents/GitHub/hands2/Content/maps/level1/_GENERATED/User/ai_village_house_135_BE689DF7.uexp" 3283
"C:/Users/Administrator/Documents/GitHub/hands2/Content/maps/level1/_GENERATED/User/ai_village_house_134_83ABE9B3.ubulk" 3284
"C:/Users/Administrator/Documents/GitHub/hands2/Content/maps/level1/_GENERATED/User/ai_village_house_134_83ABE9B3.uasset" 3285
"C:/Users/Administrator/Documents/GitHub/hands2/Content/maps/level1/_GENERATED/User/ai_village_house_134_83ABE9B3.uexp" 3286
"C:/Users/Administrator/Documents/GitHub/hands2/Content/maps/level1/_GENERATED/User/ai_village_house_133_B4FC0688.ubulk" 3287
"C:/Users/Administrator/Documents/GitHub/hands2/Content/maps/level1/_GENERATED/User/ai_village_house_133_B4FC0688.uasset" 3288
"C:/Users/Administrator/Documents/GitHub/hands2/Content/maps/level1/_GENERATED/User/ai_village_house_133_B4FC0688.uexp" 3289
"C:/Users/Administrator/Documents/GitHub/hands2/Content/maps/level1/_GENERATED/User/ai_village_house_132_413FF45F.ubulk" 3290
"C:/Users/Administrator/Documents/GitHub/hands2/Content/maps/level1/_GENERATED/User/ai_village_house_132_413FF45F.uasset" 3291
"C:/Users/Administrator/Documents/GitHub/hands2/Content/maps/level1/_GENERATED/User/ai_village_house_132_413FF45F.uexp" 3292
"C:/Users/Administrator/Documents/GitHub/hands2/Content/maps/level1/_GENERATED/User/ai_village_house_131_30B1B97D.ubulk" 3293
"C:/Users/Administrator/Documents/GitHub/hands2/Content/maps/level1/_GENERATED/User/ai_village_house_131_30B1B97D.uasset" 3294
"C:/Users/Administrator/Documents/GitHub/hands2/Content/maps/level1/_GENERATED/User/ai_village_house_131_30B1B97D.uexp" 3295
"C:/Users/Administrator/Documents/GitHub/hands2/Content/maps/level1/_GENERATED/User/ai_village_house_130_B62D55C1.ubulk" 3296
"C:/Users/Administrator/Documents/GitHub/hands2/Content/maps/level1/_GENERATED/User/ai_village_house_130_B62D55C1.uasset" 3297
"C:/Users/Administrator/Documents/GitHub/hands2/Content/maps/level1/_GENERATED/User/ai_village_house_130_B62D55C1.uexp" 3298
"C:/Users/Administrator/Documents/GitHub/hands2/Content/maps/level1/_GENERATED/User/ai_village_house_12_6BE1262E.ubulk" 3299
"C:/Users/Administrator/Documents/GitHub/hands2/Content/maps/level1/_GENERATED/User/ai_village_house_12_6BE1262E.uasset" 3300
"C:/Users/Administrator/Documents/GitHub/hands2/Content/maps/level1/_GENERATED/User/ai_village_house_12_6BE1262E.uexp" 3301
"C:/Users/Administrator/Documents/GitHub/hands2/Content/maps/level1/_GENERATED/User/ai_village_house_129_7286970D.ubulk" 3302
"C:/Users/Administrator/Documents/GitHub/hands2/Content/maps/level1/_GENERATED/User/ai_village_house_129_7286970D.uasset" 3303
"C:/Users/Administrator/Documents/GitHub/hands2/Content/maps/level1/_GENERATED/User/ai_village_house_129_7286970D.uexp" 3304
"C:/Users/Administrator/Documents/GitHub/hands2/Content/maps/level1/_GENERATED/User/ai_village_house_128_7439BB74.ubulk" 3305
"C:/Users/Administrator/Documents/GitHub/hands2/Content/maps/level1/_GENERATED/User/ai_village_house_128_7439BB74.uasset" 3306
"C:/Users/Administrator/Documents/GitHub/hands2/Content/maps/level1/_GENERATED/User/ai_village_house_128_7439BB74.uexp" 3307
"C:/Users/Administrator/Documents/GitHub/hands2/Content/maps/level1/_GENERATED/User/ai_village_house_127_17473D27.ubulk" 3308
"C:/Users/Administrator/Documents/GitHub/hands2/Content/maps/level1/_GENERATED/User/ai_village_house_127_17473D27.uasset" 3309
"C:/Users/Administrator/Documents/GitHub/hands2/Content/maps/level1/_GENERATED/User/ai_village_house_127_17473D27.uexp" 3310
"C:/Users/Administrator/Documents/GitHub/hands2/Content/maps/level1/_GENERATED/User/ai_village_house_126_D5CA3B2A.ubulk" 3311
"C:/Users/Administrator/Documents/GitHub/hands2/Content/maps/level1/_GENERATED/User/ai_village_house_126_D5CA3B2A.uasset" 3312
"C:/Users/Administrator/Documents/GitHub/hands2/Content/maps/level1/_GENERATED/User/ai_village_house_126_D5CA3B2A.uexp" 3313
"C:/Users/Administrator/Documents/GitHub/hands2/Content/maps/level1/_GENERATED/User/ai_village_house_125_78EC7BE7.ubulk" 3314
"C:/Users/Administrator/Documents/GitHub/hands2/Content/maps/level1/_GENERATED/User/ai_village_house_125_78EC7BE7.uasset" 3315
"C:/Users/Administrator/Documents/GitHub/hands2/Content/maps/level1/_GENERATED/User/ai_village_house_125_78EC7BE7.uexp" 3316
"C:/Users/Administrator/Documents/GitHub/hands2/Content/maps/level1/_GENERATED/User/ai_village_house_124_FAA4FFAE.ubulk" 3317
"C:/Users/Administrator/Documents/GitHub/hands2/Content/maps/level1/_GENERATED/User/ai_village_house_124_FAA4FFAE.uasset" 3318
"C:/Users/Administrator/Documents/GitHub/hands2/Content/maps/level1/_GENERATED/User/ai_village_house_124_FAA4FFAE.uexp" 3319
"C:/Users/Administrator/Documents/GitHub/hands2/Content/maps/level1/_GENERATED/User/ai_village_house_123_E447ACAF.ubulk" 3320
"C:/Users/Administrator/Documents/GitHub/hands2/Content/maps/level1/_GENERATED/User/ai_village_house_123_E447ACAF.uasset" 3321
"C:/Users/Administrator/Documents/GitHub/hands2/Content/maps/level1/_GENERATED/User/ai_village_house_123_E447ACAF.uexp" 3322
"C:/Users/Administrator/Documents/GitHub/hands2/Content/maps/level1/_GENERATED/User/ai_village_house_122_8725E156.ubulk" 3323
"C:/Users/Administrator/Documents/GitHub/hands2/Content/maps/level1/_GENERATED/User/ai_village_house_122_8725E156.uasset" 3324
"C:/Users/Administrator/Documents/GitHub/hands2/Content/maps/level1/_GENERATED/User/ai_village_house_122_8725E156.uexp" 3325
"C:/Users/Administrator/Documents/GitHub/hands2/Content/maps/level1/_GENERATED/User/ai_village_house_121_33495E8F.ubulk" 3326
"C:/Users/Administrator/Documents/GitHub/hands2/Content/maps/level1/_GENERATED/User/ai_village_house_121_33495E8F.uasset" 3327
"C:/Users/Administrator/Documents/GitHub/hands2/Content/maps/level1/_GENERATED/User/ai_village_house_121_33495E8F.uexp" 3328
"C:/Users/Administrator/Documents/GitHub/hands2/Content/maps/level1/_GENERATED/User/ai_village_house_120_57803AF0.ubulk" 3329
"C:/Users/Administrator/Documents/GitHub/hands2/Content/maps/level1/_GENERATED/User/ai_village_house_120_57803AF0.uasset" 3330
"C:/Users/Administrator/Documents/GitHub/hands2/Content/maps/level1/_GENERATED/User/ai_village_house_120_57803AF0.uexp" 3331
"C:/Users/Administrator/Documents/GitHub/hands2/Content/maps/level1/_GENERATED/User/ai_village_house_11_E15F26B4.ubulk" 3332
"C:/Users/Administrator/Documents/GitHub/hands2/Content/maps/level1/_GENERATED/User/ai_village_house_11_E15F26B4.uasset" 3333
"C:/Users/Administrator/Documents/GitHub/hands2/Content/maps/level1/_GENERATED/User/ai_village_house_11_E15F26B4.uexp" 3334
"C:/Users/Administrator/Documents/GitHub/hands2/Content/maps/level1/_GENERATED/User/ai_village_house_119_09627B45.ubulk" 3335
"C:/Users/Administrator/Documents/GitHub/hands2/Content/maps/level1/_GENERATED/User/ai_village_house_119_09627B45.uasset" 3336
"C:/Users/Administrator/Documents/GitHub/hands2/Content/maps/level1/_GENERATED/User/ai_village_house_119_09627B45.uexp" 3337
"C:/Users/Administrator/Documents/GitHub/hands2/Content/maps/level1/_GENERATED/User/ai_village_house_118_8AB778F3.ubulk" 3338
"C:/Users/Administrator/Documents/GitHub/hands2/Content/maps/level1/_GENERATED/User/ai_village_house_118_8AB778F3.uasset" 3339
"C:/Users/Administrator/Documents/GitHub/hands2/Content/maps/level1/_GENERATED/User/ai_village_house_118_8AB778F3.uexp" 3340
"C:/Users/Administrator/Documents/GitHub/hands2/Content/maps/level1/_GENERATED/User/ai_village_house_117_D35EC534.ubulk" 3341
"C:/Users/Administrator/Documents/GitHub/hands2/Content/maps/level1/_GENERATED/User/ai_village_house_117_D35EC534.uasset" 3342
"C:/Users/Administrator/Documents/GitHub/hands2/Content/maps/level1/_GENERATED/User/ai_village_house_117_D35EC534.uexp" 3343
"C:/Users/Administrator/Documents/GitHub/hands2/Content/maps/level1/_GENERATED/User/ai_village_house_116_63CCE271.ubulk" 3344
"C:/Users/Administrator/Documents/GitHub/hands2/Content/maps/level1/_GENERATED/User/ai_village_house_116_63CCE271.uasset" 3345
"C:/Users/Administrator/Documents/GitHub/hands2/Content/maps/level1/_GENERATED/User/ai_village_house_116_63CCE271.uexp" 3346
"C:/Users/Administrator/Documents/GitHub/hands2/Content/maps/level1/_GENERATED/User/ai_village_house_115_9FF5FE36.ubulk" 3347
"C:/Users/Administrator/Documents/GitHub/hands2/Content/maps/level1/_GENERATED/User/ai_village_house_115_9FF5FE36.uasset" 3348
"C:/Users/Administrator/Documents/GitHub/hands2/Content/maps/level1/_GENERATED/User/ai_village_house_115_9FF5FE36.uexp" 3349
"C:/Users/Administrator/Documents/GitHub/hands2/Content/maps/level1/_GENERATED/User/ai_village_house_114_B4A2E72A.ubulk" 3350
"C:/Users/Administrator/Documents/GitHub/hands2/Content/maps/level1/_GENERATED/User/ai_village_house_114_B4A2E72A.uasset" 3351
"C:/Users/Administrator/Documents/GitHub/hands2/Content/maps/level1/_GENERATED/User/ai_village_house_114_B4A2E72A.uexp" 3352
"C:/Users/Administrator/Documents/GitHub/hands2/Content/maps/level1/_GENERATED/User/ai_village_house_113_5A4A86FD.ubulk" 3353
"C:/Users/Administrator/Documents/GitHub/hands2/Content/maps/level1/_GENERATED/User/ai_village_house_113_5A4A86FD.uasset" 3354
"C:/Users/Administrator/Documents/GitHub/hands2/Content/maps/level1/_GENERATED/User/ai_village_house_113_5A4A86FD.uexp" 3355
"C:/Users/Administrator/Documents/GitHub/hands2/Content/maps/level1/_GENERATED/User/ai_village_house_112_C603CE6C.ubulk" 3356
"C:/Users/Administrator/Documents/GitHub/hands2/Content/maps/level1/_GENERATED/User/ai_village_house_112_C603CE6C.uasset" 3357
"C:/Users/Administrator/Documents/GitHub/hands2/Content/maps/level1/_GENERATED/User/ai_village_house_112_C603CE6C.uexp" 3358
"C:/Users/Administrator/Documents/GitHub/hands2/Content/maps/level1/_GENERATED/User/ai_village_house_111_9151C6B8.ubulk" 3359
"C:/Users/Administrator/Documents/GitHub/hands2/Content/maps/level1/_GENERATED/User/ai_village_house_111_9151C6B8.uasset" 3360
"C:/Users/Administrator/Documents/GitHub/hands2/Content/maps/level1/_GENERATED/User/ai_village_house_111_9151C6B8.uexp" 3361
"C:/Users/Administrator/Documents/GitHub/hands2/Content/maps/level1/_GENERATED/User/ai_village_house_110_C1CE858D.ubulk" 3362
"C:/Users/Administrator/Documents/GitHub/hands2/Content/maps/level1/_GENERATED/User/ai_village_house_110_C1CE858D.uasset" 3363
"C:/Users/Administrator/Documents/GitHub/hands2/Content/maps/level1/_GENERATED/User/ai_village_house_110_C1CE858D.uexp" 3364
"C:/Users/Administrator/Documents/GitHub/hands2/Content/maps/level1/_GENERATED/User/ai_village_house_10_9031039C.ubulk" 3365
"C:/Users/Administrator/Documents/GitHub/hands2/Content/maps/level1/_GENERATED/User/ai_village_house_10_9031039C.uasset" 3366
"C:/Users/Administrator/Documents/GitHub/hands2/Content/maps/level1/_GENERATED/User/ai_village_house_10_9031039C.uexp" 3367
"C:/Users/Administrator/Documents/GitHub/hands2/Content/maps/level1/_GENERATED/User/ai_village_house_109_2F238A59.ubulk" 3368
"C:/Users/Administrator/Documents/GitHub/hands2/Content/maps/level1/_GENERATED/User/ai_village_house_109_2F238A59.uasset" 3369
"C:/Users/Administrator/Documents/GitHub/hands2/Content/maps/level1/_GENERATED/User/ai_village_house_109_2F238A59.uexp" 3370
"C:/Users/Administrator/Documents/GitHub/hands2/Content/maps/level1/_GENERATED/User/ai_village_house_102_48C49FC7.ubulk" 3371
"C:/Users/Administrator/Documents/GitHub/hands2/Content/maps/level1/_GENERATED/User/ai_village_house_102_48C49FC7.uasset" 3372
"C:/Users/Administrator/Documents/GitHub/hands2/Content/maps/level1/_GENERATED/User/ai_village_house_102_48C49FC7.uexp" 3373
"C:/Users/Administrator/Documents/GitHub/hands2/Content/maps/level1/_GENERATED/User/ai_village_house_101_7896D640.ubulk" 3374
"C:/Users/Administrator/Documents/GitHub/hands2/Content/maps/level1/_GENERATED/User/ai_village_house_101_7896D640.uasset" 3375
"C:/Users/Administrator/Documents/GitHub/hands2/Content/maps/level1/_GENERATED/User/ai_village_house_101_7896D640.uexp" 3376
"C:/Users/Administrator/Documents/GitHub/hands2/Content/maps/level1/_GENERATED/User/ai_village_house_100_C45B99A1.ubulk" 3377
"C:/Users/Administrator/Documents/GitHub/hands2/Content/maps/level1/_GENERATED/User/ai_village_house_100_C45B99A1.uasset" 3378
"C:/Users/Administrator/Documents/GitHub/hands2/Content/maps/level1/_GENERATED/User/ai_village_house_100_C45B99A1.uexp" 3379
"C:/Users/Administrator/Documents/GitHub/hands2/Content/Fab/AI_Village_House/ai_village_house/Textures/ai_village_house_texture_21.ubulk" 3380
"C:/Users/Administrator/Documents/GitHub/hands2/Content/Fab/AI_Village_House/ai_village_house/Textures/ai_village_house_texture_21.uasset" 3381
"C:/Users/Administrator/Documents/GitHub/hands2/Content/Fab/AI_Village_House/ai_village_house/Textures/ai_village_house_texture_21.uexp" 3382
"C:/Users/Administrator/Documents/GitHub/hands2/Content/Fab/AI_Village_House/ai_village_house/Materials/wallpaper_hall.uasset" 3383
"C:/Users/Administrator/Documents/GitHub/hands2/Content/Fab/AI_Village_House/ai_village_house/Materials/wallpaper_hall.uexp" 3384
"C:/Users/Administrator/Documents/GitHub/hands2/Content/maps/level1/_GENERATED/User/ai_village_house_0_9FDD7C88.ubulk" 3385
"C:/Users/Administrator/Documents/GitHub/hands2/Content/maps/level1/_GENERATED/User/ai_village_house_0_9FDD7C88.uasset" 3386
"C:/Users/Administrator/Documents/GitHub/hands2/Content/maps/level1/_GENERATED/User/ai_village_house_0_9FDD7C88.uexp" 3387
"C:/Users/Administrator/Documents/GitHub/hands2/Content/maps/level1/vray_metal_crane.uasset" 3388
"C:/Users/Administrator/Documents/GitHub/hands2/Content/maps/level1/vray_metal_crane.uexp" 3389
"C:/Users/Administrator/Documents/GitHub/hands2/Content/maps/level1/vray_ceramics.uasset" 3390
"C:/Users/Administrator/Documents/GitHub/hands2/Content/maps/level1/vray_ceramics.uexp" 3391
"C:/Users/Administrator/Documents/GitHub/hands2/Content/maps/level1/tap/statickMesh/crane_5_2F392377.ubulk" 3392
"C:/Users/Administrator/Documents/GitHub/hands2/Content/maps/level1/tap/statickMesh/crane_5_2F392377.uasset" 3393
"C:/Users/Administrator/Documents/GitHub/hands2/Content/maps/level1/tap/statickMesh/crane_5_2F392377.uexp" 3394
"C:/Users/Administrator/Documents/GitHub/hands2/Content/maps/level1/tap/bluprints/NP_TAPpen.uasset" 3395
"C:/Users/Administrator/Documents/GitHub/hands2/Content/maps/level1/tap/bluprints/NP_TAPpen.uexp" 3396
"../../../Engine/Content/EngineMaterials/BaseFlattenDiffuseMap.uasset" 3397
"../../../Engine/Content/EngineMaterials/BaseFlattenDiffuseMap.uexp" 3398
"../../../Engine/Content/EngineMaterials/BaseFlattenEmissiveMap.uasset" 3399
"../../../Engine/Content/EngineMaterials/BaseFlattenEmissiveMap.uexp" 3400
"../../../Engine/Content/EngineMaterials/BaseFlattenGrayscaleMap.uasset" 3401
"../../../Engine/Content/EngineMaterials/BaseFlattenGrayscaleMap.uexp" 3402
"../../../Engine/Content/EngineMaterials/BaseFlattenLinearColor.uasset" 3403
"../../../Engine/Content/EngineMaterials/BaseFlattenLinearColor.uexp" 3404
"../../../Engine/Content/Functions/Engine_MaterialFunctions02/PivotPainter2/Black_1x1_EXR_Texture.uasset" 3405
"../../../Engine/Content/Functions/Engine_MaterialFunctions02/PivotPainter2/Black_1x1_EXR_Texture.uexp" 3406
"../../../Engine/Content/EngineMaterials/FlattenMaterial.uasset" 3407
"../../../Engine/Content/EngineMaterials/FlattenMaterial.uexp" 3408
"C:/Users/Administrator/Documents/GitHub/hands2/Content/maps/level1/_GENERATED/User/M_Combined_73E63D3A_MI_M_Combined_73E63D3A_vray_Material__2142151220_BBAD86824CE30B3482B78CBE43EC7FD6_9A51F69545C1A3F08E2C44B8EF263B7F.uasset" 3409
"C:/Users/Administrator/Documents/GitHub/hands2/Content/maps/level1/_GENERATED/User/M_Combined_73E63D3A_MI_M_Combined_73E63D3A_vray_Material__2142151220_BBAD86824CE30B3482B78CBE43EC7FD6_9A51F69545C1A3F08E2C44B8EF263B7F.uexp" 3410
"C:/Users/Administrator/Documents/GitHub/hands2/Content/maps/level1/high-gas-stove/StaticMeshes/Combined_492AF5D9.ubulk" 3411
"C:/Users/Administrator/Documents/GitHub/hands2/Content/maps/level1/high-gas-stove/StaticMeshes/Combined_492AF5D9.uasset" 3412
"C:/Users/Administrator/Documents/GitHub/hands2/Content/maps/level1/high-gas-stove/StaticMeshes/Combined_492AF5D9.uexp" 3413
"C:/Users/Administrator/Documents/GitHub/hands2/Content/maps/level1/high-gas-stove/bluprint/BP_Shuf.uasset" 3414
"C:/Users/Administrator/Documents/GitHub/hands2/Content/maps/level1/high-gas-stove/bluprint/BP_Shuf.uexp" 3415
"C:/Users/Administrator/Documents/GitHub/hands2/Content/Fab/FOAM_FIRE_EXTINGUISHER_LOW_POLY/theappxr_Estintore_foam_NODRACO_standard/Textures/T_Metal_Normal.ubulk" 3416
"C:/Users/Administrator/Documents/GitHub/hands2/Content/Fab/FOAM_FIRE_EXTINGUISHER_LOW_POLY/theappxr_Estintore_foam_NODRACO_standard/Textures/T_Metal_Normal.uasset" 3417
"C:/Users/Administrator/Documents/GitHub/hands2/Content/Fab/FOAM_FIRE_EXTINGUISHER_LOW_POLY/theappxr_Estintore_foam_NODRACO_standard/Textures/T_Metal_Normal.uexp" 3418
"C:/Users/Administrator/Documents/GitHub/hands2/Content/Fab/FOAM_FIRE_EXTINGUISHER_LOW_POLY/theappxr_Estintore_foam_NODRACO_standard/Textures/T_Metal_AlbedoTransparency.ubulk" 3419
"C:/Users/Administrator/Documents/GitHub/hands2/Content/Fab/FOAM_FIRE_EXTINGUISHER_LOW_POLY/theappxr_Estintore_foam_NODRACO_standard/Textures/T_Metal_AlbedoTransparency.uasset" 3420
"C:/Users/Administrator/Documents/GitHub/hands2/Content/Fab/FOAM_FIRE_EXTINGUISHER_LOW_POLY/theappxr_Estintore_foam_NODRACO_standard/Textures/T_Metal_AlbedoTransparency.uexp" 3421
"C:/Users/Administrator/Documents/GitHub/hands2/Content/Fab/FOAM_FIRE_EXTINGUISHER_LOW_POLY/theappxr_Estintore_foam_NODRACO_standard/Materials/M_Fire_extinguisherFoam.uasset" 3422
"C:/Users/Administrator/Documents/GitHub/hands2/Content/Fab/FOAM_FIRE_EXTINGUISHER_LOW_POLY/theappxr_Estintore_foam_NODRACO_standard/Materials/M_Fire_extinguisherFoam.uexp" 3423
"C:/Users/Administrator/Documents/GitHub/hands2/Content/Fab/FOAM_FIRE_EXTINGUISHER_LOW_POLY/theappxr_Estintore_foam_NODRACO_standard/StaticMeshes/theappxr_Estintore_foam_NODRACO_standard_0_10_ACE0C322.ubulk" 3424
"C:/Users/Administrator/Documents/GitHub/hands2/Content/Fab/FOAM_FIRE_EXTINGUISHER_LOW_POLY/theappxr_Estintore_foam_NODRACO_standard/StaticMeshes/theappxr_Estintore_foam_NODRACO_standard_0_10_ACE0C322.uasset" 3425
"C:/Users/Administrator/Documents/GitHub/hands2/Content/Fab/FOAM_FIRE_EXTINGUISHER_LOW_POLY/theappxr_Estintore_foam_NODRACO_standard/StaticMeshes/theappxr_Estintore_foam_NODRACO_standard_0_10_ACE0C322.uexp" 3426
"C:/Users/Administrator/Documents/GitHub/hands2/Content/Fab/FOAM_FIRE_EXTINGUISHER_LOW_POLY/theappxr_Estintore_foam_NODRACO_standard/StaticMeshes/BP_cheka.uasset" 3427
"C:/Users/Administrator/Documents/GitHub/hands2/Content/Fab/FOAM_FIRE_EXTINGUISHER_LOW_POLY/theappxr_Estintore_foam_NODRACO_standard/StaticMeshes/BP_cheka.uexp" 3428
"C:/Users/Administrator/Documents/GitHub/hands2/Content/Fab/FOAM_FIRE_EXTINGUISHER_LOW_POLY/theappxr_Estintore_foam_NODRACO_standard/StaticMeshes/theappxr_Estintore_foam_NODRACO_standard_0_9_3B7F5366.ubulk" 3429
"C:/Users/Administrator/Documents/GitHub/hands2/Content/Fab/FOAM_FIRE_EXTINGUISHER_LOW_POLY/theappxr_Estintore_foam_NODRACO_standard/StaticMeshes/theappxr_Estintore_foam_NODRACO_standard_0_9_3B7F5366.uasset" 3430
"C:/Users/Administrator/Documents/GitHub/hands2/Content/Fab/FOAM_FIRE_EXTINGUISHER_LOW_POLY/theappxr_Estintore_foam_NODRACO_standard/StaticMeshes/theappxr_Estintore_foam_NODRACO_standard_0_9_3B7F5366.uexp" 3431
"C:/Users/Administrator/Documents/GitHub/hands2/Content/Fab/FOAM_FIRE_EXTINGUISHER_LOW_POLY/theappxr_Estintore_foam_NODRACO_standard/StaticMeshes/BPI_checa.uasset" 3432
"C:/Users/Administrator/Documents/GitHub/hands2/Content/Fab/FOAM_FIRE_EXTINGUISHER_LOW_POLY/theappxr_Estintore_foam_NODRACO_standard/StaticMeshes/BPI_checa.uexp" 3433
"C:/Users/Administrator/Documents/GitHub/hands2/Content/Fab/FOAM_FIRE_EXTINGUISHER_LOW_POLY/theappxr_Estintore_foam_NODRACO_standard/StaticMeshes/BP_ret.uasset" 3434
"C:/Users/Administrator/Documents/GitHub/hands2/Content/Fab/FOAM_FIRE_EXTINGUISHER_LOW_POLY/theappxr_Estintore_foam_NODRACO_standard/StaticMeshes/BP_ret.uexp" 3435
"C:/Users/Administrator/Documents/GitHub/hands2/Content/maps/level1/_GENERATED/User/Combined_9066A7E2.ubulk" 3436
"C:/Users/Administrator/Documents/GitHub/hands2/Content/maps/level1/_GENERATED/User/Combined_9066A7E2.uasset" 3437
"C:/Users/Administrator/Documents/GitHub/hands2/Content/maps/level1/_GENERATED/User/Combined_9066A7E2.uexp" 3438
"../../../Engine/Plugins/FX/Niagara/Content/DefaultAssets/DefaultSpriteMaterial.uasset" 3439
"../../../Engine/Plugins/FX/Niagara/Content/DefaultAssets/DefaultSpriteMaterial.uexp" 3440
"../../../Engine/Plugins/FX/Niagara/Content/VectorFields/Assets/TilingCurl32.uasset" 3441
"../../../Engine/Plugins/FX/Niagara/Content/VectorFields/Assets/TilingCurl32.uexp" 3442
"C:/Users/Administrator/Documents/GitHub/hands2/Content/Fab/FOAM_FIRE_EXTINGUISHER_LOW_POLY/theappxr_Estintore_foam_NODRACO_standard/StaticMeshes/NS_FireExtinguisher_Powder.uasset" 3443
"C:/Users/Administrator/Documents/GitHub/hands2/Content/Fab/FOAM_FIRE_EXTINGUISHER_LOW_POLY/theappxr_Estintore_foam_NODRACO_standard/StaticMeshes/NS_FireExtinguisher_Powder.uexp" 3444
"C:/Users/Administrator/Documents/GitHub/hands2/Content/Fab/FOAM_FIRE_EXTINGUISHER_LOW_POLY/theappxr_Estintore_foam_NODRACO_standard/StaticMeshes/fire-extinguisher_mjc2l94u__online-video-cutter_com_.ubulk" 3445
"C:/Users/Administrator/Documents/GitHub/hands2/Content/Fab/FOAM_FIRE_EXTINGUISHER_LOW_POLY/theappxr_Estintore_foam_NODRACO_standard/StaticMeshes/fire-extinguisher_mjc2l94u__online-video-cutter_com_.uasset" 3446
"C:/Users/Administrator/Documents/GitHub/hands2/Content/Fab/FOAM_FIRE_EXTINGUISHER_LOW_POLY/theappxr_Estintore_foam_NODRACO_standard/StaticMeshes/fire-extinguisher_mjc2l94u__online-video-cutter_com_.uexp" 3447
"C:/Users/Administrator/Documents/GitHub/hands2/Content/Fab/FOAM_FIRE_EXTINGUISHER_LOW_POLY/theappxr_Estintore_foam_NODRACO_standard/StaticMeshes/BP_theapp.uasset" 3448
"C:/Users/Administrator/Documents/GitHub/hands2/Content/Fab/FOAM_FIRE_EXTINGUISHER_LOW_POLY/theappxr_Estintore_foam_NODRACO_standard/StaticMeshes/BP_theapp.uexp" 3449
"C:/Users/Administrator/Documents/GitHub/hands2/Content/maps/level1/_GENERATED/User/ai_village_house_209_84295A73.ubulk" 3450
"C:/Users/Administrator/Documents/GitHub/hands2/Content/maps/level1/_GENERATED/User/ai_village_house_209_84295A73.uasset" 3451
"C:/Users/Administrator/Documents/GitHub/hands2/Content/maps/level1/_GENERATED/User/ai_village_house_209_84295A73.uexp" 3452
"C:/Users/Administrator/Documents/GitHub/hands2/Content/maps/level1/high-gas-stove/bluprint/BP_stecloRuchka.uasset" 3453
"C:/Users/Administrator/Documents/GitHub/hands2/Content/maps/level1/high-gas-stove/bluprint/BP_stecloRuchka.uexp" 3454
"C:/Users/Administrator/Documents/GitHub/hands2/Content/maps/level7/_GENERATED/User/Combined_4FF8091E.ubulk" 3455
"C:/Users/Administrator/Documents/GitHub/hands2/Content/maps/level7/_GENERATED/User/Combined_4FF8091E.uasset" 3456
"C:/Users/Administrator/Documents/GitHub/hands2/Content/maps/level7/_GENERATED/User/Combined_4FF8091E.uexp" 3457
"C:/Users/Administrator/Documents/GitHub/hands2/Content/maps/level1/high-gas-stove/bluprint/BP_steclo.uasset" 3458
"C:/Users/Administrator/Documents/GitHub/hands2/Content/maps/level1/high-gas-stove/bluprint/BP_steclo.uexp" 3459
"C:/Users/Administrator/Documents/GitHub/hands2/Content/M5VFXVOL2/Textures/Flow/Flame.ubulk" 3460
"C:/Users/Administrator/Documents/GitHub/hands2/Content/M5VFXVOL2/Textures/Flow/Flame.uasset" 3461
"C:/Users/Administrator/Documents/GitHub/hands2/Content/M5VFXVOL2/Textures/Flow/Flame.uexp" 3462
"C:/Users/Administrator/Documents/GitHub/hands2/Content/M5VFXVOL2/Materials/Master/Basic_Emi_Mat.uasset" 3463
"C:/Users/Administrator/Documents/GitHub/hands2/Content/M5VFXVOL2/Materials/Master/Basic_Emi_Mat.uexp" 3464
"C:/Users/Administrator/Documents/GitHub/hands2/Content/M5VFXVOL2/Materials/Etc/Flame_Inst.uasset" 3465
"C:/Users/Administrator/Documents/GitHub/hands2/Content/M5VFXVOL2/Materials/Etc/Flame_Inst.uexp" 3466
"C:/Users/Administrator/Documents/GitHub/hands2/Content/M5VFXVOL2/Textures/Fireloop/bonefire3.ubulk" 3467
"C:/Users/Administrator/Documents/GitHub/hands2/Content/M5VFXVOL2/Textures/Fireloop/bonefire3.uasset" 3468
"C:/Users/Administrator/Documents/GitHub/hands2/Content/M5VFXVOL2/Textures/Fireloop/bonefire3.uexp" 3469
"C:/Users/Administrator/Documents/GitHub/hands2/Content/M5VFXVOL2/Textures/CandleFire/CandleFire_D.ubulk" 3470
"C:/Users/Administrator/Documents/GitHub/hands2/Content/M5VFXVOL2/Textures/CandleFire/CandleFire_D.uasset" 3471
"C:/Users/Administrator/Documents/GitHub/hands2/Content/M5VFXVOL2/Textures/CandleFire/CandleFire_D.uexp" 3472
"C:/Users/Administrator/Documents/GitHub/hands2/Content/M5VFXVOL2/Materials/Master/Sequence_Mat.uasset" 3473
"C:/Users/Administrator/Documents/GitHub/hands2/Content/M5VFXVOL2/Materials/Master/Sequence_Mat.uexp" 3474
"C:/Users/Administrator/Documents/GitHub/hands2/Content/M5VFXVOL2/Materials/Fireloop_Inst/BoneFire3_Inst.uasset" 3475
"C:/Users/Administrator/Documents/GitHub/hands2/Content/M5VFXVOL2/Materials/Fireloop_Inst/BoneFire3_Inst.uexp" 3476
"C:/Users/Administrator/Documents/GitHub/hands2/Content/M5VFXVOL2/Textures/smoke/0_6_smoke.ubulk" 3477
"C:/Users/Administrator/Documents/GitHub/hands2/Content/M5VFXVOL2/Textures/smoke/0_6_smoke.uasset" 3478
"C:/Users/Administrator/Documents/GitHub/hands2/Content/M5VFXVOL2/Textures/smoke/0_6_smoke.uexp" 3479
"C:/Users/Administrator/Documents/GitHub/hands2/Content/M5VFXVOL2/Textures/Flow/Circle_normal.ubulk" 3480
"C:/Users/Administrator/Documents/GitHub/hands2/Content/M5VFXVOL2/Textures/Flow/Circle_normal.uasset" 3481
"C:/Users/Administrator/Documents/GitHub/hands2/Content/M5VFXVOL2/Textures/Flow/Circle_normal.uexp" 3482
"C:/Users/Administrator/Documents/GitHub/hands2/Content/M5VFXVOL2/Materials/Master/Smoke1_Mat.uasset" 3483
"C:/Users/Administrator/Documents/GitHub/hands2/Content/M5VFXVOL2/Materials/Master/Smoke1_Mat.uexp" 3484
"C:/Users/Administrator/Documents/GitHub/hands2/Content/M5VFXVOL2/Materials/Smoke_Inst/0_6_smoke_Inst.uasset" 3485
"C:/Users/Administrator/Documents/GitHub/hands2/Content/M5VFXVOL2/Materials/Smoke_Inst/0_6_smoke_Inst.uexp" 3486
"C:/Users/Administrator/Documents/GitHub/hands2/Content/M5VFXVOL2/Textures/Fire/bonefire_fwd4.ubulk" 3487
"C:/Users/Administrator/Documents/GitHub/hands2/Content/M5VFXVOL2/Textures/Fire/bonefire_fwd4.uasset" 3488
"C:/Users/Administrator/Documents/GitHub/hands2/Content/M5VFXVOL2/Textures/Fire/bonefire_fwd4.uexp" 3489
"C:/Users/Administrator/Documents/GitHub/hands2/Content/M5VFXVOL2/Materials/Fire_Inst/BoneFire_fwd4_Inst.uasset" 3490
"C:/Users/Administrator/Documents/GitHub/hands2/Content/M5VFXVOL2/Materials/Fire_Inst/BoneFire_fwd4_Inst.uexp" 3491
"C:/Users/Administrator/Documents/GitHub/hands2/Content/M5VFXVOL2/Niagara/Fire_for_BP/NFire_BP_00.uasset" 3492
"C:/Users/Administrator/Documents/GitHub/hands2/Content/M5VFXVOL2/Niagara/Fire_for_BP/NFire_BP_00.uexp" 3493
"C:/Users/Administrator/Documents/GitHub/hands2/Content/maps/level1/bluprints/PB_MenuProshol.uasset" 3494
"C:/Users/Administrator/Documents/GitHub/hands2/Content/maps/level1/bluprints/PB_MenuProshol.uexp" 3495
"C:/Users/Administrator/Documents/GitHub/hands2/Content/maps/level1/bluprints/BP_neprochol.uasset" 3496
"C:/Users/Administrator/Documents/GitHub/hands2/Content/maps/level1/bluprints/BP_neprochol.uexp" 3497
"C:/Users/Administrator/Documents/GitHub/hands2/Content/maps/level1/bluprints/PB_MenuNeProshol.uasset" 3498
"C:/Users/Administrator/Documents/GitHub/hands2/Content/maps/level1/bluprints/PB_MenuNeProshol.uexp" 3499
"C:/Users/Administrator/Documents/GitHub/hands2/Content/Fab/Frying_Pan/fbx/Textures/fbx_texture_0.ubulk" 3500
"C:/Users/Administrator/Documents/GitHub/hands2/Content/Fab/Frying_Pan/fbx/Textures/fbx_texture_0.uasset" 3501
"C:/Users/Administrator/Documents/GitHub/hands2/Content/Fab/Frying_Pan/fbx/Textures/fbx_texture_0.uexp" 3502
"C:/Users/Administrator/Documents/GitHub/hands2/Content/Fab/Frying_Pan/fbx/Textures/fbx_texture_1.ubulk" 3503
"C:/Users/Administrator/Documents/GitHub/hands2/Content/Fab/Frying_Pan/fbx/Textures/fbx_texture_1.uasset" 3504
"C:/Users/Administrator/Documents/GitHub/hands2/Content/Fab/Frying_Pan/fbx/Textures/fbx_texture_1.uexp" 3505
"C:/Users/Administrator/Documents/GitHub/hands2/Content/Fab/Frying_Pan/fbx/Textures/fbx_texture_2.ubulk" 3506
"C:/Users/Administrator/Documents/GitHub/hands2/Content/Fab/Frying_Pan/fbx/Textures/fbx_texture_2.uasset" 3507
"C:/Users/Administrator/Documents/GitHub/hands2/Content/Fab/Frying_Pan/fbx/Textures/fbx_texture_2.uexp" 3508
"C:/Users/Administrator/Documents/GitHub/hands2/Content/Fab/Frying_Pan/fbx/Materials/M_Pan.uasset" 3509
"C:/Users/Administrator/Documents/GitHub/hands2/Content/Fab/Frying_Pan/fbx/Materials/M_Pan.uexp" 3510
"C:/Users/Administrator/Documents/GitHub/hands2/Content/maps/level1/_GENERATED/User/fbx_1_699B46CB.ubulk" 3511
"C:/Users/Administrator/Documents/GitHub/hands2/Content/maps/level1/_GENERATED/User/fbx_1_699B46CB.uasset" 3512
"C:/Users/Administrator/Documents/GitHub/hands2/Content/maps/level1/_GENERATED/User/fbx_1_699B46CB.uexp" 3513
"C:/Users/Administrator/Documents/GitHub/hands2/Content/Fab/Wine_Bottle/wine_bottle/StaticMeshes/M_OilRibbon.uasset" 3514
"C:/Users/Administrator/Documents/GitHub/hands2/Content/Fab/Wine_Bottle/wine_bottle/StaticMeshes/M_OilRibbon.uexp" 3515
"C:/Users/Administrator/Documents/GitHub/hands2/Content/maps/level1/_GENERATED/User/Cylinder_163B89E2.ubulk" 3516
"C:/Users/Administrator/Documents/GitHub/hands2/Content/maps/level1/_GENERATED/User/Cylinder_163B89E2.uasset" 3517
"C:/Users/Administrator/Documents/GitHub/hands2/Content/maps/level1/_GENERATED/User/Cylinder_163B89E2.uexp" 3518
"C:/Users/Administrator/Documents/GitHub/hands2/Content/maps/level1/high-gas-stove/sound/sound-effects-library-camp-fire-burning.ubulk" 3519
"C:/Users/Administrator/Documents/GitHub/hands2/Content/maps/level1/high-gas-stove/sound/sound-effects-library-camp-fire-burning.uasset" 3520
"C:/Users/Administrator/Documents/GitHub/hands2/Content/maps/level1/high-gas-stove/sound/sound-effects-library-camp-fire-burning.uexp" 3521
"C:/Users/Administrator/Documents/GitHub/hands2/Content/Fab/Frying_Pan/fbx/bluprint/BP_fryingPan.uasset" 3522
"C:/Users/Administrator/Documents/GitHub/hands2/Content/Fab/Frying_Pan/fbx/bluprint/BP_fryingPan.uexp" 3523
"C:/Users/Administrator/Documents/GitHub/hands2/Content/Fab/Wine_Bottle/wine_bottle/StaticMeshes/M_whater.uasset" 3524
"C:/Users/Administrator/Documents/GitHub/hands2/Content/Fab/Wine_Bottle/wine_bottle/StaticMeshes/M_whater.uexp" 3525
"C:/Users/Administrator/Documents/GitHub/hands2/Content/Fab/Wine_Bottle/wine_bottle/StaticMeshes/NS_Whate.uasset" 3526
"C:/Users/Administrator/Documents/GitHub/hands2/Content/Fab/Wine_Bottle/wine_bottle/StaticMeshes/NS_Whate.uexp" 3527
"C:/Users/Administrator/Documents/GitHub/hands2/Content/maps/level1/tap/statickMesh/crane_0_411EEA37.ubulk" 3528
"C:/Users/Administrator/Documents/GitHub/hands2/Content/maps/level1/tap/statickMesh/crane_0_411EEA37.uasset" 3529
"C:/Users/Administrator/Documents/GitHub/hands2/Content/maps/level1/tap/statickMesh/crane_0_411EEA37.uexp" 3530
"C:/Users/Administrator/Documents/GitHub/hands2/Content/maps/level1/tap/bluprints/BP_Tap.uasset" 3531
"C:/Users/Administrator/Documents/GitHub/hands2/Content/maps/level1/tap/bluprints/BP_Tap.uexp" 3532
"C:/Users/Administrator/Documents/GitHub/hands2/Content/Fab/PSX_-_Smartphone/icons8-48.uasset" 3533
"C:/Users/Administrator/Documents/GitHub/hands2/Content/Fab/PSX_-_Smartphone/icons8-48.uexp" 3534
"C:/Users/Administrator/Documents/GitHub/hands2/Content/Fab/PSX_-_Smartphone/free-icon-wifi-159599.ubulk" 3535
"C:/Users/Administrator/Documents/GitHub/hands2/Content/Fab/PSX_-_Smartphone/free-icon-wifi-159599.uasset" 3536
"C:/Users/Administrator/Documents/GitHub/hands2/Content/Fab/PSX_-_Smartphone/free-icon-wifi-159599.uexp" 3537
"C:/Users/Administrator/Documents/GitHub/hands2/Content/Fab/PSX_-_Smartphone/free-icon-connected-14828310.ubulk" 3538
"C:/Users/Administrator/Documents/GitHub/hands2/Content/Fab/PSX_-_Smartphone/free-icon-connected-14828310.uasset" 3539
"C:/Users/Administrator/Documents/GitHub/hands2/Content/Fab/PSX_-_Smartphone/free-icon-connected-14828310.uexp" 3540
"C:/Users/Administrator/Documents/GitHub/hands2/Content/Fab/PSX_-_Smartphone/bluprints/INT_Phone.uasset" 3541
"C:/Users/Administrator/Documents/GitHub/hands2/Content/Fab/PSX_-_Smartphone/bluprints/INT_Phone.uexp" 3542
"C:/Users/Administrator/Documents/GitHub/hands2/Content/Fab/PSX_-_Smartphone/bluprints/WBP_PhoneScreen.uasset" 3543
"C:/Users/Administrator/Documents/GitHub/hands2/Content/Fab/PSX_-_Smartphone/bluprints/WBP_PhoneScreen.uexp" 3544
"../../../Engine/Content/EngineResources/DefaultTexture.ubulk" 3545
"../../../Engine/Content/EngineResources/DefaultTexture.uasset" 3546
"../../../Engine/Content/EngineResources/DefaultTexture.uexp" 3547
"../../../Engine/Content/EngineMaterials/DefaultNormal.ubulk" 3548
"../../../Engine/Content/EngineMaterials/DefaultNormal.uasset" 3549
"../../../Engine/Content/EngineMaterials/DefaultNormal.uexp" 3550
"../../../Engine/Plugins/Interchange/Assets/Content/Materials/MapOrColorFunction.uasset" 3551
"../../../Engine/Plugins/Interchange/Assets/Content/Materials/MapOrColorFunction.uexp" 3552
"../../../Engine/Plugins/Interchange/Assets/Content/Materials/MapOrLinearColorFunction.uasset" 3553
"../../../Engine/Plugins/Interchange/Assets/Content/Materials/MapOrLinearColorFunction.uexp" 3554
"../../../Engine/Plugins/Interchange/Assets/Content/Materials/MapOrScalarFunction.uasset" 3555
"../../../Engine/Plugins/Interchange/Assets/Content/Materials/MapOrScalarFunction.uexp" 3556
"../../../Engine/Plugins/Interchange/Assets/Content/Materials/CommonMaterial.uasset" 3557
"../../../Engine/Plugins/Interchange/Assets/Content/Materials/CommonMaterial.uexp" 3558
"../../../Engine/Plugins/Interchange/Assets/Content/Materials/LambertSurfaceMaterial.uasset" 3559
"../../../Engine/Plugins/Interchange/Assets/Content/Materials/LambertSurfaceMaterial.uexp" 3560
"C:/Users/Administrator/Documents/GitHub/hands2/Content/Fab/PSX_-_Smartphone/iphone_2.ubulk" 3561
"C:/Users/Administrator/Documents/GitHub/hands2/Content/Fab/PSX_-_Smartphone/iphone_2.uasset" 3562
"C:/Users/Administrator/Documents/GitHub/hands2/Content/Fab/PSX_-_Smartphone/iphone_2.uexp" 3563
"C:/Users/Administrator/Documents/GitHub/hands2/Content/Fab/PSX_-_Smartphone/lambert4.uasset" 3564
"C:/Users/Administrator/Documents/GitHub/hands2/Content/Fab/PSX_-_Smartphone/lambert4.uexp" 3565
"C:/Users/Administrator/Documents/GitHub/hands2/Content/Fab/PSX_-_Smartphone/PsX_Phone_2_orange_phone.ubulk" 3566
"C:/Users/Administrator/Documents/GitHub/hands2/Content/Fab/PSX_-_Smartphone/PsX_Phone_2_orange_phone.uasset" 3567
"C:/Users/Administrator/Documents/GitHub/hands2/Content/Fab/PSX_-_Smartphone/PsX_Phone_2_orange_phone.uexp" 3568
"C:/Users/Administrator/Documents/GitHub/hands2/Content/Fab/PSX_-_Smartphone/bluprints/BP_VRPhone.uasset" 3569
"C:/Users/Administrator/Documents/GitHub/hands2/Content/Fab/PSX_-_Smartphone/bluprints/BP_VRPhone.uexp" 3570
"C:/Users/Administrator/Documents/GitHub/hands2/Content/maps/level1/M_Write.uasset" 3571
"C:/Users/Administrator/Documents/GitHub/hands2/Content/maps/level1/M_Write.uexp" 3572
"C:/Users/Administrator/Documents/GitHub/hands2/Content/maps/level1/Box2995.ubulk" 3573
"C:/Users/Administrator/Documents/GitHub/hands2/Content/maps/level1/Box2995.uasset" 3574
"C:/Users/Administrator/Documents/GitHub/hands2/Content/maps/level1/Box2995.uexp" 3575
"C:/Users/Administrator/Documents/GitHub/hands2/Content/maps/level1/vray_Material__2146022937.uasset" 3576
"C:/Users/Administrator/Documents/GitHub/hands2/Content/maps/level1/vray_Material__2146022937.uexp" 3577
"C:/Users/Administrator/Documents/GitHub/hands2/Content/maps/level1/Box2991.ubulk" 3578
"C:/Users/Administrator/Documents/GitHub/hands2/Content/maps/level1/Box2991.uasset" 3579
"C:/Users/Administrator/Documents/GitHub/hands2/Content/maps/level1/Box2991.uexp" 3580
"C:/Users/Administrator/Documents/GitHub/hands2/Content/maps/level1/_GENERATED/User/ai_village_house_108_55D1D720.ubulk" 3581
"C:/Users/Administrator/Documents/GitHub/hands2/Content/maps/level1/_GENERATED/User/ai_village_house_108_55D1D720.uasset" 3582
"C:/Users/Administrator/Documents/GitHub/hands2/Content/maps/level1/_GENERATED/User/ai_village_house_108_55D1D720.uexp" 3583
"C:/Users/Administrator/Documents/GitHub/hands2/Content/maps/level1/_GENERATED/User/ai_village_house_107_2B138CAE.ubulk" 3584
"C:/Users/Administrator/Documents/GitHub/hands2/Content/maps/level1/_GENERATED/User/ai_village_house_107_2B138CAE.uasset" 3585
"C:/Users/Administrator/Documents/GitHub/hands2/Content/maps/level1/_GENERATED/User/ai_village_house_107_2B138CAE.uexp" 3586
"C:/Users/Administrator/Documents/GitHub/hands2/Content/maps/level1/_GENERATED/User/ai_village_house_106_2E710B0D.ubulk" 3587
"C:/Users/Administrator/Documents/GitHub/hands2/Content/maps/level1/_GENERATED/User/ai_village_house_106_2E710B0D.uasset" 3588
"C:/Users/Administrator/Documents/GitHub/hands2/Content/maps/level1/_GENERATED/User/ai_village_house_106_2E710B0D.uexp" 3589
"C:/Users/Administrator/Documents/GitHub/hands2/Content/maps/level1/_GENERATED/User/ai_village_house_105_AC4D8670.ubulk" 3590
"C:/Users/Administrator/Documents/GitHub/hands2/Content/maps/level1/_GENERATED/User/ai_village_house_105_AC4D8670.uasset" 3591
"C:/Users/Administrator/Documents/GitHub/hands2/Content/maps/level1/_GENERATED/User/ai_village_house_105_AC4D8670.uexp" 3592
"C:/Users/Administrator/Documents/GitHub/hands2/Content/maps/level1/_GENERATED/User/ai_village_house_104_5C021FAD.ubulk" 3593
"C:/Users/Administrator/Documents/GitHub/hands2/Content/maps/level1/_GENERATED/User/ai_village_house_104_5C021FAD.uasset" 3594
"C:/Users/Administrator/Documents/GitHub/hands2/Content/maps/level1/_GENERATED/User/ai_village_house_104_5C021FAD.uexp" 3595
"C:/Users/Administrator/Documents/GitHub/hands2/Content/maps/level1/_GENERATED/User/ai_village_house_103_837FF5D4.ubulk" 3596
"C:/Users/Administrator/Documents/GitHub/hands2/Content/maps/level1/_GENERATED/User/ai_village_house_103_837FF5D4.uasset" 3597
"C:/Users/Administrator/Documents/GitHub/hands2/Content/maps/level1/_GENERATED/User/ai_village_house_103_837FF5D4.uexp" 3598
"C:/Users/Administrator/Documents/GitHub/hands2/Content/maps/level1/_GENERATED/User/ai_village_house_96_8F562A61.ubulk" 3599
"C:/Users/Administrator/Documents/GitHub/hands2/Content/maps/level1/_GENERATED/User/ai_village_house_96_8F562A61.uasset" 3600
"C:/Users/Administrator/Documents/GitHub/hands2/Content/maps/level1/_GENERATED/User/ai_village_house_96_8F562A61.uexp" 3601
"C:/Users/Administrator/Documents/GitHub/hands2/Content/maps/level1/_GENERATED/User/ai_village_house_95_A3BB70F9.ubulk" 3602
"C:/Users/Administrator/Documents/GitHub/hands2/Content/maps/level1/_GENERATED/User/ai_village_house_95_A3BB70F9.uasset" 3603
"C:/Users/Administrator/Documents/GitHub/hands2/Content/maps/level1/_GENERATED/User/ai_village_house_95_A3BB70F9.uexp" 3604
"C:/Users/Administrator/Documents/GitHub/hands2/Content/maps/level1/_GENERATED/User/ai_village_house_94_6CBB1372.ubulk" 3605
"C:/Users/Administrator/Documents/GitHub/hands2/Content/maps/level1/_GENERATED/User/ai_village_house_94_6CBB1372.uasset" 3606
"C:/Users/Administrator/Documents/GitHub/hands2/Content/maps/level1/_GENERATED/User/ai_village_house_94_6CBB1372.uexp" 3607
"C:/Users/Administrator/Documents/GitHub/hands2/Content/maps/level7/BP_proshol_2.uasset" 3608
"C:/Users/Administrator/Documents/GitHub/hands2/Content/maps/level7/BP_proshol_2.uexp" 3609
"C:/Users/Administrator/Documents/GitHub/hands2/Content/maps/level7/PB_MenuProshol_2.uasset" 3610
"C:/Users/Administrator/Documents/GitHub/hands2/Content/maps/level7/PB_MenuProshol_2.uexp" 3611
"C:/Users/Administrator/Documents/GitHub/hands2/Content/maps/level7/BP_proverca.uasset" 3612
"C:/Users/Administrator/Documents/GitHub/hands2/Content/maps/level7/BP_proverca.uexp" 3613
"C:/Users/Administrator/Documents/GitHub/hands2/Content/maps/level7/level1_3.uexp" 3614
"C:/Users/Administrator/Documents/GitHub/hands2/Content/maps/level7/level1_3.ubulk" 3615
"C:/Users/Administrator/Documents/GitHub/hands2/Content/maps/level7/level1_3.umap" 3616
"C:/Users/Administrator/Documents/GitHub/hands2/Content/maps/level1/_GENERATED/User/ai_village_house_211_D70C7480.ubulk" 3617
"C:/Users/Administrator/Documents/GitHub/hands2/Content/maps/level1/_GENERATED/User/ai_village_house_211_D70C7480.uasset" 3618
"C:/Users/Administrator/Documents/GitHub/hands2/Content/maps/level1/_GENERATED/User/ai_village_house_211_D70C7480.uexp" 3619
"C:/Users/Administrator/Documents/GitHub/hands2/Content/maps/level1/_GENERATED/User/ai_village_house_210_864417AF.ubulk" 3620
"C:/Users/Administrator/Documents/GitHub/hands2/Content/maps/level1/_GENERATED/User/ai_village_house_210_864417AF.uasset" 3621
"C:/Users/Administrator/Documents/GitHub/hands2/Content/maps/level1/_GENERATED/User/ai_village_house_210_864417AF.uexp" 3622
"C:/Users/Administrator/Documents/GitHub/hands2/Content/maps/level6/BP_proshol_1.uasset" 3623
"C:/Users/Administrator/Documents/GitHub/hands2/Content/maps/level6/BP_proshol_1.uexp" 3624
"C:/Users/Administrator/Documents/GitHub/hands2/Content/maps/level6/PB_MenuProshol_1.uasset" 3625
"C:/Users/Administrator/Documents/GitHub/hands2/Content/maps/level6/PB_MenuProshol_1.uexp" 3626
"C:/Users/Administrator/Documents/GitHub/hands2/Content/M5VFXVOL2/Niagara/Fire_for_Dir/NFire_Dir_00.uasset" 3627
"C:/Users/Administrator/Documents/GitHub/hands2/Content/M5VFXVOL2/Niagara/Fire_for_Dir/NFire_Dir_00.uexp" 3628
"C:/Users/Administrator/Documents/GitHub/hands2/Content/Fab/Bath_Towel_on_Ground/bath_towel_on_ground/Textures/bath_towel_on_ground_texture_0.ubulk" 3629
"C:/Users/Administrator/Documents/GitHub/hands2/Content/Fab/Bath_Towel_on_Ground/bath_towel_on_ground/Textures/bath_towel_on_ground_texture_0.uasset" 3630
"C:/Users/Administrator/Documents/GitHub/hands2/Content/Fab/Bath_Towel_on_Ground/bath_towel_on_ground/Textures/bath_towel_on_ground_texture_0.uexp" 3631
"C:/Users/Administrator/Documents/GitHub/hands2/Content/Fab/Bath_Towel_on_Ground/bath_towel_on_ground/Textures/bath_towel_on_ground_texture_1.ubulk" 3632
"C:/Users/Administrator/Documents/GitHub/hands2/Content/Fab/Bath_Towel_on_Ground/bath_towel_on_ground/Textures/bath_towel_on_ground_texture_1.uasset" 3633
"C:/Users/Administrator/Documents/GitHub/hands2/Content/Fab/Bath_Towel_on_Ground/bath_towel_on_ground/Textures/bath_towel_on_ground_texture_1.uexp" 3634
"C:/Users/Administrator/Documents/GitHub/hands2/Content/Fab/Bath_Towel_on_Ground/bath_towel_on_ground/Materials/FABRIC_1_FRONT_3601.uasset" 3635
"C:/Users/Administrator/Documents/GitHub/hands2/Content/Fab/Bath_Towel_on_Ground/bath_towel_on_ground/Materials/FABRIC_1_FRONT_3601.uexp" 3636
"C:/Users/Administrator/Documents/GitHub/hands2/Content/Fab/Bath_Towel_on_Ground/bath_towel_on_ground/StaticMeshes/bath_towel_on_ground.ubulk" 3637
"C:/Users/Administrator/Documents/GitHub/hands2/Content/Fab/Bath_Towel_on_Ground/bath_towel_on_ground/StaticMeshes/bath_towel_on_ground.uasset" 3638
"C:/Users/Administrator/Documents/GitHub/hands2/Content/Fab/Bath_Towel_on_Ground/bath_towel_on_ground/StaticMeshes/bath_towel_on_ground.uexp" 3639
"C:/Users/Administrator/Documents/GitHub/hands2/Content/Fab/Bath_Towel_on_Ground/bath_towel_on_ground/Bluprints/BP_trapka.uasset" 3640
"C:/Users/Administrator/Documents/GitHub/hands2/Content/Fab/Bath_Towel_on_Ground/bath_towel_on_ground/Bluprints/BP_trapka.uexp" 3641
"C:/Users/Administrator/Documents/GitHub/hands2/Content/maps/level6/level1_2_sharedassets/Layer_0_LayerInfo.uasset" 3642
"C:/Users/Administrator/Documents/GitHub/hands2/Content/maps/level6/level1_2_sharedassets/Layer_0_LayerInfo.uexp" 3643
"C:/Users/Administrator/Documents/GitHub/hands2/Content/maps/level6/level1_2.uexp" 3644
"C:/Users/Administrator/Documents/GitHub/hands2/Content/maps/level6/level1_2.ubulk" 3645
"C:/Users/Administrator/Documents/GitHub/hands2/Content/maps/level6/level1_2.umap" 3646
"C:/Users/Administrator/Documents/GitHub/hands2/Content/maps/level5/M_copat.uasset" 3647
"C:/Users/Administrator/Documents/GitHub/hands2/Content/maps/level5/M_copat.uexp" 3648
"C:/Users/Administrator/Documents/GitHub/hands2/Content/FreeFurniturePack/Materials/M_Chrome.uasset" 3649
"C:/Users/Administrator/Documents/GitHub/hands2/Content/FreeFurniturePack/Materials/M_Chrome.uexp" 3650
"C:/Users/Administrator/Documents/GitHub/hands2/Content/FreeFurniturePack/Textures/T_Wood_R.ubulk" 3651
"C:/Users/Administrator/Documents/GitHub/hands2/Content/FreeFurniturePack/Textures/T_Wood_R.uasset" 3652
"C:/Users/Administrator/Documents/GitHub/hands2/Content/FreeFurniturePack/Textures/T_Wood_R.uexp" 3653
"C:/Users/Administrator/Documents/GitHub/hands2/Content/FreeFurniturePack/Textures/T_Wood_N.ubulk" 3654
"C:/Users/Administrator/Documents/GitHub/hands2/Content/FreeFurniturePack/Textures/T_Wood_N.uasset" 3655
"C:/Users/Administrator/Documents/GitHub/hands2/Content/FreeFurniturePack/Textures/T_Wood_N.uexp" 3656
"C:/Users/Administrator/Documents/GitHub/hands2/Content/FreeFurniturePack/Textures/T_Wood_A.ubulk" 3657
"C:/Users/Administrator/Documents/GitHub/hands2/Content/FreeFurniturePack/Textures/T_Wood_A.uasset" 3658
"C:/Users/Administrator/Documents/GitHub/hands2/Content/FreeFurniturePack/Textures/T_Wood_A.uexp" 3659
"C:/Users/Administrator/Documents/GitHub/hands2/Content/FreeFurniturePack/Textures/T_NormalPlaceHolder.ubulk" 3660
"C:/Users/Administrator/Documents/GitHub/hands2/Content/FreeFurniturePack/Textures/T_NormalPlaceHolder.uasset" 3661
"C:/Users/Administrator/Documents/GitHub/hands2/Content/FreeFurniturePack/Textures/T_NormalPlaceHolder.uexp" 3662
"../../../Engine/Content/Functions/Engine_MaterialFunctions01/Texturing/DetailTexturing.uasset" 3663
"../../../Engine/Content/Functions/Engine_MaterialFunctions01/Texturing/DetailTexturing.uexp" 3664
"C:/Users/Administrator/Documents/GitHub/hands2/Content/FreeFurniturePack/Materials/M_Commode.uasset" 3665
"C:/Users/Administrator/Documents/GitHub/hands2/Content/FreeFurniturePack/Materials/M_Commode.uexp" 3666
"C:/Users/Administrator/Documents/GitHub/hands2/Content/FreeFurniturePack/Meshes/SM_Commode.ubulk" 3667
"C:/Users/Administrator/Documents/GitHub/hands2/Content/FreeFurniturePack/Meshes/SM_Commode.uasset" 3668
"C:/Users/Administrator/Documents/GitHub/hands2/Content/FreeFurniturePack/Meshes/SM_Commode.uexp" 3669
"C:/Users/Administrator/Documents/GitHub/hands2/Content/FreeFurniturePack/Textures/T_Leather_N.ubulk" 3670
"C:/Users/Administrator/Documents/GitHub/hands2/Content/FreeFurniturePack/Textures/T_Leather_N.uasset" 3671
"C:/Users/Administrator/Documents/GitHub/hands2/Content/FreeFurniturePack/Textures/T_Leather_N.uexp" 3672
"C:/Users/Administrator/Documents/GitHub/hands2/Content/FreeFurniturePack/Textures/T_Classic_Leather_sofa_n.ubulk" 3673
"C:/Users/Administrator/Documents/GitHub/hands2/Content/FreeFurniturePack/Textures/T_Classic_Leather_sofa_n.uasset" 3674
"C:/Users/Administrator/Documents/GitHub/hands2/Content/FreeFurniturePack/Textures/T_Classic_Leather_sofa_n.uexp" 3675
"C:/Users/Administrator/Documents/GitHub/hands2/Content/FreeFurniturePack/Textures/T_Classic_Leather_sofa_m_r_ao.ubulk" 3676
"C:/Users/Administrator/Documents/GitHub/hands2/Content/FreeFurniturePack/Textures/T_Classic_Leather_sofa_m_r_ao.uasset" 3677
"C:/Users/Administrator/Documents/GitHub/hands2/Content/FreeFurniturePack/Textures/T_Classic_Leather_sofa_m_r_ao.uexp" 3678
"C:/Users/Administrator/Documents/GitHub/hands2/Content/FreeFurniturePack/Textures/T_Classic_Leather_sofa_a.ubulk" 3679
"C:/Users/Administrator/Documents/GitHub/hands2/Content/FreeFurniturePack/Textures/T_Classic_Leather_sofa_a.uasset" 3680
"C:/Users/Administrator/Documents/GitHub/hands2/Content/FreeFurniturePack/Textures/T_Classic_Leather_sofa_a.uexp" 3681
"C:/Users/Administrator/Documents/GitHub/hands2/Content/FreeFurniturePack/Materials/M_Classic_Leather_sofa.uasset" 3682
"C:/Users/Administrator/Documents/GitHub/hands2/Content/FreeFurniturePack/Materials/M_Classic_Leather_sofa.uexp" 3683
"C:/Users/Administrator/Documents/GitHub/hands2/Content/FreeFurniturePack/Meshes/SM_Classic_Leather_Sofa.ubulk" 3684
"C:/Users/Administrator/Documents/GitHub/hands2/Content/FreeFurniturePack/Meshes/SM_Classic_Leather_Sofa.uasset" 3685
"C:/Users/Administrator/Documents/GitHub/hands2/Content/FreeFurniturePack/Meshes/SM_Classic_Leather_Sofa.uexp" 3686
"C:/Users/Administrator/Documents/GitHub/hands2/Content/FreeFurniturePack/Textures/T_Classic_Commode_N.ubulk" 3687
"C:/Users/Administrator/Documents/GitHub/hands2/Content/FreeFurniturePack/Textures/T_Classic_Commode_N.uasset" 3688
"C:/Users/Administrator/Documents/GitHub/hands2/Content/FreeFurniturePack/Textures/T_Classic_Commode_N.uexp" 3689
"C:/Users/Administrator/Documents/GitHub/hands2/Content/FreeFurniturePack/Textures/T_Classic_Commode_M_R_AO.ubulk" 3690
"C:/Users/Administrator/Documents/GitHub/hands2/Content/FreeFurniturePack/Textures/T_Classic_Commode_M_R_AO.uasset" 3691
"C:/Users/Administrator/Documents/GitHub/hands2/Content/FreeFurniturePack/Textures/T_Classic_Commode_M_R_AO.uexp" 3692
"C:/Users/Administrator/Documents/GitHub/hands2/Content/FreeFurniturePack/Textures/T_Classic_Commode_A.ubulk" 3693
"C:/Users/Administrator/Documents/GitHub/hands2/Content/FreeFurniturePack/Textures/T_Classic_Commode_A.uasset" 3694
"C:/Users/Administrator/Documents/GitHub/hands2/Content/FreeFurniturePack/Textures/T_Classic_Commode_A.uexp" 3695
"C:/Users/Administrator/Documents/GitHub/hands2/Content/FreeFurniturePack/Materials/M_Classic_Commode.uasset" 3696
"C:/Users/Administrator/Documents/GitHub/hands2/Content/FreeFurniturePack/Materials/M_Classic_Commode.uexp" 3697
"C:/Users/Administrator/Documents/GitHub/hands2/Content/FreeFurniturePack/Meshes/SM_Classic_Commode.ubulk" 3698
"C:/Users/Administrator/Documents/GitHub/hands2/Content/FreeFurniturePack/Meshes/SM_Classic_Commode.uasset" 3699
"C:/Users/Administrator/Documents/GitHub/hands2/Content/FreeFurniturePack/Meshes/SM_Classic_Commode.uexp" 3700
"C:/Users/Administrator/Documents/GitHub/hands2/Content/M5VFXVOL2/Textures/smoke/5_6_smoke6.ubulk" 3701
"C:/Users/Administrator/Documents/GitHub/hands2/Content/M5VFXVOL2/Textures/smoke/5_6_smoke6.uasset" 3702
"C:/Users/Administrator/Documents/GitHub/hands2/Content/M5VFXVOL2/Textures/smoke/5_6_smoke6.uexp" 3703
"C:/Users/Administrator/Documents/GitHub/hands2/Content/M5VFXVOL2/Materials/Smoke_Inst/5_6_smoke6_Inst.uasset" 3704
"C:/Users/Administrator/Documents/GitHub/hands2/Content/M5VFXVOL2/Materials/Smoke_Inst/5_6_smoke6_Inst.uexp" 3705
"C:/Users/Administrator/Documents/GitHub/hands2/Content/M5VFXVOL2/Textures/Fireloop/grdbasefire2.ubulk" 3706
"C:/Users/Administrator/Documents/GitHub/hands2/Content/M5VFXVOL2/Textures/Fireloop/grdbasefire2.uasset" 3707
"C:/Users/Administrator/Documents/GitHub/hands2/Content/M5VFXVOL2/Textures/Fireloop/grdbasefire2.uexp" 3708
"C:/Users/Administrator/Documents/GitHub/hands2/Content/M5VFXVOL2/Materials/Fireloop_Inst/grdbasefire2_Inst.uasset" 3709
"C:/Users/Administrator/Documents/GitHub/hands2/Content/M5VFXVOL2/Materials/Fireloop_Inst/grdbasefire2_Inst.uexp" 3710
"C:/Users/Administrator/Documents/GitHub/hands2/Content/M5VFXVOL2/Particles/Fire/Fire_15.uasset" 3711
"C:/Users/Administrator/Documents/GitHub/hands2/Content/M5VFXVOL2/Particles/Fire/Fire_15.uexp" 3712
"C:/Users/Administrator/Documents/GitHub/hands2/Content/M5VFXVOL2/Particles/Fire/8-zvuk-ognya.ubulk" 3713
"C:/Users/Administrator/Documents/GitHub/hands2/Content/M5VFXVOL2/Particles/Fire/8-zvuk-ognya.uasset" 3714
"C:/Users/Administrator/Documents/GitHub/hands2/Content/M5VFXVOL2/Particles/Fire/8-zvuk-ognya.uexp" 3715
"C:/Users/Administrator/Documents/GitHub/hands2/Content/M5VFXVOL2/Particles/Fire/BP_Fire_15.uasset" 3716
"C:/Users/Administrator/Documents/GitHub/hands2/Content/M5VFXVOL2/Particles/Fire/BP_Fire_15.uexp" 3717
"C:/Users/Administrator/Documents/GitHub/hands2/Content/maps/level5/_GENERATED/User/Combined_D19E6092.ubulk" 3718
"C:/Users/Administrator/Documents/GitHub/hands2/Content/maps/level5/_GENERATED/User/Combined_D19E6092.uasset" 3719
"C:/Users/Administrator/Documents/GitHub/hands2/Content/maps/level5/_GENERATED/User/Combined_D19E6092.uexp" 3720
"C:/Users/Administrator/Documents/GitHub/hands2/Content/maps/level5/_GENERATED/User/BP_door.uasset" 3721
"C:/Users/Administrator/Documents/GitHub/hands2/Content/maps/level5/_GENERATED/User/BP_door.uexp" 3722
"C:/Users/Administrator/Documents/GitHub/hands2/Content/maps/level4/BP_proshol_3.uasset" 3723
"C:/Users/Administrator/Documents/GitHub/hands2/Content/maps/level4/BP_proshol_3.uexp" 3724
"C:/Users/Administrator/Documents/GitHub/hands2/Content/maps/level4/PB_MenuProshol_3.uasset" 3725
"C:/Users/Administrator/Documents/GitHub/hands2/Content/maps/level4/PB_MenuProshol_3.uexp" 3726
"C:/Users/Administrator/Documents/GitHub/hands2/Content/maps/level5/BP_provercaLevel5.uasset" 3727
"C:/Users/Administrator/Documents/GitHub/hands2/Content/maps/level5/BP_provercaLevel5.uexp" 3728
"C:/Users/Administrator/Documents/GitHub/hands2/Content/maps/level5/level5.uexp" 3729
"C:/Users/Administrator/Documents/GitHub/hands2/Content/maps/level5/level5.ubulk" 3730
"C:/Users/Administrator/Documents/GitHub/hands2/Content/maps/level5/level5.umap" 3731
"C:/Users/Administrator/Documents/GitHub/hands2/Content/M5VFXVOL2/Particles/Fire/Fire_00.uasset" 3732
"C:/Users/Administrator/Documents/GitHub/hands2/Content/M5VFXVOL2/Particles/Fire/Fire_00.uexp" 3733
"C:/Users/Administrator/Documents/GitHub/hands2/Content/maps/level4/BP_provercaLevel4.uasset" 3734
"C:/Users/Administrator/Documents/GitHub/hands2/Content/maps/level4/BP_provercaLevel4.uexp" 3735
"C:/Users/Administrator/Documents/GitHub/hands2/Content/maps/level4/level4.uexp" 3736
"C:/Users/Administrator/Documents/GitHub/hands2/Content/maps/level4/level4.ubulk" 3737
"C:/Users/Administrator/Documents/GitHub/hands2/Content/maps/level4/level4.umap" 3738
"C:/Users/Administrator/Documents/GitHub/hands2/Content/PlugPlastic.uasset" 3739
"C:/Users/Administrator/Documents/GitHub/hands2/Content/PlugPlastic.uexp" 3740
"C:/Users/Administrator/Documents/GitHub/hands2/Content/PlugMetal.uasset" 3741
"C:/Users/Administrator/Documents/GitHub/hands2/Content/PlugMetal.uexp" 3742
"C:/Users/Administrator/Documents/GitHub/hands2/Content/Plug.ubulk" 3743
"C:/Users/Administrator/Documents/GitHub/hands2/Content/Plug.uasset" 3744
"C:/Users/Administrator/Documents/GitHub/hands2/Content/Plug.uexp" 3745
"C:/Users/Administrator/Documents/GitHub/hands2/Content/BP_Plug.uasset" 3746
"C:/Users/Administrator/Documents/GitHub/hands2/Content/BP_Plug.uexp" 3747
"../../../Engine/Content/Engine_MI_Shaders/T_Emissive.uasset" 3748
"../../../Engine/Content/Engine_MI_Shaders/T_Emissive.uexp" 3749
"../../../Engine/Content/Engine_MI_Shaders/T_Reflection.uasset" 3750
"../../../Engine/Content/Engine_MI_Shaders/T_Reflection.uexp" 3751
"../../../Engine/Content/Engine_MI_Shaders/M_Shader_SimpleTranslucent.uasset" 3752
"../../../Engine/Content/Engine_MI_Shaders/M_Shader_SimpleTranslucent.uexp" 3753
"../../../Engine/Content/Engine_MI_Shaders/Instances/M_Shader_SimpleTranslucent_Invis.uasset" 3754
"../../../Engine/Content/Engine_MI_Shaders/Instances/M_Shader_SimpleTranslucent_Invis.uexp" 3755
"C:/Users/Administrator/Documents/GitHub/hands2/Content/maps/level3/level3_BuiltData.ubulk" 3756
"C:/Users/Administrator/Documents/GitHub/hands2/Content/maps/level3/level3_BuiltData.uasset" 3757
"C:/Users/Administrator/Documents/GitHub/hands2/Content/maps/level3/level3_BuiltData.uexp" 3758
"C:/Users/Administrator/Documents/GitHub/hands2/Content/JVAD3D_SimpleWaterPuddles/Textures/T_Alpha_J.ubulk" 3759
"C:/Users/Administrator/Documents/GitHub/hands2/Content/JVAD3D_SimpleWaterPuddles/Textures/T_Alpha_J.uasset" 3760
"C:/Users/Administrator/Documents/GitHub/hands2/Content/JVAD3D_SimpleWaterPuddles/Textures/T_Alpha_J.uexp" 3761
"C:/Users/Administrator/Documents/GitHub/hands2/Content/JVAD3D_SimpleWaterPuddles/Textures/T_Alpha_F.ubulk" 3762
"C:/Users/Administrator/Documents/GitHub/hands2/Content/JVAD3D_SimpleWaterPuddles/Textures/T_Alpha_F.uasset" 3763
"C:/Users/Administrator/Documents/GitHub/hands2/Content/JVAD3D_SimpleWaterPuddles/Textures/T_Alpha_F.uexp" 3764
"C:/Users/Administrator/Documents/GitHub/hands2/Content/JVAD3D_SimpleWaterPuddles/Materials/M_JVAD3D_SimpleWaterPuddles.uasset" 3765
"C:/Users/Administrator/Documents/GitHub/hands2/Content/JVAD3D_SimpleWaterPuddles/Materials/M_JVAD3D_SimpleWaterPuddles.uexp" 3766
"C:/Users/Administrator/Documents/GitHub/hands2/Content/JVAD3D_SimpleWaterPuddles/Materials/MI_JVAD3D_SimpleWaterPuddles_C.uasset" 3767
"C:/Users/Administrator/Documents/GitHub/hands2/Content/JVAD3D_SimpleWaterPuddles/Materials/MI_JVAD3D_SimpleWaterPuddles_C.uexp" 3768
"C:/Users/Administrator/Documents/GitHub/hands2/Content/Fab/Wooden_Door/Door_Door_BaseColor.ubulk" 3769
"C:/Users/Administrator/Documents/GitHub/hands2/Content/Fab/Wooden_Door/Door_Door_BaseColor.uasset" 3770
"C:/Users/Administrator/Documents/GitHub/hands2/Content/Fab/Wooden_Door/Door_Door_BaseColor.uexp" 3771
"C:/Users/Administrator/Documents/GitHub/hands2/Content/Fab/Wooden_Door/Door_Door_BaseColor_Mat.uasset" 3772
"C:/Users/Administrator/Documents/GitHub/hands2/Content/Fab/Wooden_Door/Door_Door_BaseColor_Mat.uexp" 3773
"../../../Engine/Content/Functions/Engine_MaterialFunctions01/Shading/ConvertFromDiffSpec.uasset" 3774
"../../../Engine/Content/Functions/Engine_MaterialFunctions01/Shading/ConvertFromDiffSpec.uexp" 3775
"../../../Engine/Plugins/Interchange/Assets/Content/Materials/PhongSurfaceMaterial.uasset" 3776
"../../../Engine/Plugins/Interchange/Assets/Content/Materials/PhongSurfaceMaterial.uexp" 3777
"C:/Users/Administrator/Documents/GitHub/hands2/Content/Fab/Wooden_Door/02_-_Default.uasset" 3778
"C:/Users/Administrator/Documents/GitHub/hands2/Content/Fab/Wooden_Door/02_-_Default.uexp" 3779
"C:/Users/Administrator/Documents/GitHub/hands2/Content/Fab/Wooden_Door/DoorFrame.ubulk" 3780
"C:/Users/Administrator/Documents/GitHub/hands2/Content/Fab/Wooden_Door/DoorFrame.uasset" 3781
"C:/Users/Administrator/Documents/GitHub/hands2/Content/Fab/Wooden_Door/DoorFrame.uexp" 3782
"C:/Users/Administrator/Documents/GitHub/hands2/Content/Fab/Wooden_Door/Door.ubulk" 3783
"C:/Users/Administrator/Documents/GitHub/hands2/Content/Fab/Wooden_Door/Door.uasset" 3784
"C:/Users/Administrator/Documents/GitHub/hands2/Content/Fab/Wooden_Door/Door.uexp" 3785
"../../../Engine/Content/BasicShapes/Cube.ubulk" 3786
"../../../Engine/Content/BasicShapes/Cube.uasset" 3787
"../../../Engine/Content/BasicShapes/Cube.uexp" 3788
"C:/Users/Administrator/Documents/GitHub/hands2/Content/maps/level3/slip/BP_Slip.uasset" 3789
"C:/Users/Administrator/Documents/GitHub/hands2/Content/maps/level3/slip/BP_Slip.uexp" 3790
"C:/Users/Administrator/Documents/GitHub/hands2/Content/Fab/Outlets/outlets/Textures/outlets_texture_0.ubulk" 3791
"C:/Users/Administrator/Documents/GitHub/hands2/Content/Fab/Outlets/outlets/Textures/outlets_texture_0.uasset" 3792
"C:/Users/Administrator/Documents/GitHub/hands2/Content/Fab/Outlets/outlets/Textures/outlets_texture_0.uexp" 3793
"C:/Users/Administrator/Documents/GitHub/hands2/Content/Fab/Outlets/outlets/Textures/outlets_texture_1.ubulk" 3794
"C:/Users/Administrator/Documents/GitHub/hands2/Content/Fab/Outlets/outlets/Textures/outlets_texture_1.uasset" 3795
"C:/Users/Administrator/Documents/GitHub/hands2/Content/Fab/Outlets/outlets/Textures/outlets_texture_1.uexp" 3796
"C:/Users/Administrator/Documents/GitHub/hands2/Content/Fab/Outlets/outlets/Textures/outlets_texture_2.ubulk" 3797
"C:/Users/Administrator/Documents/GitHub/hands2/Content/Fab/Outlets/outlets/Textures/outlets_texture_2.uasset" 3798
"C:/Users/Administrator/Documents/GitHub/hands2/Content/Fab/Outlets/outlets/Textures/outlets_texture_2.uexp" 3799
"C:/Users/Administrator/Documents/GitHub/hands2/Content/Fab/Outlets/outlets/Materials/ElecOutlet_Switch.uasset" 3800
"C:/Users/Administrator/Documents/GitHub/hands2/Content/Fab/Outlets/outlets/Materials/ElecOutlet_Switch.uexp" 3801
"C:/Users/Administrator/Documents/GitHub/hands2/Content/maps/level2/_GENERATED/Administrator/outlets_0_4F245879.ubulk" 3802
"C:/Users/Administrator/Documents/GitHub/hands2/Content/maps/level2/_GENERATED/Administrator/outlets_0_4F245879.uasset" 3803
"C:/Users/Administrator/Documents/GitHub/hands2/Content/maps/level2/_GENERATED/Administrator/outlets_0_4F245879.uexp" 3804
"C:/Users/Administrator/Documents/GitHub/hands2/Content/ModernKitchenClutterPack/Textures/Pattern_Masks/Bowls_Bowls_BaseColor.ubulk" 3805
"C:/Users/Administrator/Documents/GitHub/hands2/Content/ModernKitchenClutterPack/Textures/Pattern_Masks/Bowls_Bowls_BaseColor.uasset" 3806
"C:/Users/Administrator/Documents/GitHub/hands2/Content/ModernKitchenClutterPack/Textures/Pattern_Masks/Bowls_Bowls_BaseColor.uexp" 3807
"C:/Users/Administrator/Documents/GitHub/hands2/Content/ModernKitchenClutterPack/Textures/Patterns/Tiles_026_basecolor.ubulk" 3808
"C:/Users/Administrator/Documents/GitHub/hands2/Content/ModernKitchenClutterPack/Textures/Patterns/Tiles_026_basecolor.uasset" 3809
"C:/Users/Administrator/Documents/GitHub/hands2/Content/ModernKitchenClutterPack/Textures/Patterns/Tiles_026_basecolor.uexp" 3810
"../../../Engine/Content/Functions/Engine_MaterialFunctions03/Blends/Blend_Darken.uasset" 3811
"../../../Engine/Content/Functions/Engine_MaterialFunctions03/Blends/Blend_Darken.uexp" 3812
"C:/Users/Administrator/Documents/GitHub/hands2/Content/ModernKitchenClutterPack/Textures/Tileable/Surface_Imperfections/SurfaceImperfections11_var1.ubulk" 3813
"C:/Users/Administrator/Documents/GitHub/hands2/Content/ModernKitchenClutterPack/Textures/Tileable/Surface_Imperfections/SurfaceImperfections11_var1.uasset" 3814
"C:/Users/Administrator/Documents/GitHub/hands2/Content/ModernKitchenClutterPack/Textures/Tileable/Surface_Imperfections/SurfaceImperfections11_var1.uexp" 3815
"C:/Users/Administrator/Documents/GitHub/hands2/Content/ModernKitchenClutterPack/Textures/Tileable/Quartz_003_SD-20191121T164414Z-001/Quartz_003_roughness.ubulk" 3816
"C:/Users/Administrator/Documents/GitHub/hands2/Content/ModernKitchenClutterPack/Textures/Tileable/Quartz_003_SD-20191121T164414Z-001/Quartz_003_roughness.uasset" 3817
"C:/Users/Administrator/Documents/GitHub/hands2/Content/ModernKitchenClutterPack/Textures/Tileable/Quartz_003_SD-20191121T164414Z-001/Quartz_003_roughness.uexp" 3818
"C:/Users/Administrator/Documents/GitHub/hands2/Content/ModernKitchenClutterPack/Textures/Tileable/Quartz_003_SD-20191121T164414Z-001/Quartz_003_normal.ubulk" 3819
"C:/Users/Administrator/Documents/GitHub/hands2/Content/ModernKitchenClutterPack/Textures/Tileable/Quartz_003_SD-20191121T164414Z-001/Quartz_003_normal.uasset" 3820
"C:/Users/Administrator/Documents/GitHub/hands2/Content/ModernKitchenClutterPack/Textures/Tileable/Quartz_003_SD-20191121T164414Z-001/Quartz_003_normal.uexp" 3821
"C:/Users/Administrator/Documents/GitHub/hands2/Content/ModernKitchenClutterPack/Textures/Tileable/Quartz_003_SD-20191121T164414Z-001/Quartz_003_basecolor.ubulk" 3822
"C:/Users/Administrator/Documents/GitHub/hands2/Content/ModernKitchenClutterPack/Textures/Tileable/Quartz_003_SD-20191121T164414Z-001/Quartz_003_basecolor.uasset" 3823
"C:/Users/Administrator/Documents/GitHub/hands2/Content/ModernKitchenClutterPack/Textures/Tileable/Quartz_003_SD-20191121T164414Z-001/Quartz_003_basecolor.uexp" 3824
"C:/Users/Administrator/Documents/GitHub/hands2/Content/ModernKitchenClutterPack/Materials/GameReady/Masters/Ceramic_Master.uasset" 3825
"C:/Users/Administrator/Documents/GitHub/hands2/Content/ModernKitchenClutterPack/Materials/GameReady/Masters/Ceramic_Master.uexp" 3826
"C:/Users/Administrator/Documents/GitHub/hands2/Content/Fab/Cozy_bathroom_design/cozy_bathroom_design/Materials/window-glass.uasset" 3827
"C:/Users/Administrator/Documents/GitHub/hands2/Content/Fab/Cozy_bathroom_design/cozy_bathroom_design/Materials/window-glass.uexp" 3828
"C:/Users/Administrator/Documents/GitHub/hands2/Content/Fab/Cozy_bathroom_design/cozy_bathroom_design/Textures/cozy_bathroom_design_texture_11.ubulk" 3829
"C:/Users/Administrator/Documents/GitHub/hands2/Content/Fab/Cozy_bathroom_design/cozy_bathroom_design/Textures/cozy_bathroom_design_texture_11.uasset" 3830
"C:/Users/Administrator/Documents/GitHub/hands2/Content/Fab/Cozy_bathroom_design/cozy_bathroom_design/Textures/cozy_bathroom_design_texture_11.uexp" 3831
"C:/Users/Administrator/Documents/GitHub/hands2/Content/Fab/Cozy_bathroom_design/cozy_bathroom_design/Textures/cozy_bathroom_design_texture_12.ubulk" 3832
"C:/Users/Administrator/Documents/GitHub/hands2/Content/Fab/Cozy_bathroom_design/cozy_bathroom_design/Textures/cozy_bathroom_design_texture_12.uasset" 3833
"C:/Users/Administrator/Documents/GitHub/hands2/Content/Fab/Cozy_bathroom_design/cozy_bathroom_design/Textures/cozy_bathroom_design_texture_12.uexp" 3834
"C:/Users/Administrator/Documents/GitHub/hands2/Content/Fab/Cozy_bathroom_design/cozy_bathroom_design/Materials/Walnut.uasset" 3835
"C:/Users/Administrator/Documents/GitHub/hands2/Content/Fab/Cozy_bathroom_design/cozy_bathroom_design/Materials/Walnut.uexp" 3836
"C:/Users/Administrator/Documents/GitHub/hands2/Content/Fab/Cozy_bathroom_design/cozy_bathroom_design/Materials/Steel_001.uasset" 3837
"C:/Users/Administrator/Documents/GitHub/hands2/Content/Fab/Cozy_bathroom_design/cozy_bathroom_design/Materials/Steel_001.uexp" 3838
"../../../Engine/Plugins/Interchange/Assets/Content/gltf/MaterialInstances/MI_Transmission_DS.uasset" 3839
"../../../Engine/Plugins/Interchange/Assets/Content/gltf/MaterialInstances/MI_Transmission_DS.uexp" 3840
"C:/Users/Administrator/Documents/GitHub/hands2/Content/Fab/Cozy_bathroom_design/cozy_bathroom_design/Materials/shower-glass.uasset" 3841
"C:/Users/Administrator/Documents/GitHub/hands2/Content/Fab/Cozy_bathroom_design/cozy_bathroom_design/Materials/shower-glass.uexp" 3842
"C:/Users/Administrator/Documents/GitHub/hands2/Content/Fab/Cozy_bathroom_design/cozy_bathroom_design/Materials/Round_Towel_Hanger_Metal.uasset" 3843
"C:/Users/Administrator/Documents/GitHub/hands2/Content/Fab/Cozy_bathroom_design/cozy_bathroom_design/Materials/Round_Towel_Hanger_Metal.uexp" 3844
"C:/Users/Administrator/Documents/GitHub/hands2/Content/Fab/Cozy_bathroom_design/cozy_bathroom_design/Textures/cozy_bathroom_design_texture_3.ubulk" 3845
"C:/Users/Administrator/Documents/GitHub/hands2/Content/Fab/Cozy_bathroom_design/cozy_bathroom_design/Textures/cozy_bathroom_design_texture_3.uasset" 3846
"C:/Users/Administrator/Documents/GitHub/hands2/Content/Fab/Cozy_bathroom_design/cozy_bathroom_design/Textures/cozy_bathroom_design_texture_3.uexp" 3847
"C:/Users/Administrator/Documents/GitHub/hands2/Content/Fab/Cozy_bathroom_design/cozy_bathroom_design/Materials/Round_Towel_Hanger_Fabric.uasset" 3848
"C:/Users/Administrator/Documents/GitHub/hands2/Content/Fab/Cozy_bathroom_design/cozy_bathroom_design/Materials/Round_Towel_Hanger_Fabric.uexp" 3849
"C:/Users/Administrator/Documents/GitHub/hands2/Content/Fab/Cozy_bathroom_design/cozy_bathroom_design/Materials/Plant_Stem_001.uasset" 3850
"C:/Users/Administrator/Documents/GitHub/hands2/Content/Fab/Cozy_bathroom_design/cozy_bathroom_design/Materials/Plant_Stem_001.uexp" 3851
"C:/Users/Administrator/Documents/GitHub/hands2/Content/Fab/Cozy_bathroom_design/cozy_bathroom_design/Textures/cozy_bathroom_design_texture_1.ubulk" 3852
"C:/Users/Administrator/Documents/GitHub/hands2/Content/Fab/Cozy_bathroom_design/cozy_bathroom_design/Textures/cozy_bathroom_design_texture_1.uasset" 3853
"C:/Users/Administrator/Documents/GitHub/hands2/Content/Fab/Cozy_bathroom_design/cozy_bathroom_design/Textures/cozy_bathroom_design_texture_1.uexp" 3854
"C:/Users/Administrator/Documents/GitHub/hands2/Content/Fab/Cozy_bathroom_design/cozy_bathroom_design/Materials/Plant_Stem.uasset" 3855
"C:/Users/Administrator/Documents/GitHub/hands2/Content/Fab/Cozy_bathroom_design/cozy_bathroom_design/Materials/Plant_Stem.uexp" 3856
"C:/Users/Administrator/Documents/GitHub/hands2/Content/Fab/Cozy_bathroom_design/cozy_bathroom_design/Materials/Plant_Soil.uasset" 3857
"C:/Users/Administrator/Documents/GitHub/hands2/Content/Fab/Cozy_bathroom_design/cozy_bathroom_design/Materials/Plant_Soil.uexp" 3858
"C:/Users/Administrator/Documents/GitHub/hands2/Content/Fab/Cozy_bathroom_design/cozy_bathroom_design/Materials/Plant_Pot.uasset" 3859
"C:/Users/Administrator/Documents/GitHub/hands2/Content/Fab/Cozy_bathroom_design/cozy_bathroom_design/Materials/Plant_Pot.uexp" 3860
"C:/Users/Administrator/Documents/GitHub/hands2/Content/Fab/Cozy_bathroom_design/cozy_bathroom_design/Textures/cozy_bathroom_design_texture_2.ubulk" 3861
"C:/Users/Administrator/Documents/GitHub/hands2/Content/Fab/Cozy_bathroom_design/cozy_bathroom_design/Textures/cozy_bathroom_design_texture_2.uasset" 3862
"C:/Users/Administrator/Documents/GitHub/hands2/Content/Fab/Cozy_bathroom_design/cozy_bathroom_design/Textures/cozy_bathroom_design_texture_2.uexp" 3863
"C:/Users/Administrator/Documents/GitHub/hands2/Content/Fab/Cozy_bathroom_design/cozy_bathroom_design/Materials/Plant_Leaf_001.uasset" 3864
"C:/Users/Administrator/Documents/GitHub/hands2/Content/Fab/Cozy_bathroom_design/cozy_bathroom_design/Materials/Plant_Leaf_001.uexp" 3865
"C:/Users/Administrator/Documents/GitHub/hands2/Content/Fab/Cozy_bathroom_design/cozy_bathroom_design/Textures/cozy_bathroom_design_texture_0.ubulk" 3866
"C:/Users/Administrator/Documents/GitHub/hands2/Content/Fab/Cozy_bathroom_design/cozy_bathroom_design/Textures/cozy_bathroom_design_texture_0.uasset" 3867
"C:/Users/Administrator/Documents/GitHub/hands2/Content/Fab/Cozy_bathroom_design/cozy_bathroom_design/Textures/cozy_bathroom_design_texture_0.uexp" 3868
"C:/Users/Administrator/Documents/GitHub/hands2/Content/Fab/Cozy_bathroom_design/cozy_bathroom_design/Materials/Plant_Leaf.uasset" 3869
"C:/Users/Administrator/Documents/GitHub/hands2/Content/Fab/Cozy_bathroom_design/cozy_bathroom_design/Materials/Plant_Leaf.uexp" 3870
"C:/Users/Administrator/Documents/GitHub/hands2/Content/Fab/Cozy_bathroom_design/cozy_bathroom_design/Materials/PlantSucculentEcheveria001_2K.uasset" 3871
"C:/Users/Administrator/Documents/GitHub/hands2/Content/Fab/Cozy_bathroom_design/cozy_bathroom_design/Materials/PlantSucculentEcheveria001_2K.uexp" 3872
"C:/Users/Administrator/Documents/GitHub/hands2/Content/Fab/Cozy_bathroom_design/cozy_bathroom_design/Textures/cozy_bathroom_design_texture_14.ubulk" 3873
"C:/Users/Administrator/Documents/GitHub/hands2/Content/Fab/Cozy_bathroom_design/cozy_bathroom_design/Textures/cozy_bathroom_design_texture_14.uasset" 3874
"C:/Users/Administrator/Documents/GitHub/hands2/Content/Fab/Cozy_bathroom_design/cozy_bathroom_design/Textures/cozy_bathroom_design_texture_14.uexp" 3875
"C:/Users/Administrator/Documents/GitHub/hands2/Content/Fab/Cozy_bathroom_design/cozy_bathroom_design/Materials/mirror1.uasset" 3876
"C:/Users/Administrator/Documents/GitHub/hands2/Content/Fab/Cozy_bathroom_design/cozy_bathroom_design/Materials/mirror1.uexp" 3877
"C:/Users/Administrator/Documents/GitHub/hands2/Content/Fab/Cozy_bathroom_design/cozy_bathroom_design/Textures/cozy_bathroom_design_texture_13.ubulk" 3878
"C:/Users/Administrator/Documents/GitHub/hands2/Content/Fab/Cozy_bathroom_design/cozy_bathroom_design/Textures/cozy_bathroom_design_texture_13.uasset" 3879
"C:/Users/Administrator/Documents/GitHub/hands2/Content/Fab/Cozy_bathroom_design/cozy_bathroom_design/Textures/cozy_bathroom_design_texture_13.uexp" 3880
"C:/Users/Administrator/Documents/GitHub/hands2/Content/Fab/Cozy_bathroom_design/cozy_bathroom_design/Materials/mirror.uasset" 3881
"C:/Users/Administrator/Documents/GitHub/hands2/Content/Fab/Cozy_bathroom_design/cozy_bathroom_design/Materials/mirror.uexp" 3882
"C:/Users/Administrator/Documents/GitHub/hands2/Content/Fab/Cozy_bathroom_design/cozy_bathroom_design/Materials/matte_plastic_.uasset" 3883
"C:/Users/Administrator/Documents/GitHub/hands2/Content/Fab/Cozy_bathroom_design/cozy_bathroom_design/Materials/matte_plastic_.uexp" 3884
"C:/Users/Administrator/Documents/GitHub/hands2/Content/Fab/Cozy_bathroom_design/cozy_bathroom_design/Textures/cozy_bathroom_design_texture_9.ubulk" 3885
"C:/Users/Administrator/Documents/GitHub/hands2/Content/Fab/Cozy_bathroom_design/cozy_bathroom_design/Textures/cozy_bathroom_design_texture_9.uasset" 3886
"C:/Users/Administrator/Documents/GitHub/hands2/Content/Fab/Cozy_bathroom_design/cozy_bathroom_design/Textures/cozy_bathroom_design_texture_9.uexp" 3887
"C:/Users/Administrator/Documents/GitHub/hands2/Content/Fab/Cozy_bathroom_design/cozy_bathroom_design/Materials/material.uasset" 3888
"C:/Users/Administrator/Documents/GitHub/hands2/Content/Fab/Cozy_bathroom_design/cozy_bathroom_design/Materials/material.uexp" 3889
"C:/Users/Administrator/Documents/GitHub/hands2/Content/Fab/Cozy_bathroom_design/cozy_bathroom_design/Materials/material_29.uasset" 3890
"C:/Users/Administrator/Documents/GitHub/hands2/Content/Fab/Cozy_bathroom_design/cozy_bathroom_design/Materials/material_29.uexp" 3891
"C:/Users/Administrator/Documents/GitHub/hands2/Content/Fab/Cozy_bathroom_design/cozy_bathroom_design/Materials/material_30.uasset" 3892
"C:/Users/Administrator/Documents/GitHub/hands2/Content/Fab/Cozy_bathroom_design/cozy_bathroom_design/Materials/material_30.uexp" 3893
"C:/Users/Administrator/Documents/GitHub/hands2/Content/Fab/Cozy_bathroom_design/cozy_bathroom_design/Textures/cozy_bathroom_design_texture_18.ubulk" 3894
"C:/Users/Administrator/Documents/GitHub/hands2/Content/Fab/Cozy_bathroom_design/cozy_bathroom_design/Textures/cozy_bathroom_design_texture_18.uasset" 3895
"C:/Users/Administrator/Documents/GitHub/hands2/Content/Fab/Cozy_bathroom_design/cozy_bathroom_design/Textures/cozy_bathroom_design_texture_18.uexp" 3896
"C:/Users/Administrator/Documents/GitHub/hands2/Content/Fab/Cozy_bathroom_design/cozy_bathroom_design/Textures/cozy_bathroom_design_texture_19.ubulk" 3897
"C:/Users/Administrator/Documents/GitHub/hands2/Content/Fab/Cozy_bathroom_design/cozy_bathroom_design/Textures/cozy_bathroom_design_texture_19.uasset" 3898
"C:/Users/Administrator/Documents/GitHub/hands2/Content/Fab/Cozy_bathroom_design/cozy_bathroom_design/Textures/cozy_bathroom_design_texture_19.uexp" 3899
"C:/Users/Administrator/Documents/GitHub/hands2/Content/Fab/Cozy_bathroom_design/cozy_bathroom_design/Textures/cozy_bathroom_design_texture_20.ubulk" 3900
"C:/Users/Administrator/Documents/GitHub/hands2/Content/Fab/Cozy_bathroom_design/cozy_bathroom_design/Textures/cozy_bathroom_design_texture_20.uasset" 3901
"C:/Users/Administrator/Documents/GitHub/hands2/Content/Fab/Cozy_bathroom_design/cozy_bathroom_design/Textures/cozy_bathroom_design_texture_20.uexp" 3902
"C:/Users/Administrator/Documents/GitHub/hands2/Content/Fab/Cozy_bathroom_design/cozy_bathroom_design/Materials/material_39.uasset" 3903
"C:/Users/Administrator/Documents/GitHub/hands2/Content/Fab/Cozy_bathroom_design/cozy_bathroom_design/Materials/material_39.uexp" 3904
"C:/Users/Administrator/Documents/GitHub/hands2/Content/Fab/Cozy_bathroom_design/cozy_bathroom_design/Textures/cozy_bathroom_design_texture_16.ubulk" 3905
"C:/Users/Administrator/Documents/GitHub/hands2/Content/Fab/Cozy_bathroom_design/cozy_bathroom_design/Textures/cozy_bathroom_design_texture_16.uasset" 3906
"C:/Users/Administrator/Documents/GitHub/hands2/Content/Fab/Cozy_bathroom_design/cozy_bathroom_design/Textures/cozy_bathroom_design_texture_16.uexp" 3907
"C:/Users/Administrator/Documents/GitHub/hands2/Content/Fab/Cozy_bathroom_design/cozy_bathroom_design/Materials/Material_014.uasset" 3908
"C:/Users/Administrator/Documents/GitHub/hands2/Content/Fab/Cozy_bathroom_design/cozy_bathroom_design/Materials/Material_014.uexp" 3909
"C:/Users/Administrator/Documents/GitHub/hands2/Content/Fab/Cozy_bathroom_design/cozy_bathroom_design/Textures/cozy_bathroom_design_texture_7.ubulk" 3910
"C:/Users/Administrator/Documents/GitHub/hands2/Content/Fab/Cozy_bathroom_design/cozy_bathroom_design/Textures/cozy_bathroom_design_texture_7.uasset" 3911
"C:/Users/Administrator/Documents/GitHub/hands2/Content/Fab/Cozy_bathroom_design/cozy_bathroom_design/Textures/cozy_bathroom_design_texture_7.uexp" 3912
"C:/Users/Administrator/Documents/GitHub/hands2/Content/Fab/Cozy_bathroom_design/cozy_bathroom_design/Materials/Material_013.uasset" 3913
"C:/Users/Administrator/Documents/GitHub/hands2/Content/Fab/Cozy_bathroom_design/cozy_bathroom_design/Materials/Material_013.uexp" 3914
"C:/Users/Administrator/Documents/GitHub/hands2/Content/Fab/Cozy_bathroom_design/cozy_bathroom_design/Materials/Material_012.uasset" 3915
"C:/Users/Administrator/Documents/GitHub/hands2/Content/Fab/Cozy_bathroom_design/cozy_bathroom_design/Materials/Material_012.uexp" 3916
"C:/Users/Administrator/Documents/GitHub/hands2/Content/Fab/Cozy_bathroom_design/cozy_bathroom_design/Materials/Material_011.uasset" 3917
"C:/Users/Administrator/Documents/GitHub/hands2/Content/Fab/Cozy_bathroom_design/cozy_bathroom_design/Materials/Material_011.uexp" 3918
"C:/Users/Administrator/Documents/GitHub/hands2/Content/Fab/Cozy_bathroom_design/cozy_bathroom_design/Materials/Material_010.uasset" 3919
"C:/Users/Administrator/Documents/GitHub/hands2/Content/Fab/Cozy_bathroom_design/cozy_bathroom_design/Materials/Material_010.uexp" 3920
"C:/Users/Administrator/Documents/GitHub/hands2/Content/Fab/Cozy_bathroom_design/cozy_bathroom_design/Materials/Material_009.uasset" 3921
"C:/Users/Administrator/Documents/GitHub/hands2/Content/Fab/Cozy_bathroom_design/cozy_bathroom_design/Materials/Material_009.uexp" 3922
"C:/Users/Administrator/Documents/GitHub/hands2/Content/Fab/Cozy_bathroom_design/cozy_bathroom_design/Materials/Material_008.uasset" 3923
"C:/Users/Administrator/Documents/GitHub/hands2/Content/Fab/Cozy_bathroom_design/cozy_bathroom_design/Materials/Material_008.uexp" 3924
"C:/Users/Administrator/Documents/GitHub/hands2/Content/Fab/Cozy_bathroom_design/cozy_bathroom_design/Materials/Material_007.uasset" 3925
"C:/Users/Administrator/Documents/GitHub/hands2/Content/Fab/Cozy_bathroom_design/cozy_bathroom_design/Materials/Material_007.uexp" 3926
"C:/Users/Administrator/Documents/GitHub/hands2/Content/Fab/Cozy_bathroom_design/cozy_bathroom_design/Materials/Material_006.uasset" 3927
"C:/Users/Administrator/Documents/GitHub/hands2/Content/Fab/Cozy_bathroom_design/cozy_bathroom_design/Materials/Material_006.uexp" 3928
"C:/Users/Administrator/Documents/GitHub/hands2/Content/Fab/Cozy_bathroom_design/cozy_bathroom_design/Materials/Material_005.uasset" 3929
"C:/Users/Administrator/Documents/GitHub/hands2/Content/Fab/Cozy_bathroom_design/cozy_bathroom_design/Materials/Material_005.uexp" 3930
"C:/Users/Administrator/Documents/GitHub/hands2/Content/Fab/Cozy_bathroom_design/cozy_bathroom_design/Textures/cozy_bathroom_design_texture_4.ubulk" 3931
"C:/Users/Administrator/Documents/GitHub/hands2/Content/Fab/Cozy_bathroom_design/cozy_bathroom_design/Textures/cozy_bathroom_design_texture_4.uasset" 3932
"C:/Users/Administrator/Documents/GitHub/hands2/Content/Fab/Cozy_bathroom_design/cozy_bathroom_design/Textures/cozy_bathroom_design_texture_4.uexp" 3933
"C:/Users/Administrator/Documents/GitHub/hands2/Content/Fab/Cozy_bathroom_design/cozy_bathroom_design/Textures/cozy_bathroom_design_texture_5.ubulk" 3934
"C:/Users/Administrator/Documents/GitHub/hands2/Content/Fab/Cozy_bathroom_design/cozy_bathroom_design/Textures/cozy_bathroom_design_texture_5.uasset" 3935
"C:/Users/Administrator/Documents/GitHub/hands2/Content/Fab/Cozy_bathroom_design/cozy_bathroom_design/Textures/cozy_bathroom_design_texture_5.uexp" 3936
"C:/Users/Administrator/Documents/GitHub/hands2/Content/Fab/Cozy_bathroom_design/cozy_bathroom_design/Textures/cozy_bathroom_design_texture_6.ubulk" 3937
"C:/Users/Administrator/Documents/GitHub/hands2/Content/Fab/Cozy_bathroom_design/cozy_bathroom_design/Textures/cozy_bathroom_design_texture_6.uasset" 3938
"C:/Users/Administrator/Documents/GitHub/hands2/Content/Fab/Cozy_bathroom_design/cozy_bathroom_design/Textures/cozy_bathroom_design_texture_6.uexp" 3939
"C:/Users/Administrator/Documents/GitHub/hands2/Content/Fab/Cozy_bathroom_design/cozy_bathroom_design/Materials/Material_003.uasset" 3940
"C:/Users/Administrator/Documents/GitHub/hands2/Content/Fab/Cozy_bathroom_design/cozy_bathroom_design/Materials/Material_003.uexp" 3941
"C:/Users/Administrator/Documents/GitHub/hands2/Content/Fab/Cozy_bathroom_design/cozy_bathroom_design/Materials/Material_002.uasset" 3942
"C:/Users/Administrator/Documents/GitHub/hands2/Content/Fab/Cozy_bathroom_design/cozy_bathroom_design/Materials/Material_002.uexp" 3943
"C:/Users/Administrator/Documents/GitHub/hands2/Content/Fab/Cozy_bathroom_design/cozy_bathroom_design/Materials/Marble.uasset" 3944
"C:/Users/Administrator/Documents/GitHub/hands2/Content/Fab/Cozy_bathroom_design/cozy_bathroom_design/Materials/Marble.uexp" 3945
"C:/Users/Administrator/Documents/GitHub/hands2/Content/Fab/Cozy_bathroom_design/cozy_bathroom_design/Materials/LED_Bulb.uasset" 3946
"C:/Users/Administrator/Documents/GitHub/hands2/Content/Fab/Cozy_bathroom_design/cozy_bathroom_design/Materials/LED_Bulb.uexp" 3947
"C:/Users/Administrator/Documents/GitHub/hands2/Content/Fab/Cozy_bathroom_design/cozy_bathroom_design/Materials/Ivy_stem.uasset" 3948
"C:/Users/Administrator/Documents/GitHub/hands2/Content/Fab/Cozy_bathroom_design/cozy_bathroom_design/Materials/Ivy_stem.uexp" 3949
"C:/Users/Administrator/Documents/GitHub/hands2/Content/Fab/Cozy_bathroom_design/cozy_bathroom_design/Materials/Cube_003__0.uasset" 3950
"C:/Users/Administrator/Documents/GitHub/hands2/Content/Fab/Cozy_bathroom_design/cozy_bathroom_design/Materials/Cube_003__0.uexp" 3951
"C:/Users/Administrator/Documents/GitHub/hands2/Content/Fab/Cozy_bathroom_design/cozy_bathroom_design/Textures/cozy_bathroom_design_texture_8.ubulk" 3952
"C:/Users/Administrator/Documents/GitHub/hands2/Content/Fab/Cozy_bathroom_design/cozy_bathroom_design/Textures/cozy_bathroom_design_texture_8.uasset" 3953
"C:/Users/Administrator/Documents/GitHub/hands2/Content/Fab/Cozy_bathroom_design/cozy_bathroom_design/Textures/cozy_bathroom_design_texture_8.uexp" 3954
"C:/Users/Administrator/Documents/GitHub/hands2/Content/Fab/Cozy_bathroom_design/cozy_bathroom_design/Materials/Ceramic_Holes_Dents.uasset" 3955
"C:/Users/Administrator/Documents/GitHub/hands2/Content/Fab/Cozy_bathroom_design/cozy_bathroom_design/Materials/Ceramic_Holes_Dents.uexp" 3956
"C:/Users/Administrator/Documents/GitHub/hands2/Content/Fab/Cozy_bathroom_design/cozy_bathroom_design/Textures/cozy_bathroom_design_texture_17.ubulk" 3957
"C:/Users/Administrator/Documents/GitHub/hands2/Content/Fab/Cozy_bathroom_design/cozy_bathroom_design/Textures/cozy_bathroom_design_texture_17.uasset" 3958
"C:/Users/Administrator/Documents/GitHub/hands2/Content/Fab/Cozy_bathroom_design/cozy_bathroom_design/Textures/cozy_bathroom_design_texture_17.uexp" 3959
"C:/Users/Administrator/Documents/GitHub/hands2/Content/Fab/Cozy_bathroom_design/cozy_bathroom_design/Materials/carpet.uasset" 3960
"C:/Users/Administrator/Documents/GitHub/hands2/Content/Fab/Cozy_bathroom_design/cozy_bathroom_design/Materials/carpet.uexp" 3961
"C:/Users/Administrator/Documents/GitHub/hands2/Content/Fab/Cozy_bathroom_design/cozy_bathroom_design/Materials/Base.uasset" 3962
"C:/Users/Administrator/Documents/GitHub/hands2/Content/Fab/Cozy_bathroom_design/cozy_bathroom_design/Materials/Base.uexp" 3963
"C:/Users/Administrator/Documents/GitHub/hands2/Content/Fab/Cozy_bathroom_design/cozy_bathroom_design/Textures/cozy_bathroom_design_texture_10.ubulk" 3964
"C:/Users/Administrator/Documents/GitHub/hands2/Content/Fab/Cozy_bathroom_design/cozy_bathroom_design/Textures/cozy_bathroom_design_texture_10.uasset" 3965
"C:/Users/Administrator/Documents/GitHub/hands2/Content/Fab/Cozy_bathroom_design/cozy_bathroom_design/Textures/cozy_bathroom_design_texture_10.uexp" 3966
"C:/Users/Administrator/Documents/GitHub/hands2/Content/Fab/Cozy_bathroom_design/cozy_bathroom_design/Materials/Ash_Wood.uasset" 3967
"C:/Users/Administrator/Documents/GitHub/hands2/Content/Fab/Cozy_bathroom_design/cozy_bathroom_design/Materials/Ash_Wood.uexp" 3968
"C:/Users/Administrator/Documents/GitHub/hands2/Content/Fab/Cozy_bathroom_design/cozy_bathroom_design/StaticMeshes/cozy_bathroom_design.ubulk" 3969
"C:/Users/Administrator/Documents/GitHub/hands2/Content/Fab/Cozy_bathroom_design/cozy_bathroom_design/StaticMeshes/cozy_bathroom_design.uasset" 3970
"C:/Users/Administrator/Documents/GitHub/hands2/Content/Fab/Cozy_bathroom_design/cozy_bathroom_design/StaticMeshes/cozy_bathroom_design.uexp" 3971
"../../../Engine/Content/EditorResources/FieldNodes/_Resources/M_FieldRadiusPreview.uasset" 3972
"../../../Engine/Content/EditorResources/FieldNodes/_Resources/M_FieldRadiusPreview.uexp" 3973
"C:/Users/Administrator/Documents/GitHub/hands2/Content/maps/level3/BP_Rack.uasset" 3974
"C:/Users/Administrator/Documents/GitHub/hands2/Content/maps/level3/BP_Rack.uexp" 3975
"C:/Users/Administrator/Documents/GitHub/hands2/Content/Realistic_Starter_VFX_Pack_Vol2/Textures/T_Flare_A.ubulk" 3976
"C:/Users/Administrator/Documents/GitHub/hands2/Content/Realistic_Starter_VFX_Pack_Vol2/Textures/T_Flare_A.uasset" 3977
"C:/Users/Administrator/Documents/GitHub/hands2/Content/Realistic_Starter_VFX_Pack_Vol2/Textures/T_Flare_A.uexp" 3978
"C:/Users/Administrator/Documents/GitHub/hands2/Content/Realistic_Starter_VFX_Pack_Vol2/Textures/T_Spark_B.uasset" 3979
"C:/Users/Administrator/Documents/GitHub/hands2/Content/Realistic_Starter_VFX_Pack_Vol2/Textures/T_Spark_B.uexp" 3980
"C:/Users/Administrator/Documents/GitHub/hands2/Content/Realistic_Starter_VFX_Pack_Vol2/Materials/M_Glow_C.uasset" 3981
"C:/Users/Administrator/Documents/GitHub/hands2/Content/Realistic_Starter_VFX_Pack_Vol2/Materials/M_Glow_C.uexp" 3982
"C:/Users/Administrator/Documents/GitHub/hands2/Content/Realistic_Starter_VFX_Pack_Vol2/Materials/M_Glow_C_Inst.uasset" 3983
"C:/Users/Administrator/Documents/GitHub/hands2/Content/Realistic_Starter_VFX_Pack_Vol2/Materials/M_Glow_C_Inst.uexp" 3984
"C:/Users/Administrator/Documents/GitHub/hands2/Content/Realistic_Starter_VFX_Pack_Vol2/Particles/Sparks/P_Sparks_D.uasset" 3985
"C:/Users/Administrator/Documents/GitHub/hands2/Content/Realistic_Starter_VFX_Pack_Vol2/Particles/Sparks/P_Sparks_D.uexp" 3986
"C:/Users/Administrator/Documents/GitHub/hands2/Content/maps/level3/c4750054101029d.ubulk" 3987
"C:/Users/Administrator/Documents/GitHub/hands2/Content/maps/level3/c4750054101029d.uasset" 3988
"C:/Users/Administrator/Documents/GitHub/hands2/Content/maps/level3/c4750054101029d.uexp" 3989
"C:/Users/Administrator/Documents/GitHub/hands2/Content/maps/level3/ELECTRONICS/2_ASSETS/HAIR_DRYER/HAIR_DRYER_01/T_hair_dryer_01_N.ubulk" 3990
"C:/Users/Administrator/Documents/GitHub/hands2/Content/maps/level3/ELECTRONICS/2_ASSETS/HAIR_DRYER/HAIR_DRYER_01/T_hair_dryer_01_N.uasset" 3991
"C:/Users/Administrator/Documents/GitHub/hands2/Content/maps/level3/ELECTRONICS/2_ASSETS/HAIR_DRYER/HAIR_DRYER_01/T_hair_dryer_01_N.uexp" 3992
"C:/Users/Administrator/Documents/GitHub/hands2/Content/maps/level3/ELECTRONICS/2_ASSETS/HAIR_DRYER/HAIR_DRYER_01/T_hair_dryer_01_D.ubulk" 3993
"C:/Users/Administrator/Documents/GitHub/hands2/Content/maps/level3/ELECTRONICS/2_ASSETS/HAIR_DRYER/HAIR_DRYER_01/T_hair_dryer_01_D.uasset" 3994
"C:/Users/Administrator/Documents/GitHub/hands2/Content/maps/level3/ELECTRONICS/2_ASSETS/HAIR_DRYER/HAIR_DRYER_01/T_hair_dryer_01_D.uexp" 3995
"C:/Users/Administrator/Documents/GitHub/hands2/Content/maps/level3/ELECTRONICS/2_ASSETS/HAIR_DRYER/HAIR_DRYER_01/T_hair_dryer_01_Mat.uasset" 3996
"C:/Users/Administrator/Documents/GitHub/hands2/Content/maps/level3/ELECTRONICS/2_ASSETS/HAIR_DRYER/HAIR_DRYER_01/T_hair_dryer_01_Mat.uexp" 3997
"C:/Users/Administrator/Documents/GitHub/hands2/Content/maps/level3/ELECTRONICS/2_ASSETS/HAIR_DRYER/HAIR_DRYER_01/SM_hair_dryer_01.ubulk" 3998
"C:/Users/Administrator/Documents/GitHub/hands2/Content/maps/level3/ELECTRONICS/2_ASSETS/HAIR_DRYER/HAIR_DRYER_01/SM_hair_dryer_01.uasset" 3999
"C:/Users/Administrator/Documents/GitHub/hands2/Content/maps/level3/ELECTRONICS/2_ASSETS/HAIR_DRYER/HAIR_DRYER_01/SM_hair_dryer_01.uexp" 4000
"C:/Users/Administrator/Documents/GitHub/hands2/Content/maps/level3/ELECTRONICS/2_ASSETS/HAIR_DRYER/HAIR_DRYER_01/BP_HairDryer.uasset" 4001
"C:/Users/Administrator/Documents/GitHub/hands2/Content/maps/level3/ELECTRONICS/2_ASSETS/HAIR_DRYER/HAIR_DRYER_01/BP_HairDryer.uexp" 4002
"C:/Users/Administrator/Documents/GitHub/hands2/Content/maps/level3/ELECTRONICS/ne-rabotaet-350x247.uasset" 4003
"C:/Users/Administrator/Documents/GitHub/hands2/Content/maps/level3/ELECTRONICS/ne-rabotaet-350x247.uexp" 4004
"C:/Users/Administrator/Documents/GitHub/hands2/Content/maps/level3/ELECTRONICS/ne-rabotaet-350x247_Mat.uasset" 4005
"C:/Users/Administrator/Documents/GitHub/hands2/Content/maps/level3/ELECTRONICS/ne-rabotaet-350x247_Mat.uexp" 4006
"C:/Users/Administrator/Documents/GitHub/hands2/Content/maps/level3/level3.uexp" 4007
"C:/Users/Administrator/Documents/GitHub/hands2/Content/maps/level3/level3.ubulk" 4008
"C:/Users/Administrator/Documents/GitHub/hands2/Content/maps/level3/level3.umap" 4009
"C:/Users/Administrator/Documents/GitHub/hands2/Content/BlackPlastic.uasset" 4010
"C:/Users/Administrator/Documents/GitHub/hands2/Content/BlackPlastic.uexp" 4011
"C:/Users/Administrator/Documents/GitHub/hands2/Content/WireBase.ubulk" 4012
"C:/Users/Administrator/Documents/GitHub/hands2/Content/WireBase.uasset" 4013
"C:/Users/Administrator/Documents/GitHub/hands2/Content/WireBase.uexp" 4014
"C:/Users/Administrator/Documents/GitHub/hands2/Content/RedButton.uasset" 4015
"C:/Users/Administrator/Documents/GitHub/hands2/Content/RedButton.uexp" 4016
"C:/Users/Administrator/Documents/GitHub/hands2/Content/SprayButton.ubulk" 4017
"C:/Users/Administrator/Documents/GitHub/hands2/Content/SprayButton.uasset" 4018
"C:/Users/Administrator/Documents/GitHub/hands2/Content/SprayButton.uexp" 4019
"C:/Users/Administrator/Documents/GitHub/hands2/Content/iron_albedo.ubulk" 4020
"C:/Users/Administrator/Documents/GitHub/hands2/Content/iron_albedo.uasset" 4021
"C:/Users/Administrator/Documents/GitHub/hands2/Content/iron_albedo.uexp" 4022
"C:/Users/Administrator/Documents/GitHub/hands2/Content/iron_albedo_Mat.uasset" 4023
"C:/Users/Administrator/Documents/GitHub/hands2/Content/iron_albedo_Mat.uexp" 4024
"C:/Users/Administrator/Documents/GitHub/hands2/Content/Iron.uasset" 4025
"C:/Users/Administrator/Documents/GitHub/hands2/Content/Iron.uexp" 4026
"C:/Users/Administrator/Documents/GitHub/hands2/Content/Iron1.ubulk" 4027
"C:/Users/Administrator/Documents/GitHub/hands2/Content/Iron1.uasset" 4028
"C:/Users/Administrator/Documents/GitHub/hands2/Content/Iron1.uexp" 4029
"C:/Users/Administrator/Documents/GitHub/hands2/Content/M5VFXVOL2/Niagara/Reference/Fireloop/2_Nbonefire3_pt.uasset" 4030
"C:/Users/Administrator/Documents/GitHub/hands2/Content/M5VFXVOL2/Niagara/Reference/Fireloop/2_Nbonefire3_pt.uexp" 4031
"C:/Users/Administrator/Documents/GitHub/hands2/Content/ironing_board_normal.ubulk" 4032
"C:/Users/Administrator/Documents/GitHub/hands2/Content/ironing_board_normal.uasset" 4033
"C:/Users/Administrator/Documents/GitHub/hands2/Content/ironing_board_normal.uexp" 4034
"C:/Users/Administrator/Documents/GitHub/hands2/Content/godot_material_preset.uasset" 4035
"C:/Users/Administrator/Documents/GitHub/hands2/Content/godot_material_preset.uexp" 4036
"C:/Users/Administrator/Documents/GitHub/hands2/Content/OffLeg.ubulk" 4037
"C:/Users/Administrator/Documents/GitHub/hands2/Content/OffLeg.uasset" 4038
"C:/Users/Administrator/Documents/GitHub/hands2/Content/OffLeg.uexp" 4039
"C:/Users/Administrator/Documents/GitHub/hands2/Content/MainLeg.ubulk" 4040
"C:/Users/Administrator/Documents/GitHub/hands2/Content/MainLeg.uasset" 4041
"C:/Users/Administrator/Documents/GitHub/hands2/Content/MainLeg.uexp" 4042
"C:/Users/Administrator/Documents/GitHub/hands2/Content/ironing_board_albedo.ubulk" 4043
"C:/Users/Administrator/Documents/GitHub/hands2/Content/ironing_board_albedo.uasset" 4044
"C:/Users/Administrator/Documents/GitHub/hands2/Content/ironing_board_albedo.uexp" 4045
"C:/Users/Administrator/Documents/GitHub/hands2/Content/ironing_board_albedo_Mat.uasset" 4046
"C:/Users/Administrator/Documents/GitHub/hands2/Content/ironing_board_albedo_Mat.uexp" 4047
"C:/Users/Administrator/Documents/GitHub/hands2/Content/Board.ubulk" 4048
"C:/Users/Administrator/Documents/GitHub/hands2/Content/Board.uasset" 4049
"C:/Users/Administrator/Documents/GitHub/hands2/Content/Board.uexp" 4050
"C:/Users/Administrator/Documents/GitHub/hands2/Content/BP_Board.uasset" 4051
"C:/Users/Administrator/Documents/GitHub/hands2/Content/BP_Board.uexp" 4052
"C:/Users/Administrator/Documents/GitHub/hands2/Content/BP_Iron1.uasset" 4053
"C:/Users/Administrator/Documents/GitHub/hands2/Content/BP_Iron1.uexp" 4054
"C:/Users/Administrator/Documents/GitHub/hands2/Content/Fab/AI_Village_House/ai_village_house/StaticMeshes/ai_village_house.ubulk" 4055
"C:/Users/Administrator/Documents/GitHub/hands2/Content/Fab/AI_Village_House/ai_village_house/StaticMeshes/ai_village_house.uasset" 4056
"C:/Users/Administrator/Documents/GitHub/hands2/Content/Fab/AI_Village_House/ai_village_house/StaticMeshes/ai_village_house.uexp" 4057
"C:/Users/Administrator/Documents/GitHub/hands2/Content/JapaneseFurniture_Modern/Materials/Textures/T_Wooden_Normal.ubulk" 4058
"C:/Users/Administrator/Documents/GitHub/hands2/Content/JapaneseFurniture_Modern/Materials/Textures/T_Wooden_Normal.uasset" 4059
"C:/Users/Administrator/Documents/GitHub/hands2/Content/JapaneseFurniture_Modern/Materials/Textures/T_Wooden_Normal.uexp" 4060
"C:/Users/Administrator/Documents/GitHub/hands2/Content/JapaneseFurniture_Modern/Materials/Textures/T_Wooden_Masks.ubulk" 4061
"C:/Users/Administrator/Documents/GitHub/hands2/Content/JapaneseFurniture_Modern/Materials/Textures/T_Wooden_Masks.uasset" 4062
"C:/Users/Administrator/Documents/GitHub/hands2/Content/JapaneseFurniture_Modern/Materials/Textures/T_Wooden_Masks.uexp" 4063
"C:/Users/Administrator/Documents/GitHub/hands2/Content/JapaneseFurniture_Modern/Materials/Textures/T_Wooden_Albedo.ubulk" 4064
"C:/Users/Administrator/Documents/GitHub/hands2/Content/JapaneseFurniture_Modern/Materials/Textures/T_Wooden_Albedo.uasset" 4065
"C:/Users/Administrator/Documents/GitHub/hands2/Content/JapaneseFurniture_Modern/Materials/Textures/T_Wooden_Albedo.uexp" 4066
"C:/Users/Administrator/Documents/GitHub/hands2/Content/JapaneseFurniture_Modern/Materials/Textures/T_Parquet_Roughness.ubulk" 4067
"C:/Users/Administrator/Documents/GitHub/hands2/Content/JapaneseFurniture_Modern/Materials/Textures/T_Parquet_Roughness.uasset" 4068
"C:/Users/Administrator/Documents/GitHub/hands2/Content/JapaneseFurniture_Modern/Materials/Textures/T_Parquet_Roughness.uexp" 4069
"C:/Users/Administrator/Documents/GitHub/hands2/Content/JapaneseFurniture_Modern/Materials/M_MasterSurface.uasset" 4070
"C:/Users/Administrator/Documents/GitHub/hands2/Content/JapaneseFurniture_Modern/Materials/M_MasterSurface.uexp" 4071
"C:/Users/Administrator/Documents/GitHub/hands2/Content/JapaneseFurniture_Modern/Materials/Wood/MI_Wood.uasset" 4072
"C:/Users/Administrator/Documents/GitHub/hands2/Content/JapaneseFurniture_Modern/Materials/Wood/MI_Wood.uexp" 4073
"C:/Users/Administrator/Documents/GitHub/hands2/Content/JapaneseFurniture_Modern/Materials/Wood/MI_Wood_Painted_White.uasset" 4074
"C:/Users/Administrator/Documents/GitHub/hands2/Content/JapaneseFurniture_Modern/Materials/Wood/MI_Wood_Painted_White.uexp" 4075
"C:/Users/Administrator/Documents/GitHub/hands2/Content/JapaneseFurniture_Modern/Assets/Bed/SM_Bed_01_100_Single.ubulk" 4076
"C:/Users/Administrator/Documents/GitHub/hands2/Content/JapaneseFurniture_Modern/Assets/Bed/SM_Bed_01_100_Single.uasset" 4077
"C:/Users/Administrator/Documents/GitHub/hands2/Content/JapaneseFurniture_Modern/Assets/Bed/SM_Bed_01_100_Single.uexp" 4078
"C:/Users/Administrator/Documents/GitHub/hands2/Content/JapaneseFurniture_Modern/Materials/Textures/T_Fabric_Normal.ubulk" 4079
"C:/Users/Administrator/Documents/GitHub/hands2/Content/JapaneseFurniture_Modern/Materials/Textures/T_Fabric_Normal.uasset" 4080
"C:/Users/Administrator/Documents/GitHub/hands2/Content/JapaneseFurniture_Modern/Materials/Textures/T_Fabric_Normal.uexp" 4081
"C:/Users/Administrator/Documents/GitHub/hands2/Content/JapaneseFurniture_Modern/Materials/Textures/T_Fabric_Masks.ubulk" 4082
"C:/Users/Administrator/Documents/GitHub/hands2/Content/JapaneseFurniture_Modern/Materials/Textures/T_Fabric_Masks.uasset" 4083
"C:/Users/Administrator/Documents/GitHub/hands2/Content/JapaneseFurniture_Modern/Materials/Textures/T_Fabric_Masks.uexp" 4084
"C:/Users/Administrator/Documents/GitHub/hands2/Content/JapaneseFurniture_Modern/Materials/Textures/T_Fabric_Albedo.ubulk" 4085
"C:/Users/Administrator/Documents/GitHub/hands2/Content/JapaneseFurniture_Modern/Materials/Textures/T_Fabric_Albedo.uasset" 4086
"C:/Users/Administrator/Documents/GitHub/hands2/Content/JapaneseFurniture_Modern/Materials/Textures/T_Fabric_Albedo.uexp" 4087
"C:/Users/Administrator/Documents/GitHub/hands2/Content/JapaneseFurniture_Modern/Materials/Fabric/MI_FabricWhite.uasset" 4088
"C:/Users/Administrator/Documents/GitHub/hands2/Content/JapaneseFurniture_Modern/Materials/Fabric/MI_FabricWhite.uexp" 4089
"C:/Users/Administrator/Documents/GitHub/hands2/Content/JapaneseFurniture_Modern/Assets/Bed/SM_Mattress_100.ubulk" 4090
"C:/Users/Administrator/Documents/GitHub/hands2/Content/JapaneseFurniture_Modern/Assets/Bed/SM_Mattress_100.uasset" 4091
"C:/Users/Administrator/Documents/GitHub/hands2/Content/JapaneseFurniture_Modern/Assets/Bed/SM_Mattress_100.uexp" 4092
"C:/Users/Administrator/Documents/GitHub/hands2/Content/JapaneseFurniture_Modern/Materials/Wood/MI_Wood_Dark.uasset" 4093
"C:/Users/Administrator/Documents/GitHub/hands2/Content/JapaneseFurniture_Modern/Materials/Wood/MI_Wood_Dark.uexp" 4094
"C:/Users/Administrator/Documents/GitHub/hands2/Content/JapaneseFurniture_Modern/Assets/KotatsuSet/SM_DiningKotatsu_01.ubulk" 4095
"C:/Users/Administrator/Documents/GitHub/hands2/Content/JapaneseFurniture_Modern/Assets/KotatsuSet/SM_DiningKotatsu_01.uasset" 4096
"C:/Users/Administrator/Documents/GitHub/hands2/Content/JapaneseFurniture_Modern/Assets/KotatsuSet/SM_DiningKotatsu_01.uexp" 4097
"C:/Users/Administrator/Documents/GitHub/hands2/Content/JapaneseFurniture_Modern/Materials/Fabric/MI_Fabric.uasset" 4098
"C:/Users/Administrator/Documents/GitHub/hands2/Content/JapaneseFurniture_Modern/Materials/Fabric/MI_Fabric.uexp" 4099
"C:/Users/Administrator/Documents/GitHub/hands2/Content/JapaneseFurniture_Modern/Assets/KotatsuSet/SM_KotatsuChair_01.ubulk" 4100
"C:/Users/Administrator/Documents/GitHub/hands2/Content/JapaneseFurniture_Modern/Assets/KotatsuSet/SM_KotatsuChair_01.uasset" 4101
"C:/Users/Administrator/Documents/GitHub/hands2/Content/JapaneseFurniture_Modern/Assets/KotatsuSet/SM_KotatsuChair_01.uexp" 4102
"C:/Users/Administrator/Documents/GitHub/hands2/Content/JapaneseFurniture_Modern/Materials/M_Generic.uasset" 4103
"C:/Users/Administrator/Documents/GitHub/hands2/Content/JapaneseFurniture_Modern/Materials/M_Generic.uexp" 4104
"C:/Users/Administrator/Documents/GitHub/hands2/Content/JapaneseFurniture_Modern/Materials/Surface/MI_Plastic.uasset" 4105
"C:/Users/Administrator/Documents/GitHub/hands2/Content/JapaneseFurniture_Modern/Materials/Surface/MI_Plastic.uexp" 4106
"../../../Engine/Content/Functions/Engine_MaterialFunctions02/Fresnel_Function.uasset" 4107
"../../../Engine/Content/Functions/Engine_MaterialFunctions02/Fresnel_Function.uexp" 4108
"C:/Users/Administrator/Documents/GitHub/hands2/Content/JapaneseFurniture_Modern/Materials/M_Glass.uasset" 4109
"C:/Users/Administrator/Documents/GitHub/hands2/Content/JapaneseFurniture_Modern/Materials/M_Glass.uexp" 4110
"C:/Users/Administrator/Documents/GitHub/hands2/Content/JapaneseFurniture_Modern/Materials/Surface/MI_OpaqueGlass.uasset" 4111
"C:/Users/Administrator/Documents/GitHub/hands2/Content/JapaneseFurniture_Modern/Materials/Surface/MI_OpaqueGlass.uexp" 4112
"C:/Users/Administrator/Documents/GitHub/hands2/Content/JapaneseFurniture_Modern/Materials/Surface/MI_Metal.uasset" 4113
"C:/Users/Administrator/Documents/GitHub/hands2/Content/JapaneseFurniture_Modern/Materials/Surface/MI_Metal.uexp" 4114
"C:/Users/Administrator/Documents/GitHub/hands2/Content/JapaneseFurniture_Modern/Assets/Light/SM_CeilingLight_01.ubulk" 4115
"C:/Users/Administrator/Documents/GitHub/hands2/Content/JapaneseFurniture_Modern/Assets/Light/SM_CeilingLight_01.uasset" 4116
"C:/Users/Administrator/Documents/GitHub/hands2/Content/JapaneseFurniture_Modern/Assets/Light/SM_CeilingLight_01.uexp" 4117
"C:/Users/Administrator/Documents/GitHub/hands2/Content/JapaneseFurniture_Modern/Materials/Fabric/MI_Fabric_Dense.uasset" 4118
"C:/Users/Administrator/Documents/GitHub/hands2/Content/JapaneseFurniture_Modern/Materials/Fabric/MI_Fabric_Dense.uexp" 4119
"C:/Users/Administrator/Documents/GitHub/hands2/Content/JapaneseFurniture_Modern/Assets/Light/SM_Floorlamp_01.ubulk" 4120
"C:/Users/Administrator/Documents/GitHub/hands2/Content/JapaneseFurniture_Modern/Assets/Light/SM_Floorlamp_01.uasset" 4121
"C:/Users/Administrator/Documents/GitHub/hands2/Content/JapaneseFurniture_Modern/Assets/Light/SM_Floorlamp_01.uexp" 4122
"C:/Users/Administrator/Documents/GitHub/hands2/Content/JapaneseFurniture_Modern/Materials/Wood/MI_Wood_Dark_Small.uasset" 4123
"C:/Users/Administrator/Documents/GitHub/hands2/Content/JapaneseFurniture_Modern/Materials/Wood/MI_Wood_Dark_Small.uexp" 4124
"C:/Users/Administrator/Documents/GitHub/hands2/Content/JapaneseFurniture_Modern/Materials/Surface/MI_Porcelain.uasset" 4125
"C:/Users/Administrator/Documents/GitHub/hands2/Content/JapaneseFurniture_Modern/Materials/Surface/MI_Porcelain.uexp" 4126
"C:/Users/Administrator/Documents/GitHub/hands2/Content/JapaneseFurniture_Modern/Assets/Props/SM_ChopstickStand.ubulk" 4127
"C:/Users/Administrator/Documents/GitHub/hands2/Content/JapaneseFurniture_Modern/Assets/Props/SM_ChopstickStand.uasset" 4128
"C:/Users/Administrator/Documents/GitHub/hands2/Content/JapaneseFurniture_Modern/Assets/Props/SM_ChopstickStand.uexp" 4129
"C:/Users/Administrator/Documents/GitHub/hands2/Content/JapaneseFurniture_Modern/Assets/Sofa/SM_Sofa_01_Narrow.ubulk" 4130
"C:/Users/Administrator/Documents/GitHub/hands2/Content/JapaneseFurniture_Modern/Assets/Sofa/SM_Sofa_01_Narrow.uasset" 4131
"C:/Users/Administrator/Documents/GitHub/hands2/Content/JapaneseFurniture_Modern/Assets/Sofa/SM_Sofa_01_Narrow.uexp" 4132
"C:/Users/Administrator/Documents/GitHub/hands2/Content/maps/level2/_GENERATED/Administrator/outlets_2_A93CEE8F.ubulk" 4133
"C:/Users/Administrator/Documents/GitHub/hands2/Content/maps/level2/_GENERATED/Administrator/outlets_2_A93CEE8F.uasset" 4134
"C:/Users/Administrator/Documents/GitHub/hands2/Content/maps/level2/_GENERATED/Administrator/outlets_2_A93CEE8F.uexp" 4135
"C:/Users/Administrator/Documents/GitHub/hands2/Content/maps/level2/level2.uexp" 4136
"C:/Users/Administrator/Documents/GitHub/hands2/Content/maps/level2/level2.ubulk" 4137
"C:/Users/Administrator/Documents/GitHub/hands2/Content/maps/level2/level2.umap" 4138
"C:/Users/Administrator/Documents/GitHub/hands2/Content/ModernKitchenClutterPack/Materials/ArchVis_Translucent/Masters/Glass_ArchVisMaster.uasset" 4139
"C:/Users/Administrator/Documents/GitHub/hands2/Content/ModernKitchenClutterPack/Materials/ArchVis_Translucent/Masters/Glass_ArchVisMaster.uexp" 4140
"C:/Users/Administrator/Documents/GitHub/hands2/Content/ModernKitchenClutterPack/Materials/ArchVis_Translucent/Instances/GlassLidsArchVis.uasset" 4141
"C:/Users/Administrator/Documents/GitHub/hands2/Content/ModernKitchenClutterPack/Materials/ArchVis_Translucent/Instances/GlassLidsArchVis.uexp" 4142
"C:/Users/Administrator/Documents/GitHub/hands2/Content/ModernKitchenClutterPack/Textures/Tileable/_2K_Metal27/Metal27_rgh.ubulk" 4143
"C:/Users/Administrator/Documents/GitHub/hands2/Content/ModernKitchenClutterPack/Textures/Tileable/_2K_Metal27/Metal27_rgh.uasset" 4144
"C:/Users/Administrator/Documents/GitHub/hands2/Content/ModernKitchenClutterPack/Textures/Tileable/_2K_Metal27/Metal27_rgh.uexp" 4145
"C:/Users/Administrator/Documents/GitHub/hands2/Content/ModernKitchenClutterPack/Textures/Tileable/_2K_Metal27/Metal27_nrm.ubulk" 4146
"C:/Users/Administrator/Documents/GitHub/hands2/Content/ModernKitchenClutterPack/Textures/Tileable/_2K_Metal27/Metal27_nrm.uasset" 4147
"C:/Users/Administrator/Documents/GitHub/hands2/Content/ModernKitchenClutterPack/Textures/Tileable/_2K_Metal27/Metal27_nrm.uexp" 4148
"C:/Users/Administrator/Documents/GitHub/hands2/Content/ModernKitchenClutterPack/Textures/Tileable/_2K_Metal27/Metal27_met.ubulk" 4149
"C:/Users/Administrator/Documents/GitHub/hands2/Content/ModernKitchenClutterPack/Textures/Tileable/_2K_Metal27/Metal27_met.uasset" 4150
"C:/Users/Administrator/Documents/GitHub/hands2/Content/ModernKitchenClutterPack/Textures/Tileable/_2K_Metal27/Metal27_met.uexp" 4151
"C:/Users/Administrator/Documents/GitHub/hands2/Content/ModernKitchenClutterPack/Textures/Tileable/_2K_Metal27/Metal27_col.ubulk" 4152
"C:/Users/Administrator/Documents/GitHub/hands2/Content/ModernKitchenClutterPack/Textures/Tileable/_2K_Metal27/Metal27_col.uasset" 4153
"C:/Users/Administrator/Documents/GitHub/hands2/Content/ModernKitchenClutterPack/Textures/Tileable/_2K_Metal27/Metal27_col.uexp" 4154
"../../../Engine/Content/Functions/Engine_MaterialFunctions03/Blends/Blend_Overlay.uasset" 4155
"../../../Engine/Content/Functions/Engine_MaterialFunctions03/Blends/Blend_Overlay.uexp" 4156
"C:/Users/Administrator/Documents/GitHub/hands2/Content/ModernKitchenClutterPack/Textures/Tileable/_2K_Brushed_Iron_01/Brushed_iron_01_2K_Roughness.ubulk" 4157
"C:/Users/Administrator/Documents/GitHub/hands2/Content/ModernKitchenClutterPack/Textures/Tileable/_2K_Brushed_Iron_01/Brushed_iron_01_2K_Roughness.uasset" 4158
"C:/Users/Administrator/Documents/GitHub/hands2/Content/ModernKitchenClutterPack/Textures/Tileable/_2K_Brushed_Iron_01/Brushed_iron_01_2K_Roughness.uexp" 4159
"C:/Users/Administrator/Documents/GitHub/hands2/Content/ModernKitchenClutterPack/Textures/Tileable/_2K_Brushed_Iron_01/Brushed_iron_01_2K_Normal.ubulk" 4160
"C:/Users/Administrator/Documents/GitHub/hands2/Content/ModernKitchenClutterPack/Textures/Tileable/_2K_Brushed_Iron_01/Brushed_iron_01_2K_Normal.uasset" 4161
"C:/Users/Administrator/Documents/GitHub/hands2/Content/ModernKitchenClutterPack/Textures/Tileable/_2K_Brushed_Iron_01/Brushed_iron_01_2K_Normal.uexp" 4162
"C:/Users/Administrator/Documents/GitHub/hands2/Content/ModernKitchenClutterPack/Textures/Tileable/_2K_Brushed_Iron_01/Brushed_iron_01_2K_Metallic.ubulk" 4163
"C:/Users/Administrator/Documents/GitHub/hands2/Content/ModernKitchenClutterPack/Textures/Tileable/_2K_Brushed_Iron_01/Brushed_iron_01_2K_Metallic.uasset" 4164
"C:/Users/Administrator/Documents/GitHub/hands2/Content/ModernKitchenClutterPack/Textures/Tileable/_2K_Brushed_Iron_01/Brushed_iron_01_2K_Metallic.uexp" 4165
"C:/Users/Administrator/Documents/GitHub/hands2/Content/ModernKitchenClutterPack/Textures/Tileable/_2K_Brushed_Iron_01/Brushed_iron_01_2K_Base_Color.ubulk" 4166
"C:/Users/Administrator/Documents/GitHub/hands2/Content/ModernKitchenClutterPack/Textures/Tileable/_2K_Brushed_Iron_01/Brushed_iron_01_2K_Base_Color.uasset" 4167
"C:/Users/Administrator/Documents/GitHub/hands2/Content/ModernKitchenClutterPack/Textures/Tileable/_2K_Brushed_Iron_01/Brushed_iron_01_2K_Base_Color.uexp" 4168
"C:/Users/Administrator/Documents/GitHub/hands2/Content/ModernKitchenClutterPack/Materials/GameReady/Masters/GenericMaterial.uasset" 4169
"C:/Users/Administrator/Documents/GitHub/hands2/Content/ModernKitchenClutterPack/Materials/GameReady/Masters/GenericMaterial.uexp" 4170
"C:/Users/Administrator/Documents/GitHub/hands2/Content/ModernKitchenClutterPack/Materials/GameReady/Instances/Metal_BlackRough.uasset" 4171
"C:/Users/Administrator/Documents/GitHub/hands2/Content/ModernKitchenClutterPack/Materials/GameReady/Instances/Metal_BlackRough.uexp" 4172
"C:/Users/Administrator/Documents/GitHub/hands2/Content/ModernKitchenClutterPack/Textures/Tileable/_2K_Old_Iron_01/Old_iron_01_2K_Roughness.ubulk" 4173
"C:/Users/Administrator/Documents/GitHub/hands2/Content/ModernKitchenClutterPack/Textures/Tileable/_2K_Old_Iron_01/Old_iron_01_2K_Roughness.uasset" 4174
"C:/Users/Administrator/Documents/GitHub/hands2/Content/ModernKitchenClutterPack/Textures/Tileable/_2K_Old_Iron_01/Old_iron_01_2K_Roughness.uexp" 4175
"C:/Users/Administrator/Documents/GitHub/hands2/Content/ModernKitchenClutterPack/Textures/Tileable/_2K_Metal29/Metal29_nrm.ubulk" 4176
"C:/Users/Administrator/Documents/GitHub/hands2/Content/ModernKitchenClutterPack/Textures/Tileable/_2K_Metal29/Metal29_nrm.uasset" 4177
"C:/Users/Administrator/Documents/GitHub/hands2/Content/ModernKitchenClutterPack/Textures/Tileable/_2K_Metal29/Metal29_nrm.uexp" 4178
"C:/Users/Administrator/Documents/GitHub/hands2/Content/ModernKitchenClutterPack/Textures/Tileable/_2K_Metal29/Metal29_met.ubulk" 4179
"C:/Users/Administrator/Documents/GitHub/hands2/Content/ModernKitchenClutterPack/Textures/Tileable/_2K_Metal29/Metal29_met.uasset" 4180
"C:/Users/Administrator/Documents/GitHub/hands2/Content/ModernKitchenClutterPack/Textures/Tileable/_2K_Metal29/Metal29_met.uexp" 4181
"C:/Users/Administrator/Documents/GitHub/hands2/Content/ModernKitchenClutterPack/Materials/GameReady/Instances/Metal_Simple.uasset" 4182
"C:/Users/Administrator/Documents/GitHub/hands2/Content/ModernKitchenClutterPack/Materials/GameReady/Instances/Metal_Simple.uexp" 4183
"C:/Users/Administrator/Documents/GitHub/hands2/Content/ModernKitchenClutterPack/Mesh/ArchVis/ArchVis_Meshes_Lid_03_HighPoly.ubulk" 4184
"C:/Users/Administrator/Documents/GitHub/hands2/Content/ModernKitchenClutterPack/Mesh/ArchVis/ArchVis_Meshes_Lid_03_HighPoly.uasset" 4185
"C:/Users/Administrator/Documents/GitHub/hands2/Content/ModernKitchenClutterPack/Mesh/ArchVis/ArchVis_Meshes_Lid_03_HighPoly.uexp" 4186
"C:/Users/Administrator/Documents/GitHub/hands2/Content/VRTemplate/Blueprints/Grabbable_SmallCube.uasset" 4187
"C:/Users/Administrator/Documents/GitHub/hands2/Content/VRTemplate/Blueprints/Grabbable_SmallCube.uexp" 4188
"C:/Users/Administrator/Documents/GitHub/hands2/Content/maps/level1/level1_BuiltData.ubulk" 4189
"C:/Users/Administrator/Documents/GitHub/hands2/Content/maps/level1/level1_BuiltData.uasset" 4190
"C:/Users/Administrator/Documents/GitHub/hands2/Content/maps/level1/level1_BuiltData.uexp" 4191
"C:/Users/Administrator/Documents/GitHub/hands2/Content/Fab/Wine_Bottle/wine_bottle/Textures/wine_bottle_texture_0.ubulk" 4192
"C:/Users/Administrator/Documents/GitHub/hands2/Content/Fab/Wine_Bottle/wine_bottle/Textures/wine_bottle_texture_0.uasset" 4193
"C:/Users/Administrator/Documents/GitHub/hands2/Content/Fab/Wine_Bottle/wine_bottle/Textures/wine_bottle_texture_0.uexp" 4194
"C:/Users/Administrator/Documents/GitHub/hands2/Content/Fab/Wine_Bottle/wine_bottle/Textures/wine_bottle_texture_1.ubulk" 4195
"C:/Users/Administrator/Documents/GitHub/hands2/Content/Fab/Wine_Bottle/wine_bottle/Textures/wine_bottle_texture_1.uasset" 4196
"C:/Users/Administrator/Documents/GitHub/hands2/Content/Fab/Wine_Bottle/wine_bottle/Textures/wine_bottle_texture_1.uexp" 4197
"C:/Users/Administrator/Documents/GitHub/hands2/Content/Fab/Wine_Bottle/wine_bottle/Textures/wine_bottle_texture_2.ubulk" 4198
"C:/Users/Administrator/Documents/GitHub/hands2/Content/Fab/Wine_Bottle/wine_bottle/Textures/wine_bottle_texture_2.uasset" 4199
"C:/Users/Administrator/Documents/GitHub/hands2/Content/Fab/Wine_Bottle/wine_bottle/Textures/wine_bottle_texture_2.uexp" 4200
"C:/Users/Administrator/Documents/GitHub/hands2/Content/Fab/Wine_Bottle/wine_bottle/Materials/Neck_MAT.uasset" 4201
"C:/Users/Administrator/Documents/GitHub/hands2/Content/Fab/Wine_Bottle/wine_bottle/Materials/Neck_MAT.uexp" 4202
"C:/Users/Administrator/Documents/GitHub/hands2/Content/Fab/Wine_Bottle/wine_bottle/Textures/wine_bottle_texture_3.ubulk" 4203
"C:/Users/Administrator/Documents/GitHub/hands2/Content/Fab/Wine_Bottle/wine_bottle/Textures/wine_bottle_texture_3.uasset" 4204
"C:/Users/Administrator/Documents/GitHub/hands2/Content/Fab/Wine_Bottle/wine_bottle/Textures/wine_bottle_texture_3.uexp" 4205
"C:/Users/Administrator/Documents/GitHub/hands2/Content/Fab/Wine_Bottle/wine_bottle/Textures/wine_bottle_texture_4.ubulk" 4206
"C:/Users/Administrator/Documents/GitHub/hands2/Content/Fab/Wine_Bottle/wine_bottle/Textures/wine_bottle_texture_4.uasset" 4207
"C:/Users/Administrator/Documents/GitHub/hands2/Content/Fab/Wine_Bottle/wine_bottle/Textures/wine_bottle_texture_4.uexp" 4208
"C:/Users/Administrator/Documents/GitHub/hands2/Content/Fab/Wine_Bottle/wine_bottle/Materials/Bottle_MAT.uasset" 4209
"C:/Users/Administrator/Documents/GitHub/hands2/Content/Fab/Wine_Bottle/wine_bottle/Materials/Bottle_MAT.uexp" 4210
"C:/Users/Administrator/Documents/GitHub/hands2/Content/Fab/Wine_Bottle/wine_bottle/StaticMeshes/wine_bottle.ubulk" 4211
"C:/Users/Administrator/Documents/GitHub/hands2/Content/Fab/Wine_Bottle/wine_bottle/StaticMeshes/wine_bottle.uasset" 4212
"C:/Users/Administrator/Documents/GitHub/hands2/Content/Fab/Wine_Bottle/wine_bottle/StaticMeshes/wine_bottle.uexp" 4213
"C:/Users/Administrator/Documents/GitHub/hands2/Content/Fab/Wine_Bottle/wine_bottle/StaticMeshes/NS_PouringOil.uasset" 4214
"C:/Users/Administrator/Documents/GitHub/hands2/Content/Fab/Wine_Bottle/wine_bottle/StaticMeshes/NS_PouringOil.uexp" 4215
"C:/Users/Administrator/Documents/GitHub/hands2/Content/Fab/Wine_Bottle/wine_bottle/bluprint/BP_botel.uasset" 4216
"C:/Users/Administrator/Documents/GitHub/hands2/Content/Fab/Wine_Bottle/wine_bottle/bluprint/BP_botel.uexp" 4217
"C:/Users/Administrator/Documents/GitHub/hands2/Content/maps/level1/level1.uexp" 4218
"C:/Users/Administrator/Documents/GitHub/hands2/Content/maps/level1/level1.ubulk" 4219
"C:/Users/Administrator/Documents/GitHub/hands2/Content/maps/level1/level1.umap" 4220
